source,type,id,name,delta,value,unit,record_source
jeantet-dufourq-2023,references,zenodo.7828148,license,1,https://creativecommons.org/licenses/by/4.0/,,
jeantet-dufourq-2023,references,zenodo.7828148,version,1,1,,
jeantet-dufourq-2023,references,zenodo.7828148,date_published,1,2023-04-14,,
jeantet-dufourq-2023,references,zenodo.7828148,concept_doi,1,10.5281/zenodo.7828147,,
jeantet-dufourq-2023,annomate,zenodo.7828148-v1-100991-1,svl_label,1,"Paridae_Saxicola_rubetra,8",,
jeantet-dufourq-2023,annomate,zenodo.7828148-v1-100991-2,svl_label,1,"Paridae_Saxicola_rubetra,8",,
jeantet-dufourq-2023,annomate,zenodo.7828148-v1-100991-3,svl_label,1,"Paridae_Saxicola_rubetra,8",,
jeantet-dufourq-2023,annomate,zenodo.7828148-v1-100991-4,svl_label,1,"Paridae_Saxicola_rubetra,8",,
jeantet-dufourq-2023,annomate,zenodo.7828148-v1-100991-5,svl_label,1,"Paridae_Saxicola_rubetra,8",,
jeantet-dufourq-2023,annomate,zenodo.7828148-v1-100991-6,svl_label,1,"Paridae_Saxicola_rubetra,8",,
jeantet-dufourq-2023,annomate,zenodo.7828148-v1-100991-7,svl_label,1,"Paridae_Saxicola_rubetra,8",,
jeantet-dufourq-2023,annomate,zenodo.7828148-v1-100991-8,svl_label,1,"Paridae_Saxicola_rubetra,8",,
jeantet-dufourq-2023,annomate,zenodo.7828148-v1-100991-9,svl_label,1,"Paridae_Saxicola_rubetra,8",,
jeantet-dufourq-2023,annomate,zenodo.7828148-v1-100991-10,svl_label,1,"Paridae_Saxicola_rubetra,8",,
jeantet-dufourq-2023,annomate,zenodo.7828148-v1-100991-11,svl_label,1,"Paridae_Saxicola_rubetra,8",,
jeantet-dufourq-2023,annomate,zenodo.7828148-v1-100991-12,svl_label,1,"Paridae_Saxicola_rubetra,8",,
jeantet-dufourq-2023,annomate,zenodo.7828148-v1-100991-13,svl_label,1,"Paridae_Saxicola_rubetra,8",,
jeantet-dufourq-2023,annomate,zenodo.7828148-v1-100991-14,svl_label,1,"Paridae_Saxicola_rubetra,8",,
jeantet-dufourq-2023,annomate,zenodo.7828148-v1-100991-15,svl_label,1,"Paridae_Saxicola_rubetra,8",,
jeantet-dufourq-2023,annomate,zenodo.7828148-v1-100991-16,svl_label,1,"Paridae_Saxicola_rubetra,8",,
jeantet-dufourq-2023,annomate,zenodo.7828148-v1-100991-17,svl_label,1,"Paridae_Saxicola_rubetra,8",,
jeantet-dufourq-2023,annomate,zenodo.7828148-v1-100991-18,svl_label,1,"Paridae_Saxicola_rubetra,8",,
jeantet-dufourq-2023,annomate,zenodo.7828148-v1-100991-19,svl_label,1,"Paridae_Saxicola_rubetra,8",,
jeantet-dufourq-2023,annomate,zenodo.7828148-v1-100991-20,svl_label,1,"Paridae_Saxicola_rubetra,8",,
jeantet-dufourq-2023,annomate,zenodo.7828148-v1-100991-21,svl_label,1,"Paridae_Saxicola_rubetra,8",,
jeantet-dufourq-2023,annomate,zenodo.7828148-v1-100991-22,svl_label,1,"Paridae_Saxicola_rubetra,8",,
jeantet-dufourq-2023,annomate,zenodo.7828148-v1-100991-23,svl_label,1,"Paridae_Saxicola_rubetra,8",,
jeantet-dufourq-2023,annomate,zenodo.7828148-v1-100991-24,svl_label,1,"Paridae_Saxicola_rubetra,8",,
jeantet-dufourq-2023,annomate,zenodo.7828148-v1-100991-25,svl_label,1,"Paridae_Saxicola_rubetra,8",,
jeantet-dufourq-2023,annomate,zenodo.7828148-v1-100991-26,svl_label,1,"Paridae_Saxicola_rubetra,8",,
jeantet-dufourq-2023,annomate,zenodo.7828148-v1-100991-27,svl_label,1,"Paridae_Saxicola_rubetra,8",,
jeantet-dufourq-2023,annomate,zenodo.7828148-v1-100991-28,svl_label,1,"Paridae_Saxicola_rubetra,8",,
jeantet-dufourq-2023,annomate,zenodo.7828148-v1-100991-29,svl_label,1,"Paridae_Saxicola_rubetra,8",,
jeantet-dufourq-2023,annomate,zenodo.7828148-v1-100991-30,svl_label,1,"Paridae_Saxicola_rubetra,8",,
jeantet-dufourq-2023,annomate,zenodo.7828148-v1-100991-31,svl_label,1,"Paridae_Saxicola_rubetra,8",,
jeantet-dufourq-2023,annomate,zenodo.7828148-v1-100991-32,svl_label,1,"Paridae_Saxicola_rubetra,8",,
jeantet-dufourq-2023,annomate,zenodo.7828148-v1-100991-33,svl_label,1,"Paridae_Saxicola_rubetra,8",,
jeantet-dufourq-2023,annomate,zenodo.7828148-v1-100991-34,svl_label,1,"Paridae_Saxicola_rubetra,8",,
jeantet-dufourq-2023,annomate,zenodo.7828148-v1-100991-35,svl_label,1,"Paridae_Saxicola_rubetra,8",,
jeantet-dufourq-2023,annomate,zenodo.7828148-v1-100991-36,svl_label,1,"Paridae_Saxicola_rubetra,8",,
jeantet-dufourq-2023,annomate,zenodo.7828148-v1-100991-37,svl_label,1,"Paridae_Saxicola_rubetra,8",,
jeantet-dufourq-2023,annomate,zenodo.7828148-v1-100991-38,svl_label,1,"Paridae_Saxicola_rubetra,8",,
jeantet-dufourq-2023,annomate,zenodo.7828148-v1-100991-39,svl_label,1,"Paridae_Saxicola_rubetra,8",,
jeantet-dufourq-2023,annomate,zenodo.7828148-v1-100991-40,svl_label,1,"Paridae_Saxicola_rubetra,8",,
jeantet-dufourq-2023,annomate,zenodo.7828148-v1-100991-41,svl_label,1,"Paridae_Saxicola_rubetra,8",,
jeantet-dufourq-2023,annomate,zenodo.7828148-v1-101401-1,svl_label,1,"Turdidae_Catharus_aurantiirostris,9",,
jeantet-dufourq-2023,annomate,zenodo.7828148-v1-101401-2,svl_label,1,"Turdidae_Catharus_aurantiirostris,9",,
jeantet-dufourq-2023,annomate,zenodo.7828148-v1-101401-3,svl_label,1,"Turdidae_Catharus_aurantiirostris,9",,
jeantet-dufourq-2023,annomate,zenodo.7828148-v1-101401-4,svl_label,1,"Turdidae_Catharus_aurantiirostris,9",,
jeantet-dufourq-2023,annomate,zenodo.7828148-v1-101688-1,svl_label,1,"Turdidae_Catharus_fuscater,9",,
jeantet-dufourq-2023,annomate,zenodo.7828148-v1-101688-2,svl_label,1,"Turdidae_Catharus_fuscater,9",,
jeantet-dufourq-2023,annomate,zenodo.7828148-v1-101688-3,svl_label,1,"Turdidae_Catharus_fuscater,9",,
jeantet-dufourq-2023,annomate,zenodo.7828148-v1-101688-4,svl_label,1,"Turdidae_Catharus_fuscater,9",,
jeantet-dufourq-2023,annomate,zenodo.7828148-v1-101688-5,svl_label,1,"Turdidae_Catharus_fuscater,9",,
jeantet-dufourq-2023,annomate,zenodo.7828148-v1-101688-6,svl_label,1,"Turdidae_Catharus_fuscater,9",,
jeantet-dufourq-2023,annomate,zenodo.7828148-v1-101688-7,svl_label,1,"Turdidae_Catharus_fuscater,9",,
jeantet-dufourq-2023,annomate,zenodo.7828148-v1-101688-8,svl_label,1,"Turdidae_Catharus_fuscater,9",,
jeantet-dufourq-2023,annomate,zenodo.7828148-v1-101875-1,svl_label,1,"Turdidae_Catharus_aurantiirostris,9",,
jeantet-dufourq-2023,annomate,zenodo.7828148-v1-101875-2,svl_label,1,"Turdidae_Catharus_aurantiirostris,9",,
jeantet-dufourq-2023,annomate,zenodo.7828148-v1-101875-3,svl_label,1,"Turdidae_Catharus_aurantiirostris,9",,
jeantet-dufourq-2023,annomate,zenodo.7828148-v1-101875-4,svl_label,1,"Turdidae_Catharus_aurantiirostris,9",,
jeantet-dufourq-2023,annomate,zenodo.7828148-v1-101875-5,svl_label,1,"Turdidae_Catharus_aurantiirostris,9",,
jeantet-dufourq-2023,annomate,zenodo.7828148-v1-101875-6,svl_label,1,"Turdidae_Catharus_aurantiirostris,9",,
jeantet-dufourq-2023,annomate,zenodo.7828148-v1-101875-7,svl_label,1,"Turdidae_Catharus_aurantiirostris,9",,
jeantet-dufourq-2023,annomate,zenodo.7828148-v1-101875-8,svl_label,1,"Turdidae_Catharus_aurantiirostris,9",,
jeantet-dufourq-2023,annomate,zenodo.7828148-v1-101875-9,svl_label,1,"Turdidae_Catharus_aurantiirostris,9",,
jeantet-dufourq-2023,annomate,zenodo.7828148-v1-101875-10,svl_label,1,"Turdidae_Catharus_aurantiirostris,9",,
jeantet-dufourq-2023,annomate,zenodo.7828148-v1-101875-11,svl_label,1,"Turdidae_Catharus_aurantiirostris,9",,
jeantet-dufourq-2023,annomate,zenodo.7828148-v1-101875-12,svl_label,1,"Turdidae_Catharus_aurantiirostris,9",,
jeantet-dufourq-2023,annomate,zenodo.7828148-v1-101875-13,svl_label,1,"Turdidae_Catharus_aurantiirostris,9",,
jeantet-dufourq-2023,annomate,zenodo.7828148-v1-101875-14,svl_label,1,"Turdidae_Catharus_aurantiirostris,9",,
jeantet-dufourq-2023,annomate,zenodo.7828148-v1-102001-1,svl_label,1,"Paridae_Saxicola_rubetra,9",,
jeantet-dufourq-2023,annomate,zenodo.7828148-v1-102001-2,svl_label,1,"Paridae_Saxicola_rubetra,9",,
jeantet-dufourq-2023,annomate,zenodo.7828148-v1-102001-3,svl_label,1,"Paridae_Saxicola_rubetra,9",,
jeantet-dufourq-2023,annomate,zenodo.7828148-v1-102001-4,svl_label,1,"Paridae_Saxicola_rubetra,9",,
jeantet-dufourq-2023,annomate,zenodo.7828148-v1-102001-5,svl_label,1,"Paridae_Saxicola_rubetra,9",,
jeantet-dufourq-2023,annomate,zenodo.7828148-v1-102001-6,svl_label,1,"Paridae_Saxicola_rubetra,9",,
jeantet-dufourq-2023,annomate,zenodo.7828148-v1-102001-7,svl_label,1,"Paridae_Saxicola_rubetra,9",,
jeantet-dufourq-2023,annomate,zenodo.7828148-v1-102001-8,svl_label,1,"Paridae_Saxicola_rubetra,9",,
jeantet-dufourq-2023,annomate,zenodo.7828148-v1-102001-9,svl_label,1,"Paridae_Saxicola_rubetra,9",,
jeantet-dufourq-2023,annomate,zenodo.7828148-v1-102001-10,svl_label,1,"Paridae_Saxicola_rubetra,9",,
jeantet-dufourq-2023,annomate,zenodo.7828148-v1-102001-11,svl_label,1,"Paridae_Saxicola_rubetra,9",,
jeantet-dufourq-2023,annomate,zenodo.7828148-v1-102001-12,svl_label,1,"Paridae_Saxicola_rubetra,9",,
jeantet-dufourq-2023,annomate,zenodo.7828148-v1-102001-13,svl_label,1,"Paridae_Saxicola_rubetra,9",,
jeantet-dufourq-2023,annomate,zenodo.7828148-v1-102241-1,svl_label,1,"Paridae_Saxicola_rubicola,7",,
jeantet-dufourq-2023,annomate,zenodo.7828148-v1-102241-2,svl_label,1,"Paridae_Saxicola_rubicola,7",,
jeantet-dufourq-2023,annomate,zenodo.7828148-v1-102241-3,svl_label,1,"Paridae_Saxicola_rubicola,7",,
jeantet-dufourq-2023,annomate,zenodo.7828148-v1-102241-4,svl_label,1,"Paridae_Saxicola_rubicola,7",,
jeantet-dufourq-2023,annomate,zenodo.7828148-v1-102241-5,svl_label,1,"Paridae_Saxicola_rubicola,7",,
jeantet-dufourq-2023,annomate,zenodo.7828148-v1-102241-6,svl_label,1,"Paridae_Saxicola_rubicola,7",,
jeantet-dufourq-2023,annomate,zenodo.7828148-v1-102241-7,svl_label,1,"Paridae_Saxicola_rubicola,7",,
jeantet-dufourq-2023,annomate,zenodo.7828148-v1-102241-8,svl_label,1,"Paridae_Saxicola_rubicola,7",,
jeantet-dufourq-2023,annomate,zenodo.7828148-v1-102241-9,svl_label,1,"Paridae_Saxicola_rubicola,7",,
jeantet-dufourq-2023,annomate,zenodo.7828148-v1-102241-10,svl_label,1,"Paridae_Saxicola_rubicola,7",,
jeantet-dufourq-2023,annomate,zenodo.7828148-v1-102241-11,svl_label,1,"Paridae_Saxicola_rubicola,7",,
jeantet-dufourq-2023,annomate,zenodo.7828148-v1-102241-12,svl_label,1,"Paridae_Saxicola_rubicola,7",,
jeantet-dufourq-2023,annomate,zenodo.7828148-v1-102241-13,svl_label,1,"Paridae_Saxicola_rubicola,7",,
jeantet-dufourq-2023,annomate,zenodo.7828148-v1-102241-14,svl_label,1,"Paridae_Saxicola_rubicola,7",,
jeantet-dufourq-2023,annomate,zenodo.7828148-v1-102241-15,svl_label,1,"Paridae_Saxicola_rubicola,7",,
jeantet-dufourq-2023,annomate,zenodo.7828148-v1-102241-16,svl_label,1,"Paridae_Saxicola_rubicola,7",,
jeantet-dufourq-2023,annomate,zenodo.7828148-v1-102241-17,svl_label,1,"Paridae_Saxicola_rubicola,7",,
jeantet-dufourq-2023,annomate,zenodo.7828148-v1-102241-18,svl_label,1,"Paridae_Saxicola_rubicola,7",,
jeantet-dufourq-2023,annomate,zenodo.7828148-v1-102241-19,svl_label,1,"Paridae_Saxicola_rubicola,7",,
jeantet-dufourq-2023,annomate,zenodo.7828148-v1-102241-20,svl_label,1,"Paridae_Saxicola_rubicola,7",,
jeantet-dufourq-2023,annomate,zenodo.7828148-v1-102241-21,svl_label,1,"Paridae_Saxicola_rubicola,7",,
jeantet-dufourq-2023,annomate,zenodo.7828148-v1-102241-22,svl_label,1,"Paridae_Saxicola_rubicola,7",,
jeantet-dufourq-2023,annomate,zenodo.7828148-v1-102241-23,svl_label,1,"Paridae_Saxicola_rubicola,7",,
jeantet-dufourq-2023,annomate,zenodo.7828148-v1-102531-1,svl_label,1,"Turdidae_Catharus_aurantiirostris,8",,
jeantet-dufourq-2023,annomate,zenodo.7828148-v1-102531-2,svl_label,1,"Turdidae_Catharus_aurantiirostris,8",,
jeantet-dufourq-2023,annomate,zenodo.7828148-v1-102531-3,svl_label,1,"Turdidae_Catharus_aurantiirostris,8",,
jeantet-dufourq-2023,annomate,zenodo.7828148-v1-102531-4,svl_label,1,"Turdidae_Catharus_aurantiirostris,8",,
jeantet-dufourq-2023,annomate,zenodo.7828148-v1-102531-5,svl_label,1,"Turdidae_Catharus_aurantiirostris,8",,
jeantet-dufourq-2023,annomate,zenodo.7828148-v1-102531-6,svl_label,1,"Turdidae_Catharus_aurantiirostris,8",,
jeantet-dufourq-2023,annomate,zenodo.7828148-v1-102531-7,svl_label,1,"Turdidae_Catharus_aurantiirostris,8",,
jeantet-dufourq-2023,annomate,zenodo.7828148-v1-102531-8,svl_label,1,"Turdidae_Catharus_aurantiirostris,8",,
jeantet-dufourq-2023,annomate,zenodo.7828148-v1-102531-9,svl_label,1,"Turdidae_Catharus_aurantiirostris,8",,
jeantet-dufourq-2023,annomate,zenodo.7828148-v1-102531-10,svl_label,1,"Turdidae_Catharus_aurantiirostris,8",,
jeantet-dufourq-2023,annomate,zenodo.7828148-v1-102531-11,svl_label,1,"Turdidae_Catharus_aurantiirostris,8",,
jeantet-dufourq-2023,annomate,zenodo.7828148-v1-102531-12,svl_label,1,"Turdidae_Catharus_aurantiirostris,8",,
jeantet-dufourq-2023,annomate,zenodo.7828148-v1-102531-13,svl_label,1,"Turdidae_Catharus_aurantiirostris,8",,
jeantet-dufourq-2023,annomate,zenodo.7828148-v1-102531-14,svl_label,1,"Turdidae_Catharus_aurantiirostris,8",,
jeantet-dufourq-2023,annomate,zenodo.7828148-v1-102531-15,svl_label,1,"Turdidae_Catharus_aurantiirostris,8",,
jeantet-dufourq-2023,annomate,zenodo.7828148-v1-102531-16,svl_label,1,"Turdidae_Catharus_aurantiirostris,8",,
jeantet-dufourq-2023,annomate,zenodo.7828148-v1-102531-17,svl_label,1,"Turdidae_Catharus_aurantiirostris,8",,
jeantet-dufourq-2023,annomate,zenodo.7828148-v1-102834-1,svl_label,1,"Paridae_Hypocnemis_cantator,8",,
jeantet-dufourq-2023,annomate,zenodo.7828148-v1-102834-2,svl_label,1,"Paridae_Hypocnemis_cantator,8",,
jeantet-dufourq-2023,annomate,zenodo.7828148-v1-103357-1,svl_label,1,"Turdidae_Catharus_fuscescens,9",,
jeantet-dufourq-2023,annomate,zenodo.7828148-v1-103357-2,svl_label,1,"Turdidae_Catharus_fuscescens,9",,
jeantet-dufourq-2023,annomate,zenodo.7828148-v1-103357-3,svl_label,1,"Turdidae_Catharus_fuscescens,9",,
jeantet-dufourq-2023,annomate,zenodo.7828148-v1-103357-4,svl_label,1,"Turdidae_Catharus_fuscescens,9",,
jeantet-dufourq-2023,annomate,zenodo.7828148-v1-103544-1,svl_label,1,"Paridae_Saxicola_rubetra,9",,
jeantet-dufourq-2023,annomate,zenodo.7828148-v1-103544-2,svl_label,1,"Paridae_Saxicola_rubetra,9",,
jeantet-dufourq-2023,annomate,zenodo.7828148-v1-103544-3,svl_label,1,"Paridae_Saxicola_rubetra,9",,
jeantet-dufourq-2023,annomate,zenodo.7828148-v1-103544-4,svl_label,1,"Paridae_Saxicola_rubetra,9",,
jeantet-dufourq-2023,annomate,zenodo.7828148-v1-103544-5,svl_label,1,"Paridae_Saxicola_rubetra,9",,
jeantet-dufourq-2023,annomate,zenodo.7828148-v1-103544-6,svl_label,1,"Paridae_Saxicola_rubetra,9",,
jeantet-dufourq-2023,annomate,zenodo.7828148-v1-103544-7,svl_label,1,"Paridae_Saxicola_rubetra,9",,
jeantet-dufourq-2023,annomate,zenodo.7828148-v1-103544-8,svl_label,1,"Paridae_Saxicola_rubetra,9",,
jeantet-dufourq-2023,annomate,zenodo.7828148-v1-103544-9,svl_label,1,"Paridae_Saxicola_rubetra,9",,
jeantet-dufourq-2023,annomate,zenodo.7828148-v1-103544-10,svl_label,1,"Paridae_Saxicola_rubetra,9",,
jeantet-dufourq-2023,annomate,zenodo.7828148-v1-103544-11,svl_label,1,"Paridae_Saxicola_rubetra,9",,
jeantet-dufourq-2023,annomate,zenodo.7828148-v1-103544-12,svl_label,1,"Paridae_Saxicola_rubetra,9",,
jeantet-dufourq-2023,annomate,zenodo.7828148-v1-103544-13,svl_label,1,"Paridae_Saxicola_rubetra,9",,
jeantet-dufourq-2023,annomate,zenodo.7828148-v1-103544-14,svl_label,1,"Paridae_Saxicola_rubetra,9",,
jeantet-dufourq-2023,annomate,zenodo.7828148-v1-103544-15,svl_label,1,"Paridae_Saxicola_rubetra,9",,
jeantet-dufourq-2023,annomate,zenodo.7828148-v1-103776-1,svl_label,1,"Fringillidae_Serinus_serinus,8",,
jeantet-dufourq-2023,annomate,zenodo.7828148-v1-103776-2,svl_label,1,"Fringillidae_Serinus_serinus,8",,
jeantet-dufourq-2023,annomate,zenodo.7828148-v1-103776-3,svl_label,1,"Fringillidae_Serinus_serinus,8",,
jeantet-dufourq-2023,annomate,zenodo.7828148-v1-103776-4,svl_label,1,"Fringillidae_Serinus_serinus,8",,
jeantet-dufourq-2023,annomate,zenodo.7828148-v1-103776-5,svl_label,1,"Fringillidae_Serinus_serinus,8",,
jeantet-dufourq-2023,annomate,zenodo.7828148-v1-103776-6,svl_label,1,"Fringillidae_Serinus_serinus,8",,
jeantet-dufourq-2023,annomate,zenodo.7828148-v1-103776-7,svl_label,1,"Fringillidae_Serinus_serinus,8",,
jeantet-dufourq-2023,annomate,zenodo.7828148-v1-103776-8,svl_label,1,"Fringillidae_Serinus_serinus,8",,
jeantet-dufourq-2023,annomate,zenodo.7828148-v1-103776-9,svl_label,1,"Fringillidae_Serinus_serinus,8",,
jeantet-dufourq-2023,annomate,zenodo.7828148-v1-103776-10,svl_label,1,"Fringillidae_Serinus_serinus,8",,
jeantet-dufourq-2023,annomate,zenodo.7828148-v1-103776-11,svl_label,1,"Fringillidae_Serinus_serinus,8",,
jeantet-dufourq-2023,annomate,zenodo.7828148-v1-103776-12,svl_label,1,"Fringillidae_Serinus_serinus,8",,
jeantet-dufourq-2023,annomate,zenodo.7828148-v1-103776-13,svl_label,1,"Fringillidae_Serinus_serinus,8",,
jeantet-dufourq-2023,annomate,zenodo.7828148-v1-103776-14,svl_label,1,"Fringillidae_Serinus_serinus,8",,
jeantet-dufourq-2023,annomate,zenodo.7828148-v1-103776-15,svl_label,1,"Fringillidae_Serinus_serinus,8",,
jeantet-dufourq-2023,annomate,zenodo.7828148-v1-103776-16,svl_label,1,"Fringillidae_Serinus_serinus,8",,
jeantet-dufourq-2023,annomate,zenodo.7828148-v1-103776-17,svl_label,1,"Fringillidae_Serinus_serinus,8",,
jeantet-dufourq-2023,annomate,zenodo.7828148-v1-103776-18,svl_label,1,"Fringillidae_Serinus_serinus,8",,
jeantet-dufourq-2023,annomate,zenodo.7828148-v1-103776-19,svl_label,1,"Fringillidae_Serinus_serinus,8",,
jeantet-dufourq-2023,annomate,zenodo.7828148-v1-103776-20,svl_label,1,"Fringillidae_Serinus_serinus,8",,
jeantet-dufourq-2023,annomate,zenodo.7828148-v1-103776-21,svl_label,1,"Fringillidae_Serinus_serinus,8",,
jeantet-dufourq-2023,annomate,zenodo.7828148-v1-103776-22,svl_label,1,"Fringillidae_Serinus_serinus,8",,
jeantet-dufourq-2023,annomate,zenodo.7828148-v1-103776-23,svl_label,1,"Fringillidae_Serinus_serinus,8",,
jeantet-dufourq-2023,annomate,zenodo.7828148-v1-103776-24,svl_label,1,"Fringillidae_Serinus_serinus,8",,
jeantet-dufourq-2023,annomate,zenodo.7828148-v1-103776-25,svl_label,1,"Fringillidae_Serinus_serinus,8",,
jeantet-dufourq-2023,annomate,zenodo.7828148-v1-103796-1,svl_label,1,"Fringillidae_Serinus_serinus, 10",,
jeantet-dufourq-2023,annomate,zenodo.7828148-v1-103796-2,svl_label,1,"Fringillidae_Serinus_serinus, 10",,
jeantet-dufourq-2023,annomate,zenodo.7828148-v1-103854-1,svl_label,1,"Fringillidae_Serinus_serinus,9",,
jeantet-dufourq-2023,annomate,zenodo.7828148-v1-103854-2,svl_label,1,"Fringillidae_Serinus_serinus,9",,
jeantet-dufourq-2023,annomate,zenodo.7828148-v1-103854-3,svl_label,1,"Fringillidae_Serinus_serinus,9",,
jeantet-dufourq-2023,annomate,zenodo.7828148-v1-103854-4,svl_label,1,"Fringillidae_Serinus_serinus,9",,
jeantet-dufourq-2023,annomate,zenodo.7828148-v1-103854-5,svl_label,1,"Fringillidae_Serinus_serinus,9",,
jeantet-dufourq-2023,annomate,zenodo.7828148-v1-103854-6,svl_label,1,"Fringillidae_Serinus_serinus,9",,
jeantet-dufourq-2023,annomate,zenodo.7828148-v1-103854-7,svl_label,1,"Fringillidae_Serinus_serinus,9",,
jeantet-dufourq-2023,annomate,zenodo.7828148-v1-103854-8,svl_label,1,"Fringillidae_Serinus_serinus,9",,
jeantet-dufourq-2023,annomate,zenodo.7828148-v1-103854-9,svl_label,1,"Fringillidae_Serinus_serinus,9",,
jeantet-dufourq-2023,annomate,zenodo.7828148-v1-103854-10,svl_label,1,"Fringillidae_Serinus_serinus,9",,
jeantet-dufourq-2023,annomate,zenodo.7828148-v1-103854-11,svl_label,1,"Fringillidae_Serinus_serinus,9",,
jeantet-dufourq-2023,annomate,zenodo.7828148-v1-103854-12,svl_label,1,"Fringillidae_Serinus_serinus,9",,
jeantet-dufourq-2023,annomate,zenodo.7828148-v1-103854-13,svl_label,1,"Fringillidae_Serinus_serinus,9",,
jeantet-dufourq-2023,annomate,zenodo.7828148-v1-103854-14,svl_label,1,"Fringillidae_Serinus_serinus,9",,
jeantet-dufourq-2023,annomate,zenodo.7828148-v1-103854-15,svl_label,1,"Fringillidae_Serinus_serinus,9",,
jeantet-dufourq-2023,annomate,zenodo.7828148-v1-103854-16,svl_label,1,"Fringillidae_Serinus_serinus,9",,
jeantet-dufourq-2023,annomate,zenodo.7828148-v1-103854-17,svl_label,1,"Fringillidae_Serinus_serinus,9",,
jeantet-dufourq-2023,annomate,zenodo.7828148-v1-103855-1,svl_label,1,"Fringillidae_Serinus_serinus,9",,
jeantet-dufourq-2023,annomate,zenodo.7828148-v1-103855-2,svl_label,1,"Fringillidae_Serinus_serinus,9",,
jeantet-dufourq-2023,annomate,zenodo.7828148-v1-103855-3,svl_label,1,"Fringillidae_Serinus_serinus,9",,
jeantet-dufourq-2023,annomate,zenodo.7828148-v1-103855-4,svl_label,1,"Fringillidae_Serinus_serinus,9",,
jeantet-dufourq-2023,annomate,zenodo.7828148-v1-103855-5,svl_label,1,"Fringillidae_Serinus_serinus,9",,
jeantet-dufourq-2023,annomate,zenodo.7828148-v1-103855-6,svl_label,1,"Fringillidae_Serinus_serinus,9",,
jeantet-dufourq-2023,annomate,zenodo.7828148-v1-103855-7,svl_label,1,"Fringillidae_Serinus_serinus,9",,
jeantet-dufourq-2023,annomate,zenodo.7828148-v1-103855-8,svl_label,1,"Fringillidae_Serinus_serinus,9",,
jeantet-dufourq-2023,annomate,zenodo.7828148-v1-103855-9,svl_label,1,"Fringillidae_Serinus_serinus,9",,
jeantet-dufourq-2023,annomate,zenodo.7828148-v1-103855-10,svl_label,1,"Fringillidae_Serinus_serinus,9",,
jeantet-dufourq-2023,annomate,zenodo.7828148-v1-103855-11,svl_label,1,"Fringillidae_Serinus_serinus,8",,
jeantet-dufourq-2023,annomate,zenodo.7828148-v1-103884-1,svl_label,1,"Troglodytidae_Troglodytes_hiemalis,9",,
jeantet-dufourq-2023,annomate,zenodo.7828148-v1-103884-2,svl_label,1,"Troglodytidae_Troglodytes_hiemalis,9",,
jeantet-dufourq-2023,annomate,zenodo.7828148-v1-103884-3,svl_label,1,"Troglodytidae_Troglodytes_hiemalis,9",,
jeantet-dufourq-2023,annomate,zenodo.7828148-v1-103884-4,svl_label,1,"Troglodytidae_Troglodytes_hiemalis,9",,
jeantet-dufourq-2023,annomate,zenodo.7828148-v1-103884-5,svl_label,1,"Troglodytidae_Troglodytes_hiemalis,9",,
jeantet-dufourq-2023,annomate,zenodo.7828148-v1-105397-1,svl_label,1,"Turdidae_Catharus_ustulatus,9",,
jeantet-dufourq-2023,annomate,zenodo.7828148-v1-105397-2,svl_label,1,"Turdidae_Catharus_ustulatus,9",,
jeantet-dufourq-2023,annomate,zenodo.7828148-v1-105397-3,svl_label,1,"Turdidae_Catharus_ustulatus,9",,
jeantet-dufourq-2023,annomate,zenodo.7828148-v1-105397-4,svl_label,1,"Turdidae_Catharus_ustulatus,9",,
jeantet-dufourq-2023,annomate,zenodo.7828148-v1-105397-5,svl_label,1,"Turdidae_Catharus_ustulatus,9",,
jeantet-dufourq-2023,annomate,zenodo.7828148-v1-105397-6,svl_label,1,"Turdidae_Catharus_ustulatus,9",,
jeantet-dufourq-2023,annomate,zenodo.7828148-v1-105397-7,svl_label,1,"Turdidae_Catharus_ustulatus,9",,
jeantet-dufourq-2023,annomate,zenodo.7828148-v1-105652-1,svl_label,1,"Turdidae_Catharus_aurantiirostris,8",,
jeantet-dufourq-2023,annomate,zenodo.7828148-v1-105652-2,svl_label,1,"Turdidae_Catharus_aurantiirostris,8",,
jeantet-dufourq-2023,annomate,zenodo.7828148-v1-105652-3,svl_label,1,"Turdidae_Catharus_aurantiirostris,8",,
jeantet-dufourq-2023,annomate,zenodo.7828148-v1-105652-4,svl_label,1,"Turdidae_Catharus_aurantiirostris,8",,
jeantet-dufourq-2023,annomate,zenodo.7828148-v1-105652-5,svl_label,1,"Turdidae_Catharus_aurantiirostris,8",,
jeantet-dufourq-2023,annomate,zenodo.7828148-v1-105652-6,svl_label,1,"Turdidae_Catharus_aurantiirostris,8",,
jeantet-dufourq-2023,annomate,zenodo.7828148-v1-105652-7,svl_label,1,"Turdidae_Catharus_aurantiirostris,8",,
jeantet-dufourq-2023,annomate,zenodo.7828148-v1-105652-8,svl_label,1,"Turdidae_Catharus_aurantiirostris,8",,
jeantet-dufourq-2023,annomate,zenodo.7828148-v1-105652-9,svl_label,1,"Turdidae_Catharus_aurantiirostris,8",,
jeantet-dufourq-2023,annomate,zenodo.7828148-v1-105652-10,svl_label,1,"Turdidae_Catharus_aurantiirostris,8",,
jeantet-dufourq-2023,annomate,zenodo.7828148-v1-105652-11,svl_label,1,"Turdidae_Catharus_aurantiirostris,8",,
jeantet-dufourq-2023,annomate,zenodo.7828148-v1-105652-12,svl_label,1,"Turdidae_Catharus_aurantiirostris,8",,
jeantet-dufourq-2023,annomate,zenodo.7828148-v1-105652-13,svl_label,1,"Turdidae_Catharus_aurantiirostris,8",,
jeantet-dufourq-2023,annomate,zenodo.7828148-v1-105738-1,svl_label,1,"Turdidae_Catharus_ustulatus,9",,
jeantet-dufourq-2023,annomate,zenodo.7828148-v1-105738-2,svl_label,1,"Turdidae_Catharus_ustulatus,9",,
jeantet-dufourq-2023,annomate,zenodo.7828148-v1-105738-3,svl_label,1,"Turdidae_Catharus_ustulatus,9",,
jeantet-dufourq-2023,annomate,zenodo.7828148-v1-105738-4,svl_label,1,"Turdidae_Catharus_ustulatus,9",,
jeantet-dufourq-2023,annomate,zenodo.7828148-v1-105910-1,svl_label,1,"Turdidae_Catharus_aurantiirostris,9",,
jeantet-dufourq-2023,annomate,zenodo.7828148-v1-105910-2,svl_label,1,"Turdidae_Catharus_aurantiirostris,9",,
jeantet-dufourq-2023,annomate,zenodo.7828148-v1-105912-1,svl_label,1,"Turdidae_Catharus_aurantiirostris,9",,
jeantet-dufourq-2023,annomate,zenodo.7828148-v1-105912-2,svl_label,1,"Turdidae_Catharus_aurantiirostris,8",,
jeantet-dufourq-2023,annomate,zenodo.7828148-v1-105912-3,svl_label,1,"Turdidae_Catharus_aurantiirostris,8",,
jeantet-dufourq-2023,annomate,zenodo.7828148-v1-106005-1,svl_label,1,"Troglodytidae_Troglodytes_pacificus,9",,
jeantet-dufourq-2023,annomate,zenodo.7828148-v1-106005-2,svl_label,1,"Troglodytidae_Troglodytes_pacificus,9",,
jeantet-dufourq-2023,annomate,zenodo.7828148-v1-106546-1,svl_label,1,"Fringillidae_Serinus_serinus,9",,
jeantet-dufourq-2023,annomate,zenodo.7828148-v1-106546-2,svl_label,1,"Fringillidae_Serinus_serinus,9",,
jeantet-dufourq-2023,annomate,zenodo.7828148-v1-106546-3,svl_label,1,"Fringillidae_Serinus_serinus,9",,
jeantet-dufourq-2023,annomate,zenodo.7828148-v1-106546-4,svl_label,1,"Fringillidae_Serinus_serinus,9",,
jeantet-dufourq-2023,annomate,zenodo.7828148-v1-106546-5,svl_label,1,"Fringillidae_Serinus_serinus,9",,
jeantet-dufourq-2023,annomate,zenodo.7828148-v1-106546-6,svl_label,1,"Fringillidae_Serinus_serinus,9",,
jeantet-dufourq-2023,annomate,zenodo.7828148-v1-106546-7,svl_label,1,"Fringillidae_Serinus_serinus,9",,
jeantet-dufourq-2023,annomate,zenodo.7828148-v1-106546-8,svl_label,1,"Fringillidae_Serinus_serinus,9",,
jeantet-dufourq-2023,annomate,zenodo.7828148-v1-106713-1,svl_label,1,"Turdidae_Catharus_aurantiirostris,8",,
jeantet-dufourq-2023,annomate,zenodo.7828148-v1-106713-2,svl_label,1,"Turdidae_Catharus_aurantiirostris,8",,
jeantet-dufourq-2023,annomate,zenodo.7828148-v1-106713-3,svl_label,1,"Turdidae_Catharus_aurantiirostris,8",,
jeantet-dufourq-2023,annomate,zenodo.7828148-v1-106713-4,svl_label,1,"Turdidae_Catharus_aurantiirostris,8",,
jeantet-dufourq-2023,annomate,zenodo.7828148-v1-106713-5,svl_label,1,"Turdidae_Catharus_aurantiirostris,8",,
jeantet-dufourq-2023,annomate,zenodo.7828148-v1-106713-6,svl_label,1,"Turdidae_Catharus_aurantiirostris,8",,
jeantet-dufourq-2023,annomate,zenodo.7828148-v1-106713-7,svl_label,1,"Turdidae_Catharus_aurantiirostris,8",,
jeantet-dufourq-2023,annomate,zenodo.7828148-v1-106713-8,svl_label,1,"Turdidae_Catharus_aurantiirostris,8",,
jeantet-dufourq-2023,annomate,zenodo.7828148-v1-106713-9,svl_label,1,"Turdidae_Catharus_aurantiirostris,8",,
jeantet-dufourq-2023,annomate,zenodo.7828148-v1-106713-10,svl_label,1,"Turdidae_Catharus_aurantiirostris,8",,
jeantet-dufourq-2023,annomate,zenodo.7828148-v1-106713-11,svl_label,1,"Turdidae_Catharus_aurantiirostris,8",,
jeantet-dufourq-2023,annomate,zenodo.7828148-v1-106713-12,svl_label,1,"Turdidae_Catharus_aurantiirostris,8",,
jeantet-dufourq-2023,annomate,zenodo.7828148-v1-106713-13,svl_label,1,"Turdidae_Catharus_aurantiirostris,8",,
jeantet-dufourq-2023,annomate,zenodo.7828148-v1-106713-14,svl_label,1,"Turdidae_Catharus_aurantiirostris,8",,
jeantet-dufourq-2023,annomate,zenodo.7828148-v1-106714-1,svl_label,1,"Turdidae_Catharus_aurantiirostris,9",,
jeantet-dufourq-2023,annomate,zenodo.7828148-v1-106714-2,svl_label,1,"Turdidae_Catharus_aurantiirostris,9",,
jeantet-dufourq-2023,annomate,zenodo.7828148-v1-106714-3,svl_label,1,"Turdidae_Catharus_aurantiirostris,9",,
jeantet-dufourq-2023,annomate,zenodo.7828148-v1-106714-4,svl_label,1,"Turdidae_Catharus_aurantiirostris,9",,
jeantet-dufourq-2023,annomate,zenodo.7828148-v1-106714-5,svl_label,1,"Turdidae_Catharus_aurantiirostris,9",,
jeantet-dufourq-2023,annomate,zenodo.7828148-v1-106714-6,svl_label,1,"Turdidae_Catharus_aurantiirostris,9",,
jeantet-dufourq-2023,annomate,zenodo.7828148-v1-106715-1,svl_label,1,"Turdidae_Catharus_aurantiirostris,8",,
jeantet-dufourq-2023,annomate,zenodo.7828148-v1-106715-2,svl_label,1,"Turdidae_Catharus_aurantiirostris,8",,
jeantet-dufourq-2023,annomate,zenodo.7828148-v1-106715-3,svl_label,1,"Turdidae_Catharus_aurantiirostris,8",,
jeantet-dufourq-2023,annomate,zenodo.7828148-v1-106715-4,svl_label,1,"Turdidae_Catharus_aurantiirostris,8",,
jeantet-dufourq-2023,annomate,zenodo.7828148-v1-106715-5,svl_label,1,"Turdidae_Catharus_aurantiirostris,8",,
jeantet-dufourq-2023,annomate,zenodo.7828148-v1-106715-6,svl_label,1,"Turdidae_Catharus_aurantiirostris,8",,
jeantet-dufourq-2023,annomate,zenodo.7828148-v1-106715-7,svl_label,1,"Turdidae_Catharus_aurantiirostris,8",,
jeantet-dufourq-2023,annomate,zenodo.7828148-v1-108067-1,svl_label,1,"Paridae_Hypocnemis_striata,9",,
jeantet-dufourq-2023,annomate,zenodo.7828148-v1-108067-2,svl_label,1,"Paridae_Hypocnemis_striata,9",,
jeantet-dufourq-2023,annomate,zenodo.7828148-v1-108067-3,svl_label,1,"Paridae_Hypocnemis_striata,9",,
jeantet-dufourq-2023,annomate,zenodo.7828148-v1-108067-4,svl_label,1,"Paridae_Hypocnemis_striata,9",,
jeantet-dufourq-2023,annomate,zenodo.7828148-v1-108067-5,svl_label,1,"Paridae_Hypocnemis_striata,9",,
jeantet-dufourq-2023,annomate,zenodo.7828148-v1-108067-6,svl_label,1,"Paridae_Hypocnemis_striata,9",,
jeantet-dufourq-2023,annomate,zenodo.7828148-v1-108067-7,svl_label,1,"Paridae_Hypocnemis_striata,9",,
jeantet-dufourq-2023,annomate,zenodo.7828148-v1-108067-8,svl_label,1,"Paridae_Hypocnemis_striata,9",,
jeantet-dufourq-2023,annomate,zenodo.7828148-v1-108067-9,svl_label,1,"Paridae_Hypocnemis_striata,9",,
jeantet-dufourq-2023,annomate,zenodo.7828148-v1-108067-10,svl_label,1,"Paridae_Hypocnemis_striata,9",,
jeantet-dufourq-2023,annomate,zenodo.7828148-v1-108709-1,svl_label,1,"Paridae_Saxicola_gutturalis,9",,
jeantet-dufourq-2023,annomate,zenodo.7828148-v1-108709-2,svl_label,1,"Paridae_Saxicola_gutturalis,9",,
jeantet-dufourq-2023,annomate,zenodo.7828148-v1-108709-3,svl_label,1,"Paridae_Saxicola_gutturalis,9",,
jeantet-dufourq-2023,annomate,zenodo.7828148-v1-108709-4,svl_label,1,"Paridae_Saxicola_gutturalis,9",,
jeantet-dufourq-2023,annomate,zenodo.7828148-v1-108710-1,svl_label,1,"Paridae_Saxicola_gutturalis,9",,
jeantet-dufourq-2023,annomate,zenodo.7828148-v1-108710-2,svl_label,1,"Paridae_Saxicola_gutturalis,9",,
jeantet-dufourq-2023,annomate,zenodo.7828148-v1-108710-3,svl_label,1,"Paridae_Saxicola_gutturalis,9",,
jeantet-dufourq-2023,annomate,zenodo.7828148-v1-108710-4,svl_label,1,"Paridae_Saxicola_gutturalis,9",,
jeantet-dufourq-2023,annomate,zenodo.7828148-v1-108710-5,svl_label,1,"Paridae_Saxicola_gutturalis,9",,
jeantet-dufourq-2023,annomate,zenodo.7828148-v1-108710-6,svl_label,1,"Paridae_Saxicola_gutturalis,9",,
jeantet-dufourq-2023,annomate,zenodo.7828148-v1-108712-1,svl_label,1,"Paridae_Saxicola_gutturalis,9",,
jeantet-dufourq-2023,annomate,zenodo.7828148-v1-108712-2,svl_label,1,"Paridae_Saxicola_gutturalis,9",,
jeantet-dufourq-2023,annomate,zenodo.7828148-v1-108712-3,svl_label,1,"Paridae_Saxicola_gutturalis,9",,
jeantet-dufourq-2023,annomate,zenodo.7828148-v1-108712-4,svl_label,1,"Paridae_Saxicola_gutturalis,8",,
jeantet-dufourq-2023,annomate,zenodo.7828148-v1-108712-5,svl_label,1,"Paridae_Saxicola_gutturalis,9",,
jeantet-dufourq-2023,annomate,zenodo.7828148-v1-108712-6,svl_label,1,"Paridae_Saxicola_gutturalis,9",,
jeantet-dufourq-2023,annomate,zenodo.7828148-v1-108712-7,svl_label,1,"Paridae_Saxicola_gutturalis,9",,
jeantet-dufourq-2023,annomate,zenodo.7828148-v1-114053-1,svl_label,1,"Paridae_Hypocnemis_cantator,8",,
jeantet-dufourq-2023,annomate,zenodo.7828148-v1-114053-2,svl_label,1,"Paridae_Hypocnemis_cantator,8",,
jeantet-dufourq-2023,annomate,zenodo.7828148-v1-114053-3,svl_label,1,"Paridae_Hypocnemis_cantator,8",,
jeantet-dufourq-2023,annomate,zenodo.7828148-v1-114053-4,svl_label,1,"Paridae_Hypocnemis_cantator,8",,
jeantet-dufourq-2023,annomate,zenodo.7828148-v1-114053-5,svl_label,1,"Paridae_Hypocnemis_cantator,8",,
jeantet-dufourq-2023,annomate,zenodo.7828148-v1-114053-6,svl_label,1,"Paridae_Hypocnemis_cantator,8",,
jeantet-dufourq-2023,annomate,zenodo.7828148-v1-116496-1,svl_label,1,"Paridae_Saxicola_gutturalis,9",,
jeantet-dufourq-2023,annomate,zenodo.7828148-v1-116496-2,svl_label,1,"Paridae_Saxicola_gutturalis,9",,
jeantet-dufourq-2023,annomate,zenodo.7828148-v1-116496-3,svl_label,1,"Paridae_Saxicola_gutturalis,8",,
jeantet-dufourq-2023,annomate,zenodo.7828148-v1-116496-4,svl_label,1,"Paridae_Saxicola_gutturalis,9",,
jeantet-dufourq-2023,annomate,zenodo.7828148-v1-11955-1,svl_label,1,"Paridae_Hypocnemis_hypoxantha,9",,
jeantet-dufourq-2023,annomate,zenodo.7828148-v1-11955-2,svl_label,1,"Paridae_Hypocnemis_hypoxantha,9",,
jeantet-dufourq-2023,annomate,zenodo.7828148-v1-11984-1,svl_label,1,"Paridae_Hypocnemis_peruviana,9",,
jeantet-dufourq-2023,annomate,zenodo.7828148-v1-11984-2,svl_label,1,"Paridae_Hypocnemis_peruviana,9",,
jeantet-dufourq-2023,annomate,zenodo.7828148-v1-11984-3,svl_label,1,"Paridae_Hypocnemis_peruviana,9",,
jeantet-dufourq-2023,annomate,zenodo.7828148-v1-11984-4,svl_label,1,"Paridae_Hypocnemis_peruviana,9",,
jeantet-dufourq-2023,annomate,zenodo.7828148-v1-11984-5,svl_label,1,"Paridae_Hypocnemis_peruviana,9",,
jeantet-dufourq-2023,annomate,zenodo.7828148-v1-121169-1,svl_label,1,"Paridae_Saxicola_rubetra,8",,
jeantet-dufourq-2023,annomate,zenodo.7828148-v1-121169-2,svl_label,1,"Paridae_Saxicola_rubetra,8",,
jeantet-dufourq-2023,annomate,zenodo.7828148-v1-121169-3,svl_label,1,"Paridae_Saxicola_rubetra,8",,
jeantet-dufourq-2023,annomate,zenodo.7828148-v1-121169-4,svl_label,1,"Paridae_Saxicola_rubetra,8",,
jeantet-dufourq-2023,annomate,zenodo.7828148-v1-121169-5,svl_label,1,"Paridae_Saxicola_rubetra,8",,
jeantet-dufourq-2023,annomate,zenodo.7828148-v1-121169-6,svl_label,1,"Paridae_Saxicola_rubetra,8",,
jeantet-dufourq-2023,annomate,zenodo.7828148-v1-121169-7,svl_label,1,"Paridae_Saxicola_rubetra,8",,
jeantet-dufourq-2023,annomate,zenodo.7828148-v1-121169-8,svl_label,1,"Paridae_Saxicola_rubetra,8",,
jeantet-dufourq-2023,annomate,zenodo.7828148-v1-121169-9,svl_label,1,"Paridae_Saxicola_rubetra,8",,
jeantet-dufourq-2023,annomate,zenodo.7828148-v1-121169-10,svl_label,1,"Paridae_Saxicola_rubetra,8",,
jeantet-dufourq-2023,annomate,zenodo.7828148-v1-121169-11,svl_label,1,"Paridae_Saxicola_rubetra,8",,
jeantet-dufourq-2023,annomate,zenodo.7828148-v1-121169-12,svl_label,1,"Paridae_Saxicola_rubetra,8",,
jeantet-dufourq-2023,annomate,zenodo.7828148-v1-121169-13,svl_label,1,"Paridae_Saxicola_rubetra,8",,
jeantet-dufourq-2023,annomate,zenodo.7828148-v1-121169-14,svl_label,1,"Paridae_Saxicola_rubetra,8",,
jeantet-dufourq-2023,annomate,zenodo.7828148-v1-121169-15,svl_label,1,"Paridae_Saxicola_rubetra,8",,
jeantet-dufourq-2023,annomate,zenodo.7828148-v1-121169-16,svl_label,1,"Paridae_Saxicola_rubetra,8",,
jeantet-dufourq-2023,annomate,zenodo.7828148-v1-121169-17,svl_label,1,"Paridae_Saxicola_rubetra,8",,
jeantet-dufourq-2023,annomate,zenodo.7828148-v1-129620-1,svl_label,1,"Fringillidae_Serinus_serinus,9",,
jeantet-dufourq-2023,annomate,zenodo.7828148-v1-129620-2,svl_label,1,"Fringillidae_Serinus_serinus,9",,
jeantet-dufourq-2023,annomate,zenodo.7828148-v1-129620-3,svl_label,1,"Fringillidae_Serinus_serinus,9",,
jeantet-dufourq-2023,annomate,zenodo.7828148-v1-129620-4,svl_label,1,"Fringillidae_Serinus_serinus,9",,
jeantet-dufourq-2023,annomate,zenodo.7828148-v1-131873-1,svl_label,1,"Paridae_Saxicola_rubetra, 10",,
jeantet-dufourq-2023,annomate,zenodo.7828148-v1-131873-2,svl_label,1,"Paridae_Saxicola_rubetra, 10",,
jeantet-dufourq-2023,annomate,zenodo.7828148-v1-131873-3,svl_label,1,"Paridae_Saxicola_rubetra, 10",,
jeantet-dufourq-2023,annomate,zenodo.7828148-v1-131873-4,svl_label,1,"Paridae_Saxicola_rubetra, 10",,
jeantet-dufourq-2023,annomate,zenodo.7828148-v1-131873-5,svl_label,1,"Paridae_Saxicola_rubetra, 10",,
jeantet-dufourq-2023,annomate,zenodo.7828148-v1-131873-6,svl_label,1,"Paridae_Saxicola_rubetra, 10",,
jeantet-dufourq-2023,annomate,zenodo.7828148-v1-131873-7,svl_label,1,"Paridae_Saxicola_rubetra, 10",,
jeantet-dufourq-2023,annomate,zenodo.7828148-v1-131873-8,svl_label,1,"Paridae_Saxicola_rubetra, 10",,
jeantet-dufourq-2023,annomate,zenodo.7828148-v1-131873-9,svl_label,1,"Paridae_Saxicola_rubetra, 10",,
jeantet-dufourq-2023,annomate,zenodo.7828148-v1-131873-10,svl_label,1,"Paridae_Saxicola_rubetra, 10",,
jeantet-dufourq-2023,annomate,zenodo.7828148-v1-131873-11,svl_label,1,"Paridae_Saxicola_rubetra, 10",,
jeantet-dufourq-2023,annomate,zenodo.7828148-v1-131873-12,svl_label,1,"Paridae_Saxicola_rubetra, 10",,
jeantet-dufourq-2023,annomate,zenodo.7828148-v1-131873-13,svl_label,1,"Paridae_Saxicola_rubetra, 10",,
jeantet-dufourq-2023,annomate,zenodo.7828148-v1-131873-14,svl_label,1,"Paridae_Saxicola_rubetra, 10",,
jeantet-dufourq-2023,annomate,zenodo.7828148-v1-131873-15,svl_label,1,"Paridae_Saxicola_rubetra, 10",,
jeantet-dufourq-2023,annomate,zenodo.7828148-v1-131873-16,svl_label,1,"Paridae_Saxicola_rubetra, 10",,
jeantet-dufourq-2023,annomate,zenodo.7828148-v1-131873-17,svl_label,1,"Paridae_Saxicola_rubetra, 10",,
jeantet-dufourq-2023,annomate,zenodo.7828148-v1-131873-18,svl_label,1,"Paridae_Saxicola_rubetra, 10",,
jeantet-dufourq-2023,annomate,zenodo.7828148-v1-131873-19,svl_label,1,"Paridae_Saxicola_rubetra, 10",,
jeantet-dufourq-2023,annomate,zenodo.7828148-v1-131873-20,svl_label,1,"Paridae_Saxicola_rubetra, 10",,
jeantet-dufourq-2023,annomate,zenodo.7828148-v1-131873-21,svl_label,1,"Paridae_Saxicola_rubetra, 10",,
jeantet-dufourq-2023,annomate,zenodo.7828148-v1-131873-22,svl_label,1,"Paridae_Saxicola_rubetra, 10",,
jeantet-dufourq-2023,annomate,zenodo.7828148-v1-131873-23,svl_label,1,"Paridae_Saxicola_rubetra, 10",,
jeantet-dufourq-2023,annomate,zenodo.7828148-v1-131873-24,svl_label,1,"Paridae_Saxicola_rubetra, 10",,
jeantet-dufourq-2023,annomate,zenodo.7828148-v1-131873-25,svl_label,1,"Paridae_Saxicola_rubetra, 10",,
jeantet-dufourq-2023,annomate,zenodo.7828148-v1-131873-26,svl_label,1,"Paridae_Saxicola_rubetra, 10",,
jeantet-dufourq-2023,annomate,zenodo.7828148-v1-131873-27,svl_label,1,"Paridae_Saxicola_rubetra, 10",,
jeantet-dufourq-2023,annomate,zenodo.7828148-v1-131873-28,svl_label,1,"Paridae_Saxicola_rubetra, 10",,
jeantet-dufourq-2023,annomate,zenodo.7828148-v1-131873-29,svl_label,1,"Paridae_Saxicola_rubetra, 10",,
jeantet-dufourq-2023,annomate,zenodo.7828148-v1-131873-30,svl_label,1,"Paridae_Saxicola_rubetra, 10",,
jeantet-dufourq-2023,annomate,zenodo.7828148-v1-131873-31,svl_label,1,"Paridae_Saxicola_rubetra, 10",,
jeantet-dufourq-2023,annomate,zenodo.7828148-v1-131873-32,svl_label,1,"Paridae_Saxicola_rubetra, 10",,
jeantet-dufourq-2023,annomate,zenodo.7828148-v1-131873-33,svl_label,1,"Paridae_Saxicola_rubetra, 10",,
jeantet-dufourq-2023,annomate,zenodo.7828148-v1-131873-34,svl_label,1,"Paridae_Saxicola_rubetra, 10",,
jeantet-dufourq-2023,annomate,zenodo.7828148-v1-131873-35,svl_label,1,"Paridae_Saxicola_rubetra, 10",,
jeantet-dufourq-2023,annomate,zenodo.7828148-v1-131873-36,svl_label,1,"Paridae_Saxicola_rubetra, 10",,
jeantet-dufourq-2023,annomate,zenodo.7828148-v1-131873-37,svl_label,1,"Paridae_Saxicola_rubetra, 10",,
jeantet-dufourq-2023,annomate,zenodo.7828148-v1-131873-38,svl_label,1,"Paridae_Saxicola_rubetra, 10",,
jeantet-dufourq-2023,annomate,zenodo.7828148-v1-131873-39,svl_label,1,"Paridae_Saxicola_rubetra, 10",,
jeantet-dufourq-2023,annomate,zenodo.7828148-v1-131873-40,svl_label,1,"Paridae_Saxicola_rubetra, 10",,
jeantet-dufourq-2023,annomate,zenodo.7828148-v1-131873-41,svl_label,1,"Paridae_Saxicola_rubetra, 10",,
jeantet-dufourq-2023,annomate,zenodo.7828148-v1-131873-42,svl_label,1,"Paridae_Saxicola_rubetra, 10",,
jeantet-dufourq-2023,annomate,zenodo.7828148-v1-131873-43,svl_label,1,"Paridae_Saxicola_rubetra, 10",,
jeantet-dufourq-2023,annomate,zenodo.7828148-v1-131873-44,svl_label,1,"Paridae_Saxicola_rubetra, 10",,
jeantet-dufourq-2023,annomate,zenodo.7828148-v1-131873-45,svl_label,1,"Paridae_Saxicola_rubetra, 10",,
jeantet-dufourq-2023,annomate,zenodo.7828148-v1-131873-46,svl_label,1,"Paridae_Saxicola_rubetra, 10",,
jeantet-dufourq-2023,annomate,zenodo.7828148-v1-131873-47,svl_label,1,"Paridae_Saxicola_rubetra, 10",,
jeantet-dufourq-2023,annomate,zenodo.7828148-v1-131873-48,svl_label,1,"Paridae_Saxicola_rubetra, 10",,
jeantet-dufourq-2023,annomate,zenodo.7828148-v1-131873-49,svl_label,1,"Paridae_Saxicola_rubetra, 10",,
jeantet-dufourq-2023,annomate,zenodo.7828148-v1-131873-50,svl_label,1,"Paridae_Saxicola_rubetra, 10",,
jeantet-dufourq-2023,annomate,zenodo.7828148-v1-131873-51,svl_label,1,"Paridae_Saxicola_rubetra, 10",,
jeantet-dufourq-2023,annomate,zenodo.7828148-v1-131873-52,svl_label,1,"Paridae_Saxicola_rubetra, 10",,
jeantet-dufourq-2023,annomate,zenodo.7828148-v1-131873-53,svl_label,1,"Paridae_Saxicola_rubetra, 10",,
jeantet-dufourq-2023,annomate,zenodo.7828148-v1-131873-54,svl_label,1,"Paridae_Saxicola_rubetra, 10",,
jeantet-dufourq-2023,annomate,zenodo.7828148-v1-131873-55,svl_label,1,"Paridae_Saxicola_rubetra, 10",,
jeantet-dufourq-2023,annomate,zenodo.7828148-v1-131873-56,svl_label,1,"Paridae_Saxicola_rubetra, 10",,
jeantet-dufourq-2023,annomate,zenodo.7828148-v1-131873-57,svl_label,1,"Paridae_Saxicola_rubetra, 10",,
jeantet-dufourq-2023,annomate,zenodo.7828148-v1-131873-58,svl_label,1,"Paridae_Saxicola_rubetra, 10",,
jeantet-dufourq-2023,annomate,zenodo.7828148-v1-131873-59,svl_label,1,"Paridae_Saxicola_rubetra, 10",,
jeantet-dufourq-2023,annomate,zenodo.7828148-v1-131873-60,svl_label,1,"Paridae_Saxicola_rubetra, 10",,
jeantet-dufourq-2023,annomate,zenodo.7828148-v1-131873-61,svl_label,1,"Paridae_Saxicola_rubetra, 10",,
jeantet-dufourq-2023,annomate,zenodo.7828148-v1-131873-62,svl_label,1,"Paridae_Saxicola_rubetra, 10",,
jeantet-dufourq-2023,annomate,zenodo.7828148-v1-131873-63,svl_label,1,"Paridae_Saxicola_rubetra, 10",,
jeantet-dufourq-2023,annomate,zenodo.7828148-v1-131873-64,svl_label,1,"Paridae_Saxicola_rubetra, 10",,
jeantet-dufourq-2023,annomate,zenodo.7828148-v1-131873-65,svl_label,1,"Paridae_Saxicola_rubetra, 10",,
jeantet-dufourq-2023,annomate,zenodo.7828148-v1-131873-66,svl_label,1,"Paridae_Saxicola_rubetra, 10",,
jeantet-dufourq-2023,annomate,zenodo.7828148-v1-131873-67,svl_label,1,"Paridae_Saxicola_rubetra, 10",,
jeantet-dufourq-2023,annomate,zenodo.7828148-v1-131873-68,svl_label,1,"Paridae_Saxicola_rubetra, 10",,
jeantet-dufourq-2023,annomate,zenodo.7828148-v1-131873-69,svl_label,1,"Paridae_Saxicola_rubetra, 10",,
jeantet-dufourq-2023,annomate,zenodo.7828148-v1-131873-70,svl_label,1,"Paridae_Saxicola_rubetra, 10",,
jeantet-dufourq-2023,annomate,zenodo.7828148-v1-131873-71,svl_label,1,"Paridae_Saxicola_rubetra, 10",,
jeantet-dufourq-2023,annomate,zenodo.7828148-v1-131873-72,svl_label,1,"Paridae_Saxicola_rubetra, 10",,
jeantet-dufourq-2023,annomate,zenodo.7828148-v1-131873-73,svl_label,1,"Paridae_Saxicola_rubetra, 10",,
jeantet-dufourq-2023,annomate,zenodo.7828148-v1-131873-74,svl_label,1,"Paridae_Saxicola_rubetra, 10",,
jeantet-dufourq-2023,annomate,zenodo.7828148-v1-131873-75,svl_label,1,"Paridae_Saxicola_rubetra, 10",,
jeantet-dufourq-2023,annomate,zenodo.7828148-v1-131873-76,svl_label,1,"Paridae_Saxicola_rubetra, 10",,
jeantet-dufourq-2023,annomate,zenodo.7828148-v1-131873-77,svl_label,1,"Paridae_Saxicola_rubetra, 10",,
jeantet-dufourq-2023,annomate,zenodo.7828148-v1-133381-1,svl_label,1,"Fringillidae_Serinus_serinus,9",,
jeantet-dufourq-2023,annomate,zenodo.7828148-v1-133381-2,svl_label,1,"Fringillidae_Serinus_serinus,9",,
jeantet-dufourq-2023,annomate,zenodo.7828148-v1-133381-3,svl_label,1,"Fringillidae_Serinus_serinus,9",,
jeantet-dufourq-2023,annomate,zenodo.7828148-v1-133381-4,svl_label,1,"Fringillidae_Serinus_serinus,9",,
jeantet-dufourq-2023,annomate,zenodo.7828148-v1-133381-5,svl_label,1,"Fringillidae_Serinus_serinus,9",,
jeantet-dufourq-2023,annomate,zenodo.7828148-v1-133381-6,svl_label,1,"Fringillidae_Serinus_serinus,9",,
jeantet-dufourq-2023,annomate,zenodo.7828148-v1-133381-7,svl_label,1,"Fringillidae_Serinus_serinus,9",,
jeantet-dufourq-2023,annomate,zenodo.7828148-v1-134328-1,svl_label,1,"Fringillidae_Serinus_serinus, 10",,
jeantet-dufourq-2023,annomate,zenodo.7828148-v1-134328-2,svl_label,1,"Fringillidae_Serinus_serinus, 10",,
jeantet-dufourq-2023,annomate,zenodo.7828148-v1-134328-3,svl_label,1,"Fringillidae_Serinus_serinus, 10",,
jeantet-dufourq-2023,annomate,zenodo.7828148-v1-134328-4,svl_label,1,"Fringillidae_Serinus_serinus, 10",,
jeantet-dufourq-2023,annomate,zenodo.7828148-v1-134328-5,svl_label,1,"Fringillidae_Serinus_serinus, 10",,
jeantet-dufourq-2023,annomate,zenodo.7828148-v1-134328-6,svl_label,1,"Fringillidae_Serinus_serinus, 10",,
jeantet-dufourq-2023,annomate,zenodo.7828148-v1-134328-7,svl_label,1,"Fringillidae_Serinus_serinus, 10",,
jeantet-dufourq-2023,annomate,zenodo.7828148-v1-134328-8,svl_label,1,"Fringillidae_Serinus_serinus, 10",,
jeantet-dufourq-2023,annomate,zenodo.7828148-v1-135652-1,svl_label,1,"Paridae_Saxicola_rubetra,9",,
jeantet-dufourq-2023,annomate,zenodo.7828148-v1-135652-2,svl_label,1,"Paridae_Saxicola_rubetra,9",,
jeantet-dufourq-2023,annomate,zenodo.7828148-v1-135652-3,svl_label,1,"Paridae_Saxicola_rubetra,9",,
jeantet-dufourq-2023,annomate,zenodo.7828148-v1-135652-4,svl_label,1,"Paridae_Saxicola_rubetra,9",,
jeantet-dufourq-2023,annomate,zenodo.7828148-v1-135652-5,svl_label,1,"Paridae_Saxicola_rubetra,9",,
jeantet-dufourq-2023,annomate,zenodo.7828148-v1-135652-6,svl_label,1,"Paridae_Saxicola_rubetra,9",,
jeantet-dufourq-2023,annomate,zenodo.7828148-v1-135652-7,svl_label,1,"Paridae_Saxicola_rubetra,9",,
jeantet-dufourq-2023,annomate,zenodo.7828148-v1-135652-8,svl_label,1,"Paridae_Saxicola_rubetra,9",,
jeantet-dufourq-2023,annomate,zenodo.7828148-v1-135652-9,svl_label,1,"Paridae_Saxicola_rubetra,9",,
jeantet-dufourq-2023,annomate,zenodo.7828148-v1-135652-10,svl_label,1,"Paridae_Saxicola_rubetra,9",,
jeantet-dufourq-2023,annomate,zenodo.7828148-v1-135652-11,svl_label,1,"Paridae_Saxicola_rubetra,9",,
jeantet-dufourq-2023,annomate,zenodo.7828148-v1-135652-12,svl_label,1,"Paridae_Saxicola_rubetra,9",,
jeantet-dufourq-2023,annomate,zenodo.7828148-v1-135652-13,svl_label,1,"Paridae_Saxicola_rubetra,8",,
jeantet-dufourq-2023,annomate,zenodo.7828148-v1-135652-14,svl_label,1,"Paridae_Saxicola_rubetra,9",,
jeantet-dufourq-2023,annomate,zenodo.7828148-v1-135652-15,svl_label,1,"Paridae_Saxicola_rubetra,9",,
jeantet-dufourq-2023,annomate,zenodo.7828148-v1-135652-16,svl_label,1,"Paridae_Saxicola_rubetra,9",,
jeantet-dufourq-2023,annomate,zenodo.7828148-v1-135652-17,svl_label,1,"Paridae_Saxicola_rubetra,9",,
jeantet-dufourq-2023,annomate,zenodo.7828148-v1-135652-18,svl_label,1,"Paridae_Saxicola_rubetra,9",,
jeantet-dufourq-2023,annomate,zenodo.7828148-v1-135652-19,svl_label,1,"Paridae_Saxicola_rubetra,9",,
jeantet-dufourq-2023,annomate,zenodo.7828148-v1-135652-20,svl_label,1,"Paridae_Saxicola_rubetra,9",,
jeantet-dufourq-2023,annomate,zenodo.7828148-v1-135652-21,svl_label,1,"Paridae_Saxicola_rubetra,9",,
jeantet-dufourq-2023,annomate,zenodo.7828148-v1-135652-22,svl_label,1,"Paridae_Saxicola_rubetra,7",,
jeantet-dufourq-2023,annomate,zenodo.7828148-v1-135652-23,svl_label,1,"Paridae_Saxicola_rubetra,9",,
jeantet-dufourq-2023,annomate,zenodo.7828148-v1-135652-24,svl_label,1,"Paridae_Saxicola_rubetra,9",,
jeantet-dufourq-2023,annomate,zenodo.7828148-v1-135652-25,svl_label,1,"Paridae_Saxicola_rubetra,9",,
jeantet-dufourq-2023,annomate,zenodo.7828148-v1-135652-26,svl_label,1,"Paridae_Saxicola_rubetra,9",,
jeantet-dufourq-2023,annomate,zenodo.7828148-v1-135652-27,svl_label,1,"Paridae_Saxicola_rubetra,9",,
jeantet-dufourq-2023,annomate,zenodo.7828148-v1-135652-28,svl_label,1,"Paridae_Saxicola_rubetra,9",,
jeantet-dufourq-2023,annomate,zenodo.7828148-v1-135652-29,svl_label,1,"Paridae_Saxicola_rubetra,9",,
jeantet-dufourq-2023,annomate,zenodo.7828148-v1-135652-30,svl_label,1,"Paridae_Saxicola_rubetra,9",,
jeantet-dufourq-2023,annomate,zenodo.7828148-v1-135652-31,svl_label,1,"Paridae_Saxicola_rubetra,9",,
jeantet-dufourq-2023,annomate,zenodo.7828148-v1-135652-32,svl_label,1,"Paridae_Saxicola_rubetra,9",,
jeantet-dufourq-2023,annomate,zenodo.7828148-v1-135652-33,svl_label,1,"Paridae_Saxicola_rubetra,9",,
jeantet-dufourq-2023,annomate,zenodo.7828148-v1-135652-34,svl_label,1,"Paridae_Saxicola_rubetra,9",,
jeantet-dufourq-2023,annomate,zenodo.7828148-v1-135678-1,svl_label,1,"Troglodytidae_Troglodytes_pacificus,9",,
jeantet-dufourq-2023,annomate,zenodo.7828148-v1-135678-2,svl_label,1,"Troglodytidae_Troglodytes_pacificus,9",,
jeantet-dufourq-2023,annomate,zenodo.7828148-v1-135678-3,svl_label,1,"Troglodytidae_Troglodytes_pacificus,9",,
jeantet-dufourq-2023,annomate,zenodo.7828148-v1-135678-4,svl_label,1,"Troglodytidae_Troglodytes_pacificus,9",,
jeantet-dufourq-2023,annomate,zenodo.7828148-v1-135678-5,svl_label,1,"Troglodytidae_Troglodytes_pacificus,9",,
jeantet-dufourq-2023,annomate,zenodo.7828148-v1-135678-6,svl_label,1,"Troglodytidae_Troglodytes_pacificus,9",,
jeantet-dufourq-2023,annomate,zenodo.7828148-v1-135678-7,svl_label,1,"Troglodytidae_Troglodytes_pacificus,9",,
jeantet-dufourq-2023,annomate,zenodo.7828148-v1-135678-8,svl_label,1,"Troglodytidae_Troglodytes_pacificus,9",,
jeantet-dufourq-2023,annomate,zenodo.7828148-v1-135678-9,svl_label,1,"Troglodytidae_Troglodytes_pacificus,9",,
jeantet-dufourq-2023,annomate,zenodo.7828148-v1-135678-10,svl_label,1,"Troglodytidae_Troglodytes_pacificus,9",,
jeantet-dufourq-2023,annomate,zenodo.7828148-v1-135678-11,svl_label,1,"Troglodytidae_Troglodytes_pacificus,9",,
jeantet-dufourq-2023,annomate,zenodo.7828148-v1-135678-12,svl_label,1,"Troglodytidae_Troglodytes_pacificus,9",,
jeantet-dufourq-2023,annomate,zenodo.7828148-v1-136026-1,svl_label,1,"Paridae_Saxicola_rubetra,9",,
jeantet-dufourq-2023,annomate,zenodo.7828148-v1-136026-2,svl_label,1,"Paridae_Saxicola_rubetra,9",,
jeantet-dufourq-2023,annomate,zenodo.7828148-v1-136026-3,svl_label,1,"Paridae_Saxicola_rubetra,9",,
jeantet-dufourq-2023,annomate,zenodo.7828148-v1-136026-4,svl_label,1,"Paridae_Saxicola_rubetra,9",,
jeantet-dufourq-2023,annomate,zenodo.7828148-v1-136026-5,svl_label,1,"Paridae_Saxicola_rubetra,9",,
jeantet-dufourq-2023,annomate,zenodo.7828148-v1-136026-6,svl_label,1,"Paridae_Saxicola_rubetra,9",,
jeantet-dufourq-2023,annomate,zenodo.7828148-v1-136026-7,svl_label,1,"Paridae_Saxicola_rubetra,9",,
jeantet-dufourq-2023,annomate,zenodo.7828148-v1-136026-8,svl_label,1,"Paridae_Saxicola_rubetra,9",,
jeantet-dufourq-2023,annomate,zenodo.7828148-v1-136026-9,svl_label,1,"Paridae_Saxicola_rubetra,9",,
jeantet-dufourq-2023,annomate,zenodo.7828148-v1-13638-1,svl_label,1,"Troglodytidae_Troglodytes_hiemalis,9",,
jeantet-dufourq-2023,annomate,zenodo.7828148-v1-13638-2,svl_label,1,"Troglodytidae_Troglodytes_hiemalis,9",,
jeantet-dufourq-2023,annomate,zenodo.7828148-v1-13639-1,svl_label,1,"Troglodytidae_Troglodytes_hiemalis,9",,
jeantet-dufourq-2023,annomate,zenodo.7828148-v1-13639-2,svl_label,1,"Troglodytidae_Troglodytes_hiemalis,9",,
jeantet-dufourq-2023,annomate,zenodo.7828148-v1-13639-3,svl_label,1,"Troglodytidae_Troglodytes_hiemalis,9",,
jeantet-dufourq-2023,annomate,zenodo.7828148-v1-137542-1,svl_label,1,"Turdidae_Catharus_guttatus,9",,
jeantet-dufourq-2023,annomate,zenodo.7828148-v1-137542-2,svl_label,1,"Turdidae_Catharus_guttatus,9",,
jeantet-dufourq-2023,annomate,zenodo.7828148-v1-137542-3,svl_label,1,"Turdidae_Catharus_guttatus,9",,
jeantet-dufourq-2023,annomate,zenodo.7828148-v1-137542-4,svl_label,1,"Turdidae_Catharus_guttatus,9",,
jeantet-dufourq-2023,annomate,zenodo.7828148-v1-137542-5,svl_label,1,"Turdidae_Catharus_guttatus,9",,
jeantet-dufourq-2023,annomate,zenodo.7828148-v1-137542-6,svl_label,1,"Turdidae_Catharus_guttatus,9",,
jeantet-dufourq-2023,annomate,zenodo.7828148-v1-137542-7,svl_label,1,"Turdidae_Catharus_guttatus,9",,
jeantet-dufourq-2023,annomate,zenodo.7828148-v1-137542-8,svl_label,1,"Turdidae_Catharus_guttatus,9",,
jeantet-dufourq-2023,annomate,zenodo.7828148-v1-137542-9,svl_label,1,"Turdidae_Catharus_guttatus,9",,
jeantet-dufourq-2023,annomate,zenodo.7828148-v1-137542-10,svl_label,1,"Turdidae_Catharus_guttatus,9",,
jeantet-dufourq-2023,annomate,zenodo.7828148-v1-137542-11,svl_label,1,"Turdidae_Catharus_guttatus,9",,
jeantet-dufourq-2023,annomate,zenodo.7828148-v1-137542-12,svl_label,1,"Turdidae_Catharus_guttatus,9",,
jeantet-dufourq-2023,annomate,zenodo.7828148-v1-137542-13,svl_label,1,"Turdidae_Catharus_guttatus,9",,
jeantet-dufourq-2023,annomate,zenodo.7828148-v1-137542-14,svl_label,1,"Turdidae_Catharus_guttatus,9",,
jeantet-dufourq-2023,annomate,zenodo.7828148-v1-137542-15,svl_label,1,"Turdidae_Catharus_guttatus,9",,
jeantet-dufourq-2023,annomate,zenodo.7828148-v1-137542-16,svl_label,1,"Turdidae_Catharus_guttatus,9",,
jeantet-dufourq-2023,annomate,zenodo.7828148-v1-137542-17,svl_label,1,"Turdidae_Catharus_guttatus,9",,
jeantet-dufourq-2023,annomate,zenodo.7828148-v1-137542-18,svl_label,1,"Turdidae_Catharus_guttatus,9",,
jeantet-dufourq-2023,annomate,zenodo.7828148-v1-137542-19,svl_label,1,"Turdidae_Catharus_guttatus,9",,
jeantet-dufourq-2023,annomate,zenodo.7828148-v1-13759-1,svl_label,1,"Troglodytidae_Troglodytes_hiemalis,9",,
jeantet-dufourq-2023,annomate,zenodo.7828148-v1-137828-1,svl_label,1,"Turdidae_Catharus_aurantiirostris,9",,
jeantet-dufourq-2023,annomate,zenodo.7828148-v1-137828-2,svl_label,1,"Turdidae_Catharus_aurantiirostris,9",,
jeantet-dufourq-2023,annomate,zenodo.7828148-v1-137828-3,svl_label,1,"Turdidae_Catharus_aurantiirostris,9",,
jeantet-dufourq-2023,annomate,zenodo.7828148-v1-137828-4,svl_label,1,"Turdidae_Catharus_aurantiirostris,9",,
jeantet-dufourq-2023,annomate,zenodo.7828148-v1-137828-5,svl_label,1,"Turdidae_Catharus_aurantiirostris,9",,
jeantet-dufourq-2023,annomate,zenodo.7828148-v1-138083-1,svl_label,1,"Troglodytidae_Troglodytes_pacificus,9",,
jeantet-dufourq-2023,annomate,zenodo.7828148-v1-138083-2,svl_label,1,"Troglodytidae_Troglodytes_pacificus,9",,
jeantet-dufourq-2023,annomate,zenodo.7828148-v1-138083-3,svl_label,1,"Troglodytidae_Troglodytes_pacificus,9",,
jeantet-dufourq-2023,annomate,zenodo.7828148-v1-138083-4,svl_label,1,"Troglodytidae_Troglodytes_pacificus,9",,
jeantet-dufourq-2023,annomate,zenodo.7828148-v1-138310-1,svl_label,1,"Troglodytidae_Troglodytes_hiemalis,9",,
jeantet-dufourq-2023,annomate,zenodo.7828148-v1-138310-2,svl_label,1,"Troglodytidae_Troglodytes_hiemalis,9",,
jeantet-dufourq-2023,annomate,zenodo.7828148-v1-138310-3,svl_label,1,"Troglodytidae_Troglodytes_hiemalis,9",,
jeantet-dufourq-2023,annomate,zenodo.7828148-v1-138310-4,svl_label,1,"Troglodytidae_Troglodytes_hiemalis,9",,
jeantet-dufourq-2023,annomate,zenodo.7828148-v1-138310-5,svl_label,1,"Troglodytidae_Troglodytes_hiemalis,9",,
jeantet-dufourq-2023,annomate,zenodo.7828148-v1-138310-6,svl_label,1,"Troglodytidae_Troglodytes_hiemalis,9",,
jeantet-dufourq-2023,annomate,zenodo.7828148-v1-138310-7,svl_label,1,"Troglodytidae_Troglodytes_hiemalis,9",,
jeantet-dufourq-2023,annomate,zenodo.7828148-v1-138310-8,svl_label,1,"Troglodytidae_Troglodytes_hiemalis,9",,
jeantet-dufourq-2023,annomate,zenodo.7828148-v1-138311-1,svl_label,1,"Troglodytidae_Troglodytes_hiemalis,9",,
jeantet-dufourq-2023,annomate,zenodo.7828148-v1-138311-2,svl_label,1,"Troglodytidae_Troglodytes_hiemalis,9",,
jeantet-dufourq-2023,annomate,zenodo.7828148-v1-138311-3,svl_label,1,"Troglodytidae_Troglodytes_hiemalis,9",,
jeantet-dufourq-2023,annomate,zenodo.7828148-v1-138311-4,svl_label,1,"Troglodytidae_Troglodytes_hiemalis,9",,
jeantet-dufourq-2023,annomate,zenodo.7828148-v1-138480-1,svl_label,1,"Fringillidae_Serinus_serinus, 10",,
jeantet-dufourq-2023,annomate,zenodo.7828148-v1-138480-2,svl_label,1,"Fringillidae_Serinus_serinus, 10",,
jeantet-dufourq-2023,annomate,zenodo.7828148-v1-138480-3,svl_label,1,"Fringillidae_Serinus_serinus, 10",,
jeantet-dufourq-2023,annomate,zenodo.7828148-v1-138480-4,svl_label,1,"Fringillidae_Serinus_serinus, 10",,
jeantet-dufourq-2023,annomate,zenodo.7828148-v1-138480-5,svl_label,1,"Fringillidae_Serinus_serinus, 10",,
jeantet-dufourq-2023,annomate,zenodo.7828148-v1-138480-6,svl_label,1,"Fringillidae_Serinus_serinus, 10",,
jeantet-dufourq-2023,annomate,zenodo.7828148-v1-138480-7,svl_label,1,"Fringillidae_Serinus_serinus, 10",,
jeantet-dufourq-2023,annomate,zenodo.7828148-v1-138480-8,svl_label,1,"Fringillidae_Serinus_serinus, 10",,
jeantet-dufourq-2023,annomate,zenodo.7828148-v1-138480-9,svl_label,1,"Fringillidae_Serinus_serinus, 10",,
jeantet-dufourq-2023,annomate,zenodo.7828148-v1-138480-10,svl_label,1,"Fringillidae_Serinus_serinus, 10",,
jeantet-dufourq-2023,annomate,zenodo.7828148-v1-138480-11,svl_label,1,"Fringillidae_Serinus_serinus, 10",,
jeantet-dufourq-2023,annomate,zenodo.7828148-v1-138480-12,svl_label,1,"Fringillidae_Serinus_serinus, 10",,
jeantet-dufourq-2023,annomate,zenodo.7828148-v1-138480-13,svl_label,1,"Fringillidae_Serinus_serinus, 10",,
jeantet-dufourq-2023,annomate,zenodo.7828148-v1-138480-14,svl_label,1,"Fringillidae_Serinus_serinus, 10",,
jeantet-dufourq-2023,annomate,zenodo.7828148-v1-138480-15,svl_label,1,"Fringillidae_Serinus_serinus, 10",,
jeantet-dufourq-2023,annomate,zenodo.7828148-v1-138480-16,svl_label,1,"Fringillidae_Serinus_serinus, 10",,
jeantet-dufourq-2023,annomate,zenodo.7828148-v1-13854-1,svl_label,1,"Turdidae_Catharus_fuscescens,9",,
jeantet-dufourq-2023,annomate,zenodo.7828148-v1-13854-2,svl_label,1,"Turdidae_Catharus_fuscescens,9",,
jeantet-dufourq-2023,annomate,zenodo.7828148-v1-13854-3,svl_label,1,"Turdidae_Catharus_fuscescens,9",,
jeantet-dufourq-2023,annomate,zenodo.7828148-v1-13854-4,svl_label,1,"Turdidae_Catharus_fuscescens,9",,
jeantet-dufourq-2023,annomate,zenodo.7828148-v1-13854-5,svl_label,1,"Turdidae_Catharus_fuscescens,9",,
jeantet-dufourq-2023,annomate,zenodo.7828148-v1-13854-6,svl_label,1,"Turdidae_Catharus_fuscescens,9",,
jeantet-dufourq-2023,annomate,zenodo.7828148-v1-13854-7,svl_label,1,"Turdidae_Catharus_fuscescens,9",,
jeantet-dufourq-2023,annomate,zenodo.7828148-v1-13854-8,svl_label,1,"Turdidae_Catharus_fuscescens,9",,
jeantet-dufourq-2023,annomate,zenodo.7828148-v1-13854-9,svl_label,1,"Turdidae_Catharus_fuscescens,9",,
jeantet-dufourq-2023,annomate,zenodo.7828148-v1-13854-10,svl_label,1,"Turdidae_Catharus_fuscescens,9",,
jeantet-dufourq-2023,annomate,zenodo.7828148-v1-13856-1,svl_label,1,"Turdidae_Catharus_fuscescens,9",,
jeantet-dufourq-2023,annomate,zenodo.7828148-v1-13856-2,svl_label,1,"Turdidae_Catharus_fuscescens,9",,
jeantet-dufourq-2023,annomate,zenodo.7828148-v1-13856-3,svl_label,1,"Turdidae_Catharus_fuscescens,9",,
jeantet-dufourq-2023,annomate,zenodo.7828148-v1-13856-4,svl_label,1,"Turdidae_Catharus_fuscescens,9",,
jeantet-dufourq-2023,annomate,zenodo.7828148-v1-13856-5,svl_label,1,"Turdidae_Catharus_fuscescens,9",,
jeantet-dufourq-2023,annomate,zenodo.7828148-v1-13856-6,svl_label,1,"Turdidae_Catharus_fuscescens,9",,
jeantet-dufourq-2023,annomate,zenodo.7828148-v1-13856-7,svl_label,1,"Turdidae_Catharus_fuscescens,9",,
jeantet-dufourq-2023,annomate,zenodo.7828148-v1-139585-1,svl_label,1,"Turdidae_Catharus_minimus,8",,
jeantet-dufourq-2023,annomate,zenodo.7828148-v1-139585-2,svl_label,1,"Turdidae_Catharus_minimus,8",,
jeantet-dufourq-2023,annomate,zenodo.7828148-v1-139585-3,svl_label,1,"Turdidae_Catharus_minimus,8",,
jeantet-dufourq-2023,annomate,zenodo.7828148-v1-139585-4,svl_label,1,"Turdidae_Catharus_minimus,8",,
jeantet-dufourq-2023,annomate,zenodo.7828148-v1-139585-5,svl_label,1,"Turdidae_Catharus_minimus,8",,
jeantet-dufourq-2023,annomate,zenodo.7828148-v1-139585-6,svl_label,1,"Turdidae_Catharus_minimus,8",,
jeantet-dufourq-2023,annomate,zenodo.7828148-v1-139585-7,svl_label,1,"Turdidae_Catharus_minimus,8",,
jeantet-dufourq-2023,annomate,zenodo.7828148-v1-139585-8,svl_label,1,"Turdidae_Catharus_minimus,8",,
jeantet-dufourq-2023,annomate,zenodo.7828148-v1-139585-9,svl_label,1,"Turdidae_Catharus_minimus,8",,
jeantet-dufourq-2023,annomate,zenodo.7828148-v1-139585-10,svl_label,1,"Turdidae_Catharus_minimus,8",,
jeantet-dufourq-2023,annomate,zenodo.7828148-v1-139585-11,svl_label,1,"Turdidae_Catharus_minimus,8",,
jeantet-dufourq-2023,annomate,zenodo.7828148-v1-139585-12,svl_label,1,"Turdidae_Catharus_minimus,8",,
jeantet-dufourq-2023,annomate,zenodo.7828148-v1-139585-13,svl_label,1,"Turdidae_Catharus_minimus,8",,
jeantet-dufourq-2023,annomate,zenodo.7828148-v1-139587-1,svl_label,1,"Turdidae_Catharus_minimus, 10",,
jeantet-dufourq-2023,annomate,zenodo.7828148-v1-139587-2,svl_label,1,"Turdidae_Catharus_minimus, 10",,
jeantet-dufourq-2023,annomate,zenodo.7828148-v1-139587-3,svl_label,1,"Turdidae_Catharus_minimus, 10",,
jeantet-dufourq-2023,annomate,zenodo.7828148-v1-139587-4,svl_label,1,"Turdidae_Catharus_minimus, 10",,
jeantet-dufourq-2023,annomate,zenodo.7828148-v1-139587-5,svl_label,1,"Turdidae_Catharus_minimus, 10",,
jeantet-dufourq-2023,annomate,zenodo.7828148-v1-139818-1,svl_label,1,"Turdidae_Catharus_guttatus,9",,
jeantet-dufourq-2023,annomate,zenodo.7828148-v1-139818-2,svl_label,1,"Turdidae_Catharus_guttatus,9",,
jeantet-dufourq-2023,annomate,zenodo.7828148-v1-139818-3,svl_label,1,"Turdidae_Catharus_guttatus,9",,
jeantet-dufourq-2023,annomate,zenodo.7828148-v1-139818-4,svl_label,1,"Turdidae_Catharus_guttatus,9",,
jeantet-dufourq-2023,annomate,zenodo.7828148-v1-139818-5,svl_label,1,"Turdidae_Catharus_guttatus,9",,
jeantet-dufourq-2023,annomate,zenodo.7828148-v1-139818-6,svl_label,1,"Turdidae_Catharus_guttatus,9",,
jeantet-dufourq-2023,annomate,zenodo.7828148-v1-139818-7,svl_label,1,"Turdidae_Catharus_guttatus,9",,
jeantet-dufourq-2023,annomate,zenodo.7828148-v1-139818-8,svl_label,1,"Turdidae_Catharus_guttatus,9",,
jeantet-dufourq-2023,annomate,zenodo.7828148-v1-139818-9,svl_label,1,"Turdidae_Catharus_guttatus,9",,
jeantet-dufourq-2023,annomate,zenodo.7828148-v1-139818-10,svl_label,1,"Turdidae_Catharus_guttatus,9",,
jeantet-dufourq-2023,annomate,zenodo.7828148-v1-139818-11,svl_label,1,"Turdidae_Catharus_guttatus,9",,
jeantet-dufourq-2023,annomate,zenodo.7828148-v1-139818-12,svl_label,1,"Turdidae_Catharus_guttatus,9",,
jeantet-dufourq-2023,annomate,zenodo.7828148-v1-139818-13,svl_label,1,"Turdidae_Catharus_guttatus,9",,
jeantet-dufourq-2023,annomate,zenodo.7828148-v1-139818-14,svl_label,1,"Turdidae_Catharus_guttatus,9",,
jeantet-dufourq-2023,annomate,zenodo.7828148-v1-139818-15,svl_label,1,"Turdidae_Catharus_guttatus,9",,
jeantet-dufourq-2023,annomate,zenodo.7828148-v1-139818-16,svl_label,1,"Turdidae_Catharus_guttatus,9",,
jeantet-dufourq-2023,annomate,zenodo.7828148-v1-139818-17,svl_label,1,"Turdidae_Catharus_guttatus,9",,
jeantet-dufourq-2023,annomate,zenodo.7828148-v1-139818-18,svl_label,1,"Turdidae_Catharus_guttatus,9",,
jeantet-dufourq-2023,annomate,zenodo.7828148-v1-139818-19,svl_label,1,"Turdidae_Catharus_guttatus,9",,
jeantet-dufourq-2023,annomate,zenodo.7828148-v1-139818-20,svl_label,1,"Turdidae_Catharus_guttatus,9",,
jeantet-dufourq-2023,annomate,zenodo.7828148-v1-139818-21,svl_label,1,"Turdidae_Catharus_guttatus,9",,
jeantet-dufourq-2023,annomate,zenodo.7828148-v1-139818-22,svl_label,1,"Turdidae_Catharus_guttatus,9",,
jeantet-dufourq-2023,annomate,zenodo.7828148-v1-139818-23,svl_label,1,"Turdidae_Catharus_guttatus,9",,
jeantet-dufourq-2023,annomate,zenodo.7828148-v1-139818-24,svl_label,1,"Turdidae_Catharus_guttatus,9",,
jeantet-dufourq-2023,annomate,zenodo.7828148-v1-139818-25,svl_label,1,"Turdidae_Catharus_guttatus,9",,
jeantet-dufourq-2023,annomate,zenodo.7828148-v1-139818-26,svl_label,1,"Turdidae_Catharus_guttatus,9",,
jeantet-dufourq-2023,annomate,zenodo.7828148-v1-139818-27,svl_label,1,"Turdidae_Catharus_guttatus,9",,
jeantet-dufourq-2023,annomate,zenodo.7828148-v1-139818-28,svl_label,1,"Turdidae_Catharus_guttatus,9",,
jeantet-dufourq-2023,annomate,zenodo.7828148-v1-139818-29,svl_label,1,"Turdidae_Catharus_guttatus,9",,
jeantet-dufourq-2023,annomate,zenodo.7828148-v1-139818-30,svl_label,1,"Turdidae_Catharus_guttatus,9",,
jeantet-dufourq-2023,annomate,zenodo.7828148-v1-139818-31,svl_label,1,"Turdidae_Catharus_guttatus,9",,
jeantet-dufourq-2023,annomate,zenodo.7828148-v1-139818-32,svl_label,1,"Turdidae_Catharus_guttatus,9",,
jeantet-dufourq-2023,annomate,zenodo.7828148-v1-139818-33,svl_label,1,"Turdidae_Catharus_guttatus,9",,
jeantet-dufourq-2023,annomate,zenodo.7828148-v1-139818-34,svl_label,1,"Turdidae_Catharus_guttatus,9",,
jeantet-dufourq-2023,annomate,zenodo.7828148-v1-14035-1,svl_label,1,"Turdidae_Catharus_aurantiirostris,9",,
jeantet-dufourq-2023,annomate,zenodo.7828148-v1-14035-2,svl_label,1,"Turdidae_Catharus_aurantiirostris,9",,
jeantet-dufourq-2023,annomate,zenodo.7828148-v1-14035-3,svl_label,1,"Turdidae_Catharus_aurantiirostris,9",,
jeantet-dufourq-2023,annomate,zenodo.7828148-v1-14035-4,svl_label,1,"Turdidae_Catharus_aurantiirostris,8",,
jeantet-dufourq-2023,annomate,zenodo.7828148-v1-14035-5,svl_label,1,"Turdidae_Catharus_aurantiirostris,8",,
jeantet-dufourq-2023,annomate,zenodo.7828148-v1-14035-6,svl_label,1,"Turdidae_Catharus_aurantiirostris,9",,
jeantet-dufourq-2023,annomate,zenodo.7828148-v1-14035-7,svl_label,1,"Turdidae_Catharus_aurantiirostris,9",,
jeantet-dufourq-2023,annomate,zenodo.7828148-v1-14035-8,svl_label,1,"Turdidae_Catharus_aurantiirostris,9",,
jeantet-dufourq-2023,annomate,zenodo.7828148-v1-14035-9,svl_label,1,"Turdidae_Catharus_aurantiirostris,9",,
jeantet-dufourq-2023,annomate,zenodo.7828148-v1-14035-10,svl_label,1,"Turdidae_Catharus_aurantiirostris,9",,
jeantet-dufourq-2023,annomate,zenodo.7828148-v1-14035-11,svl_label,1,"Turdidae_Catharus_aurantiirostris,9",,
jeantet-dufourq-2023,annomate,zenodo.7828148-v1-14035-12,svl_label,1,"Turdidae_Catharus_aurantiirostris,9",,
jeantet-dufourq-2023,annomate,zenodo.7828148-v1-140575-1,svl_label,1,"Fringillidae_Serinus_serinus,8",,
jeantet-dufourq-2023,annomate,zenodo.7828148-v1-140575-2,svl_label,1,"Fringillidae_Serinus_serinus,9",,
jeantet-dufourq-2023,annomate,zenodo.7828148-v1-140575-3,svl_label,1,"Fringillidae_Serinus_serinus,7",,
jeantet-dufourq-2023,annomate,zenodo.7828148-v1-140575-4,svl_label,1,"Fringillidae_Serinus_serinus,9",,
jeantet-dufourq-2023,annomate,zenodo.7828148-v1-140575-5,svl_label,1,"Fringillidae_Serinus_serinus,9",,
jeantet-dufourq-2023,annomate,zenodo.7828148-v1-14081-1,svl_label,1,"Turdidae_Catharus_guttatus,9",,
jeantet-dufourq-2023,annomate,zenodo.7828148-v1-14081-2,svl_label,1,"Turdidae_Catharus_guttatus,9",,
jeantet-dufourq-2023,annomate,zenodo.7828148-v1-14081-3,svl_label,1,"Turdidae_Catharus_guttatus,9",,
jeantet-dufourq-2023,annomate,zenodo.7828148-v1-14081-4,svl_label,1,"Turdidae_Catharus_guttatus,9",,
jeantet-dufourq-2023,annomate,zenodo.7828148-v1-14081-5,svl_label,1,"Turdidae_Catharus_guttatus,9",,
jeantet-dufourq-2023,annomate,zenodo.7828148-v1-14081-6,svl_label,1,"Turdidae_Catharus_guttatus,9",,
jeantet-dufourq-2023,annomate,zenodo.7828148-v1-14081-7,svl_label,1,"Turdidae_Catharus_guttatus,9",,
jeantet-dufourq-2023,annomate,zenodo.7828148-v1-14081-8,svl_label,1,"Turdidae_Catharus_guttatus,9",,
jeantet-dufourq-2023,annomate,zenodo.7828148-v1-14081-9,svl_label,1,"Turdidae_Catharus_guttatus,9",,
jeantet-dufourq-2023,annomate,zenodo.7828148-v1-14082-1,svl_label,1,"Turdidae_Catharus_ustulatus,9",,
jeantet-dufourq-2023,annomate,zenodo.7828148-v1-14082-2,svl_label,1,"Turdidae_Catharus_ustulatus,9",,
jeantet-dufourq-2023,annomate,zenodo.7828148-v1-14082-3,svl_label,1,"Turdidae_Catharus_ustulatus,9",,
jeantet-dufourq-2023,annomate,zenodo.7828148-v1-14199-1,svl_label,1,"Turdidae_Catharus_ustulatus,9",,
jeantet-dufourq-2023,annomate,zenodo.7828148-v1-14199-2,svl_label,1,"Turdidae_Catharus_ustulatus,9",,
jeantet-dufourq-2023,annomate,zenodo.7828148-v1-14199-3,svl_label,1,"Turdidae_Catharus_ustulatus,9",,
jeantet-dufourq-2023,annomate,zenodo.7828148-v1-14199-4,svl_label,1,"Turdidae_Catharus_ustulatus,9",,
jeantet-dufourq-2023,annomate,zenodo.7828148-v1-14199-5,svl_label,1,"Turdidae_Catharus_ustulatus,9",,
jeantet-dufourq-2023,annomate,zenodo.7828148-v1-14200-1,svl_label,1,"Turdidae_Catharus_ustulatus,9",,
jeantet-dufourq-2023,annomate,zenodo.7828148-v1-14200-2,svl_label,1,"Turdidae_Catharus_ustulatus,9",,
jeantet-dufourq-2023,annomate,zenodo.7828148-v1-14200-3,svl_label,1,"Turdidae_Catharus_ustulatus,9",,
jeantet-dufourq-2023,annomate,zenodo.7828148-v1-14200-4,svl_label,1,"Turdidae_Catharus_ustulatus,9",,
jeantet-dufourq-2023,annomate,zenodo.7828148-v1-14200-5,svl_label,1,"Turdidae_Catharus_ustulatus,9",,
jeantet-dufourq-2023,annomate,zenodo.7828148-v1-14202-1,svl_label,1,"Turdidae_Catharus_ustulatus,9",,
jeantet-dufourq-2023,annomate,zenodo.7828148-v1-14202-2,svl_label,1,"Turdidae_Catharus_ustulatus,9",,
jeantet-dufourq-2023,annomate,zenodo.7828148-v1-14202-3,svl_label,1,"Turdidae_Catharus_ustulatus,9",,
jeantet-dufourq-2023,annomate,zenodo.7828148-v1-14202-4,svl_label,1,"Turdidae_Catharus_ustulatus,9",,
jeantet-dufourq-2023,annomate,zenodo.7828148-v1-14202-5,svl_label,1,"Turdidae_Catharus_ustulatus,9",,
jeantet-dufourq-2023,annomate,zenodo.7828148-v1-14202-6,svl_label,1,"Turdidae_Catharus_ustulatus,9",,
jeantet-dufourq-2023,annomate,zenodo.7828148-v1-14202-7,svl_label,1,"Turdidae_Catharus_ustulatus,9",,
jeantet-dufourq-2023,annomate,zenodo.7828148-v1-14202-8,svl_label,1,"Turdidae_Catharus_ustulatus,9",,
jeantet-dufourq-2023,annomate,zenodo.7828148-v1-14202-9,svl_label,1,"Turdidae_Catharus_ustulatus,9",,
jeantet-dufourq-2023,annomate,zenodo.7828148-v1-14202-10,svl_label,1,"Turdidae_Catharus_ustulatus,9",,
jeantet-dufourq-2023,annomate,zenodo.7828148-v1-14202-11,svl_label,1,"Turdidae_Catharus_ustulatus,9",,
jeantet-dufourq-2023,annomate,zenodo.7828148-v1-14202-12,svl_label,1,"Turdidae_Catharus_ustulatus,9",,
jeantet-dufourq-2023,annomate,zenodo.7828148-v1-14202-13,svl_label,1,"Turdidae_Catharus_ustulatus,9",,
jeantet-dufourq-2023,annomate,zenodo.7828148-v1-14202-14,svl_label,1,"Turdidae_Catharus_ustulatus,9",,
jeantet-dufourq-2023,annomate,zenodo.7828148-v1-14202-15,svl_label,1,"Turdidae_Catharus_ustulatus,9",,
jeantet-dufourq-2023,annomate,zenodo.7828148-v1-14202-16,svl_label,1,"Turdidae_Catharus_ustulatus,9",,
jeantet-dufourq-2023,annomate,zenodo.7828148-v1-14202-17,svl_label,1,"Turdidae_Catharus_ustulatus,9",,
jeantet-dufourq-2023,annomate,zenodo.7828148-v1-14202-18,svl_label,1,"Turdidae_Catharus_ustulatus,9",,
jeantet-dufourq-2023,annomate,zenodo.7828148-v1-14202-19,svl_label,1,"Turdidae_Catharus_ustulatus,9",,
jeantet-dufourq-2023,annomate,zenodo.7828148-v1-14208-2,svl_label,1,"Turdidae_Catharus_guttatus,9",,
jeantet-dufourq-2023,annomate,zenodo.7828148-v1-14208-3,svl_label,1,"Turdidae_Catharus_guttatus,9",,
jeantet-dufourq-2023,annomate,zenodo.7828148-v1-14208-4,svl_label,1,"Turdidae_Catharus_guttatus,9",,
jeantet-dufourq-2023,annomate,zenodo.7828148-v1-14208-5,svl_label,1,"Turdidae_Catharus_guttatus,9",,
jeantet-dufourq-2023,annomate,zenodo.7828148-v1-14208-6,svl_label,1,"Turdidae_Catharus_guttatus,9",,
jeantet-dufourq-2023,annomate,zenodo.7828148-v1-14208-7,svl_label,1,"Turdidae_Catharus_guttatus,9",,
jeantet-dufourq-2023,annomate,zenodo.7828148-v1-14208-8,svl_label,1,"Turdidae_Catharus_guttatus,9",,
jeantet-dufourq-2023,annomate,zenodo.7828148-v1-14209-1,svl_label,1,"Turdidae_Catharus_guttatus,9",,
jeantet-dufourq-2023,annomate,zenodo.7828148-v1-14209-2,svl_label,1,"Turdidae_Catharus_guttatus,9",,
jeantet-dufourq-2023,annomate,zenodo.7828148-v1-14209-3,svl_label,1,"Turdidae_Catharus_guttatus,9",,
jeantet-dufourq-2023,annomate,zenodo.7828148-v1-14209-4,svl_label,1,"Turdidae_Catharus_guttatus,9",,
jeantet-dufourq-2023,annomate,zenodo.7828148-v1-14209-5,svl_label,1,"Turdidae_Catharus_guttatus,9",,
jeantet-dufourq-2023,annomate,zenodo.7828148-v1-14209-6,svl_label,1,"Turdidae_Catharus_guttatus,9",,
jeantet-dufourq-2023,annomate,zenodo.7828148-v1-14209-7,svl_label,1,"Turdidae_Catharus_guttatus,9",,
jeantet-dufourq-2023,annomate,zenodo.7828148-v1-14209-8,svl_label,1,"Turdidae_Catharus_guttatus,9",,
jeantet-dufourq-2023,annomate,zenodo.7828148-v1-14209-9,svl_label,1,"Turdidae_Catharus_guttatus,9",,
jeantet-dufourq-2023,annomate,zenodo.7828148-v1-14209-10,svl_label,1,"Turdidae_Catharus_guttatus,9",,
jeantet-dufourq-2023,annomate,zenodo.7828148-v1-14209-11,svl_label,1,"Turdidae_Catharus_guttatus,9",,
jeantet-dufourq-2023,annomate,zenodo.7828148-v1-14209-12,svl_label,1,"Turdidae_Catharus_guttatus,9",,
jeantet-dufourq-2023,annomate,zenodo.7828148-v1-14209-13,svl_label,1,"Turdidae_Catharus_guttatus,9",,
jeantet-dufourq-2023,annomate,zenodo.7828148-v1-14209-14,svl_label,1,"Turdidae_Catharus_guttatus,9",,
jeantet-dufourq-2023,annomate,zenodo.7828148-v1-14209-15,svl_label,1,"Turdidae_Catharus_guttatus,9",,
jeantet-dufourq-2023,annomate,zenodo.7828148-v1-14209-16,svl_label,1,"Turdidae_Catharus_guttatus,9",,
jeantet-dufourq-2023,annomate,zenodo.7828148-v1-142584-1,svl_label,1,"Troglodytidae_Troglodytes_hiemalis,9",,
jeantet-dufourq-2023,annomate,zenodo.7828148-v1-142584-2,svl_label,1,"Troglodytidae_Troglodytes_hiemalis,9",,
jeantet-dufourq-2023,annomate,zenodo.7828148-v1-142584-3,svl_label,1,"Troglodytidae_Troglodytes_hiemalis,9",,
jeantet-dufourq-2023,annomate,zenodo.7828148-v1-142584-4,svl_label,1,"Troglodytidae_Troglodytes_hiemalis,9",,
jeantet-dufourq-2023,annomate,zenodo.7828148-v1-142584-5,svl_label,1,"Troglodytidae_Troglodytes_hiemalis,9",,
jeantet-dufourq-2023,annomate,zenodo.7828148-v1-142584-6,svl_label,1,"Troglodytidae_Troglodytes_hiemalis,9",,
jeantet-dufourq-2023,annomate,zenodo.7828148-v1-142584-7,svl_label,1,"Troglodytidae_Troglodytes_hiemalis,9",,
jeantet-dufourq-2023,annomate,zenodo.7828148-v1-142584-8,svl_label,1,"Troglodytidae_Troglodytes_hiemalis,9",,
jeantet-dufourq-2023,annomate,zenodo.7828148-v1-142584-9,svl_label,1,"Troglodytidae_Troglodytes_hiemalis,9",,
jeantet-dufourq-2023,annomate,zenodo.7828148-v1-142584-10,svl_label,1,"Troglodytidae_Troglodytes_hiemalis,9",,
jeantet-dufourq-2023,annomate,zenodo.7828148-v1-142584-11,svl_label,1,"Troglodytidae_Troglodytes_hiemalis,9",,
jeantet-dufourq-2023,annomate,zenodo.7828148-v1-142584-12,svl_label,1,"Troglodytidae_Troglodytes_hiemalis,9",,
jeantet-dufourq-2023,annomate,zenodo.7828148-v1-142584-13,svl_label,1,"Troglodytidae_Troglodytes_hiemalis,9",,
jeantet-dufourq-2023,annomate,zenodo.7828148-v1-142584-14,svl_label,1,"Troglodytidae_Troglodytes_hiemalis,9",,
jeantet-dufourq-2023,annomate,zenodo.7828148-v1-142584-15,svl_label,1,"Troglodytidae_Troglodytes_hiemalis,9",,
jeantet-dufourq-2023,annomate,zenodo.7828148-v1-142745-1,svl_label,1,"Turdidae_Catharus_fuscescens,8",,
jeantet-dufourq-2023,annomate,zenodo.7828148-v1-142745-2,svl_label,1,"Turdidae_Catharus_fuscescens,8",,
jeantet-dufourq-2023,annomate,zenodo.7828148-v1-142745-3,svl_label,1,"Turdidae_Catharus_fuscescens,8",,
jeantet-dufourq-2023,annomate,zenodo.7828148-v1-142745-4,svl_label,1,"Turdidae_Catharus_fuscescens,8",,
jeantet-dufourq-2023,annomate,zenodo.7828148-v1-142745-5,svl_label,1,"Turdidae_Catharus_fuscescens,8",,
jeantet-dufourq-2023,annomate,zenodo.7828148-v1-142745-6,svl_label,1,"Turdidae_Catharus_fuscescens,8",,
jeantet-dufourq-2023,annomate,zenodo.7828148-v1-142745-7,svl_label,1,"Turdidae_Catharus_fuscescens,8",,
jeantet-dufourq-2023,annomate,zenodo.7828148-v1-143424-1,svl_label,1,"Troglodytidae_Troglodytes_pacificus,9",,
jeantet-dufourq-2023,annomate,zenodo.7828148-v1-143424-2,svl_label,1,"Troglodytidae_Troglodytes_pacificus,9",,
jeantet-dufourq-2023,annomate,zenodo.7828148-v1-143636-1,svl_label,1,"Turdidae_Catharus_guttatus,9",,
jeantet-dufourq-2023,annomate,zenodo.7828148-v1-143636-2,svl_label,1,"Turdidae_Catharus_guttatus,9",,
jeantet-dufourq-2023,annomate,zenodo.7828148-v1-143636-3,svl_label,1,"Turdidae_Catharus_guttatus,9",,
jeantet-dufourq-2023,annomate,zenodo.7828148-v1-143636-4,svl_label,1,"Turdidae_Catharus_guttatus,9",,
jeantet-dufourq-2023,annomate,zenodo.7828148-v1-143636-5,svl_label,1,"Turdidae_Catharus_guttatus,9",,
jeantet-dufourq-2023,annomate,zenodo.7828148-v1-14408-1,svl_label,1,"Turdidae_Catharus_ustulatus,9",,
jeantet-dufourq-2023,annomate,zenodo.7828148-v1-14408-2,svl_label,1,"Turdidae_Catharus_ustulatus,9",,
jeantet-dufourq-2023,annomate,zenodo.7828148-v1-14408-3,svl_label,1,"Turdidae_Catharus_ustulatus,9",,
jeantet-dufourq-2023,annomate,zenodo.7828148-v1-14408-4,svl_label,1,"Turdidae_Catharus_ustulatus,9",,
jeantet-dufourq-2023,annomate,zenodo.7828148-v1-14408-5,svl_label,1,"Turdidae_Catharus_ustulatus,9",,
jeantet-dufourq-2023,annomate,zenodo.7828148-v1-14408-6,svl_label,1,"Turdidae_Catharus_ustulatus,9",,
jeantet-dufourq-2023,annomate,zenodo.7828148-v1-14408-7,svl_label,1,"Turdidae_Catharus_ustulatus,9",,
jeantet-dufourq-2023,annomate,zenodo.7828148-v1-144121-1,svl_label,1,"Turdidae_Catharus_guttatus,8",,
jeantet-dufourq-2023,annomate,zenodo.7828148-v1-144121-2,svl_label,1,"Turdidae_Catharus_guttatus,8",,
jeantet-dufourq-2023,annomate,zenodo.7828148-v1-144121-3,svl_label,1,"Turdidae_Catharus_guttatus,8",,
jeantet-dufourq-2023,annomate,zenodo.7828148-v1-144121-4,svl_label,1,"Turdidae_Catharus_guttatus,8",,
jeantet-dufourq-2023,annomate,zenodo.7828148-v1-144121-5,svl_label,1,"Turdidae_Catharus_guttatus,8",,
jeantet-dufourq-2023,annomate,zenodo.7828148-v1-144121-6,svl_label,1,"Turdidae_Catharus_guttatus,8",,
jeantet-dufourq-2023,annomate,zenodo.7828148-v1-144121-7,svl_label,1,"Turdidae_Catharus_guttatus,8",,
jeantet-dufourq-2023,annomate,zenodo.7828148-v1-144121-8,svl_label,1,"Turdidae_Catharus_guttatus,8",,
jeantet-dufourq-2023,annomate,zenodo.7828148-v1-144121-9,svl_label,1,"Turdidae_Catharus_guttatus,8",,
jeantet-dufourq-2023,annomate,zenodo.7828148-v1-144121-10,svl_label,1,"Turdidae_Catharus_guttatus,8",,
jeantet-dufourq-2023,annomate,zenodo.7828148-v1-144121-11,svl_label,1,"Turdidae_Catharus_guttatus,8",,
jeantet-dufourq-2023,annomate,zenodo.7828148-v1-144121-12,svl_label,1,"Turdidae_Catharus_guttatus,8",,
jeantet-dufourq-2023,annomate,zenodo.7828148-v1-144121-13,svl_label,1,"Turdidae_Catharus_guttatus,8",,
jeantet-dufourq-2023,annomate,zenodo.7828148-v1-144121-14,svl_label,1,"Turdidae_Catharus_guttatus,8",,
jeantet-dufourq-2023,annomate,zenodo.7828148-v1-144121-15,svl_label,1,"Turdidae_Catharus_guttatus,8",,
jeantet-dufourq-2023,annomate,zenodo.7828148-v1-144121-16,svl_label,1,"Turdidae_Catharus_guttatus,8",,
jeantet-dufourq-2023,annomate,zenodo.7828148-v1-144121-17,svl_label,1,"Turdidae_Catharus_guttatus,8",,
jeantet-dufourq-2023,annomate,zenodo.7828148-v1-144121-18,svl_label,1,"Turdidae_Catharus_guttatus,8",,
jeantet-dufourq-2023,annomate,zenodo.7828148-v1-144121-19,svl_label,1,"Turdidae_Catharus_guttatus,8",,
jeantet-dufourq-2023,annomate,zenodo.7828148-v1-144121-20,svl_label,1,"Turdidae_Catharus_guttatus,8",,
jeantet-dufourq-2023,annomate,zenodo.7828148-v1-14465-1,svl_label,1,"Turdidae_Catharus_ustulatus,9",,
jeantet-dufourq-2023,annomate,zenodo.7828148-v1-14465-2,svl_label,1,"Turdidae_Catharus_ustulatus,9",,
jeantet-dufourq-2023,annomate,zenodo.7828148-v1-14465-3,svl_label,1,"Turdidae_Catharus_ustulatus,9",,
jeantet-dufourq-2023,annomate,zenodo.7828148-v1-14465-4,svl_label,1,"Turdidae_Catharus_ustulatus,9",,
jeantet-dufourq-2023,annomate,zenodo.7828148-v1-14465-5,svl_label,1,"Turdidae_Catharus_ustulatus,9",,
jeantet-dufourq-2023,annomate,zenodo.7828148-v1-14465-6,svl_label,1,"Turdidae_Catharus_ustulatus,9",,
jeantet-dufourq-2023,annomate,zenodo.7828148-v1-14465-7,svl_label,1,"Turdidae_Catharus_ustulatus,9",,
jeantet-dufourq-2023,annomate,zenodo.7828148-v1-14465-8,svl_label,1,"Turdidae_Catharus_ustulatus,9",,
jeantet-dufourq-2023,annomate,zenodo.7828148-v1-14466-1,svl_label,1,"Turdidae_Catharus_ustulatus,9",,
jeantet-dufourq-2023,annomate,zenodo.7828148-v1-14466-2,svl_label,1,"Turdidae_Catharus_ustulatus,9",,
jeantet-dufourq-2023,annomate,zenodo.7828148-v1-14466-3,svl_label,1,"Turdidae_Catharus_ustulatus,9",,
jeantet-dufourq-2023,annomate,zenodo.7828148-v1-14466-4,svl_label,1,"Turdidae_Catharus_ustulatus,9",,
jeantet-dufourq-2023,annomate,zenodo.7828148-v1-145618-1,svl_label,1,"Turdidae_Catharus_fuscater,9",,
jeantet-dufourq-2023,annomate,zenodo.7828148-v1-145618-2,svl_label,1,"Turdidae_Catharus_fuscater,9",,
jeantet-dufourq-2023,annomate,zenodo.7828148-v1-145618-3,svl_label,1,"Turdidae_Catharus_fuscater,9",,
jeantet-dufourq-2023,annomate,zenodo.7828148-v1-145618-4,svl_label,1,"Turdidae_Catharus_fuscater,9",,
jeantet-dufourq-2023,annomate,zenodo.7828148-v1-145618-5,svl_label,1,"Turdidae_Catharus_fuscater,9",,
jeantet-dufourq-2023,annomate,zenodo.7828148-v1-147739-1,svl_label,1,"Turdidae_Catharus_minimus, 10",,
jeantet-dufourq-2023,annomate,zenodo.7828148-v1-147739-2,svl_label,1,"Turdidae_Catharus_minimus, 10",,
jeantet-dufourq-2023,annomate,zenodo.7828148-v1-147739-3,svl_label,1,"Turdidae_Catharus_minimus, 10",,
jeantet-dufourq-2023,annomate,zenodo.7828148-v1-147739-4,svl_label,1,"Turdidae_Catharus_minimus, 10",,
jeantet-dufourq-2023,annomate,zenodo.7828148-v1-147739-5,svl_label,1,"Turdidae_Catharus_minimus, 10",,
jeantet-dufourq-2023,annomate,zenodo.7828148-v1-147739-6,svl_label,1,"Turdidae_Catharus_minimus, 10",,
jeantet-dufourq-2023,annomate,zenodo.7828148-v1-147739-7,svl_label,1,"Turdidae_Catharus_minimus, 10",,
jeantet-dufourq-2023,annomate,zenodo.7828148-v1-147739-8,svl_label,1,"Turdidae_Catharus_minimus, 10",,
jeantet-dufourq-2023,annomate,zenodo.7828148-v1-147739-9,svl_label,1,"Turdidae_Catharus_minimus, 10",,
jeantet-dufourq-2023,annomate,zenodo.7828148-v1-147739-10,svl_label,1,"Turdidae_Catharus_minimus, 10",,
jeantet-dufourq-2023,annomate,zenodo.7828148-v1-147739-11,svl_label,1,"Turdidae_Catharus_minimus, 10",,
jeantet-dufourq-2023,annomate,zenodo.7828148-v1-147739-12,svl_label,1,"Turdidae_Catharus_minimus, 10",,
jeantet-dufourq-2023,annomate,zenodo.7828148-v1-147754-1,svl_label,1,"Paridae_Saxicola_gutturalis,9",,
jeantet-dufourq-2023,annomate,zenodo.7828148-v1-147754-2,svl_label,1,"Paridae_Saxicola_gutturalis,9",,
jeantet-dufourq-2023,annomate,zenodo.7828148-v1-147754-3,svl_label,1,"Paridae_Saxicola_gutturalis,9",,
jeantet-dufourq-2023,annomate,zenodo.7828148-v1-147754-4,svl_label,1,"Paridae_Saxicola_gutturalis,9",,
jeantet-dufourq-2023,annomate,zenodo.7828148-v1-147754-5,svl_label,1,"Paridae_Saxicola_gutturalis,9",,
jeantet-dufourq-2023,annomate,zenodo.7828148-v1-148453-1,svl_label,1,"Fringillidae_Serinus_serinus,9",,
jeantet-dufourq-2023,annomate,zenodo.7828148-v1-148453-2,svl_label,1,"Fringillidae_Serinus_serinus,9",,
jeantet-dufourq-2023,annomate,zenodo.7828148-v1-148453-3,svl_label,1,"Fringillidae_Serinus_serinus,9",,
jeantet-dufourq-2023,annomate,zenodo.7828148-v1-148453-4,svl_label,1,"Fringillidae_Serinus_serinus,9",,
jeantet-dufourq-2023,annomate,zenodo.7828148-v1-148453-5,svl_label,1,"Fringillidae_Serinus_serinus,9",,
jeantet-dufourq-2023,annomate,zenodo.7828148-v1-148453-6,svl_label,1,"Fringillidae_Serinus_serinus,9",,
jeantet-dufourq-2023,annomate,zenodo.7828148-v1-148453-7,svl_label,1,"Fringillidae_Serinus_serinus,9",,
jeantet-dufourq-2023,annomate,zenodo.7828148-v1-148547-1,svl_label,1,"Paridae_Hypocnemis_hypoxantha,8",,
jeantet-dufourq-2023,annomate,zenodo.7828148-v1-148547-2,svl_label,1,"Paridae_Hypocnemis_hypoxantha,8",,
jeantet-dufourq-2023,annomate,zenodo.7828148-v1-148547-3,svl_label,1,"Paridae_Hypocnemis_hypoxantha,8",,
jeantet-dufourq-2023,annomate,zenodo.7828148-v1-148550-1,svl_label,1,"Paridae_Hypocnemis_peruviana,8",,
jeantet-dufourq-2023,annomate,zenodo.7828148-v1-148550-2,svl_label,1,"Paridae_Hypocnemis_peruviana,8",,
jeantet-dufourq-2023,annomate,zenodo.7828148-v1-148550-3,svl_label,1,"Paridae_Hypocnemis_peruviana,8",,
jeantet-dufourq-2023,annomate,zenodo.7828148-v1-148550-4,svl_label,1,"Paridae_Hypocnemis_peruviana,8",,
jeantet-dufourq-2023,annomate,zenodo.7828148-v1-148550-5,svl_label,1,"Paridae_Hypocnemis_peruviana,8",,
jeantet-dufourq-2023,annomate,zenodo.7828148-v1-148550-6,svl_label,1,"Paridae_Hypocnemis_peruviana,8",,
jeantet-dufourq-2023,annomate,zenodo.7828148-v1-151911-1,svl_label,1,"Paridae_Hypocnemis_peruviana,8",,
jeantet-dufourq-2023,annomate,zenodo.7828148-v1-151911-2,svl_label,1,"Paridae_Hypocnemis_peruviana,8",,
jeantet-dufourq-2023,annomate,zenodo.7828148-v1-151911-3,svl_label,1,"Paridae_Hypocnemis_peruviana,8",,
jeantet-dufourq-2023,annomate,zenodo.7828148-v1-151911-4,svl_label,1,"Paridae_Hypocnemis_peruviana,8",,
jeantet-dufourq-2023,annomate,zenodo.7828148-v1-151911-5,svl_label,1,"Paridae_Hypocnemis_peruviana,8",,
jeantet-dufourq-2023,annomate,zenodo.7828148-v1-154273-1,svl_label,1,"Turdidae_Catharus_aurantiirostris,8",,
jeantet-dufourq-2023,annomate,zenodo.7828148-v1-154273-2,svl_label,1,"Turdidae_Catharus_aurantiirostris,8",,
jeantet-dufourq-2023,annomate,zenodo.7828148-v1-154273-3,svl_label,1,"Turdidae_Catharus_aurantiirostris,8",,
jeantet-dufourq-2023,annomate,zenodo.7828148-v1-154273-4,svl_label,1,"Turdidae_Catharus_aurantiirostris,8",,
jeantet-dufourq-2023,annomate,zenodo.7828148-v1-154273-5,svl_label,1,"Turdidae_Catharus_aurantiirostris,8",,
jeantet-dufourq-2023,annomate,zenodo.7828148-v1-154273-6,svl_label,1,"Turdidae_Catharus_aurantiirostris,8",,
jeantet-dufourq-2023,annomate,zenodo.7828148-v1-154273-7,svl_label,1,"Turdidae_Catharus_aurantiirostris,8",,
jeantet-dufourq-2023,annomate,zenodo.7828148-v1-154273-8,svl_label,1,"Turdidae_Catharus_aurantiirostris,8",,
jeantet-dufourq-2023,annomate,zenodo.7828148-v1-154273-9,svl_label,1,"Turdidae_Catharus_aurantiirostris,8",,
jeantet-dufourq-2023,annomate,zenodo.7828148-v1-154273-10,svl_label,1,"Turdidae_Catharus_aurantiirostris,8",,
jeantet-dufourq-2023,annomate,zenodo.7828148-v1-154273-11,svl_label,1,"Turdidae_Catharus_aurantiirostris,8",,
jeantet-dufourq-2023,annomate,zenodo.7828148-v1-154273-12,svl_label,1,"Turdidae_Catharus_aurantiirostris,8",,
jeantet-dufourq-2023,annomate,zenodo.7828148-v1-154273-13,svl_label,1,"Turdidae_Catharus_aurantiirostris,8",,
jeantet-dufourq-2023,annomate,zenodo.7828148-v1-155397-1,svl_label,1,"Paridae_Saxicola_tectes,9",,
jeantet-dufourq-2023,annomate,zenodo.7828148-v1-155397-2,svl_label,1,"Paridae_Saxicola_tectes,9",,
jeantet-dufourq-2023,annomate,zenodo.7828148-v1-155398-1,svl_label,1,"Paridae_Saxicola_tectes,9",,
jeantet-dufourq-2023,annomate,zenodo.7828148-v1-155398-2,svl_label,1,"Paridae_Saxicola_tectes,9",,
jeantet-dufourq-2023,annomate,zenodo.7828148-v1-155398-3,svl_label,1,"Paridae_Saxicola_tectes,9",,
jeantet-dufourq-2023,annomate,zenodo.7828148-v1-155398-4,svl_label,1,"Paridae_Saxicola_tectes,9",,
jeantet-dufourq-2023,annomate,zenodo.7828148-v1-155398-5,svl_label,1,"Paridae_Saxicola_tectes,9",,
jeantet-dufourq-2023,annomate,zenodo.7828148-v1-155398-6,svl_label,1,"Paridae_Saxicola_tectes,9",,
jeantet-dufourq-2023,annomate,zenodo.7828148-v1-155398-7,svl_label,1,"Paridae_Saxicola_tectes,9",,
jeantet-dufourq-2023,annomate,zenodo.7828148-v1-157655-1,svl_label,1,"Turdidae_Catharus_guttatus,9",,
jeantet-dufourq-2023,annomate,zenodo.7828148-v1-157655-2,svl_label,1,"Turdidae_Catharus_guttatus,9",,
jeantet-dufourq-2023,annomate,zenodo.7828148-v1-157655-3,svl_label,1,"Turdidae_Catharus_guttatus,9",,
jeantet-dufourq-2023,annomate,zenodo.7828148-v1-157655-4,svl_label,1,"Turdidae_Catharus_guttatus,9",,
jeantet-dufourq-2023,annomate,zenodo.7828148-v1-157655-5,svl_label,1,"Turdidae_Catharus_guttatus,9",,
jeantet-dufourq-2023,annomate,zenodo.7828148-v1-157655-6,svl_label,1,"Turdidae_Catharus_guttatus,9",,
jeantet-dufourq-2023,annomate,zenodo.7828148-v1-157655-7,svl_label,1,"Turdidae_Catharus_guttatus,9",,
jeantet-dufourq-2023,annomate,zenodo.7828148-v1-157655-8,svl_label,1,"Turdidae_Catharus_guttatus,9",,
jeantet-dufourq-2023,annomate,zenodo.7828148-v1-157655-9,svl_label,1,"Turdidae_Catharus_guttatus,9",,
jeantet-dufourq-2023,annomate,zenodo.7828148-v1-157655-10,svl_label,1,"Turdidae_Catharus_guttatus,9",,
jeantet-dufourq-2023,annomate,zenodo.7828148-v1-157655-11,svl_label,1,"Turdidae_Catharus_guttatus,9",,
jeantet-dufourq-2023,annomate,zenodo.7828148-v1-157655-12,svl_label,1,"Turdidae_Catharus_guttatus,9",,
jeantet-dufourq-2023,annomate,zenodo.7828148-v1-158117-1,svl_label,1,"Paridae_Hypocnemis_peruviana,8",,
jeantet-dufourq-2023,annomate,zenodo.7828148-v1-158118-1,svl_label,1,"Paridae_Hypocnemis_peruviana,9",,
jeantet-dufourq-2023,annomate,zenodo.7828148-v1-158118-2,svl_label,1,"Paridae_Hypocnemis_peruviana,9",,
jeantet-dufourq-2023,annomate,zenodo.7828148-v1-158945-1,svl_label,1,"Turdidae_Catharus_ustulatus,9",,
jeantet-dufourq-2023,annomate,zenodo.7828148-v1-158945-2,svl_label,1,"Turdidae_Catharus_ustulatus,9",,
jeantet-dufourq-2023,annomate,zenodo.7828148-v1-158945-3,svl_label,1,"Turdidae_Catharus_ustulatus,9",,
jeantet-dufourq-2023,annomate,zenodo.7828148-v1-158945-4,svl_label,1,"Turdidae_Catharus_ustulatus,9",,
jeantet-dufourq-2023,annomate,zenodo.7828148-v1-158945-5,svl_label,1,"Turdidae_Catharus_ustulatus,9",,
jeantet-dufourq-2023,annomate,zenodo.7828148-v1-158945-6,svl_label,1,"Turdidae_Catharus_ustulatus,9",,
jeantet-dufourq-2023,annomate,zenodo.7828148-v1-158945-7,svl_label,1,"Turdidae_Catharus_ustulatus,9",,
jeantet-dufourq-2023,annomate,zenodo.7828148-v1-158945-8,svl_label,1,"Turdidae_Catharus_ustulatus,9",,
jeantet-dufourq-2023,annomate,zenodo.7828148-v1-158945-9,svl_label,1,"Turdidae_Catharus_ustulatus,9",,
jeantet-dufourq-2023,annomate,zenodo.7828148-v1-158945-10,svl_label,1,"Turdidae_Catharus_ustulatus,9",,
jeantet-dufourq-2023,annomate,zenodo.7828148-v1-158945-11,svl_label,1,"Turdidae_Catharus_ustulatus,9",,
jeantet-dufourq-2023,annomate,zenodo.7828148-v1-158945-12,svl_label,1,"Turdidae_Catharus_ustulatus,9",,
jeantet-dufourq-2023,annomate,zenodo.7828148-v1-160923-1,svl_label,1,"Turdidae_Catharus_bicknelli,8",,
jeantet-dufourq-2023,annomate,zenodo.7828148-v1-160923-2,svl_label,1,"Turdidae_Catharus_bicknelli,8",,
jeantet-dufourq-2023,annomate,zenodo.7828148-v1-160923-3,svl_label,1,"Turdidae_Catharus_bicknelli,8",,
jeantet-dufourq-2023,annomate,zenodo.7828148-v1-160923-4,svl_label,1,"Turdidae_Catharus_bicknelli,8",,
jeantet-dufourq-2023,annomate,zenodo.7828148-v1-160923-5,svl_label,1,"Turdidae_Catharus_bicknelli,8",,
jeantet-dufourq-2023,annomate,zenodo.7828148-v1-160923-6,svl_label,1,"Turdidae_Catharus_bicknelli,8",,
jeantet-dufourq-2023,annomate,zenodo.7828148-v1-160923-7,svl_label,1,"Turdidae_Catharus_bicknelli,8",,
jeantet-dufourq-2023,annomate,zenodo.7828148-v1-160923-8,svl_label,1,"Turdidae_Catharus_bicknelli,8",,
jeantet-dufourq-2023,annomate,zenodo.7828148-v1-160923-9,svl_label,1,"Turdidae_Catharus_bicknelli,8",,
jeantet-dufourq-2023,annomate,zenodo.7828148-v1-160923-10,svl_label,1,"Turdidae_Catharus_bicknelli,8",,
jeantet-dufourq-2023,annomate,zenodo.7828148-v1-160923-11,svl_label,1,"Turdidae_Catharus_bicknelli,8",,
jeantet-dufourq-2023,annomate,zenodo.7828148-v1-160923-12,svl_label,1,"Turdidae_Catharus_bicknelli,8",,
jeantet-dufourq-2023,annomate,zenodo.7828148-v1-160923-13,svl_label,1,"Turdidae_Catharus_bicknelli,8",,
jeantet-dufourq-2023,annomate,zenodo.7828148-v1-160923-14,svl_label,1,"Turdidae_Catharus_bicknelli,8",,
jeantet-dufourq-2023,annomate,zenodo.7828148-v1-160923-15,svl_label,1,"Turdidae_Catharus_bicknelli,8",,
jeantet-dufourq-2023,annomate,zenodo.7828148-v1-160923-16,svl_label,1,"Turdidae_Catharus_bicknelli,8",,
jeantet-dufourq-2023,annomate,zenodo.7828148-v1-160923-17,svl_label,1,"Turdidae_Catharus_bicknelli,8",,
jeantet-dufourq-2023,annomate,zenodo.7828148-v1-160923-18,svl_label,1,"Turdidae_Catharus_bicknelli,8",,
jeantet-dufourq-2023,annomate,zenodo.7828148-v1-160923-19,svl_label,1,"Turdidae_Catharus_bicknelli,8",,
jeantet-dufourq-2023,annomate,zenodo.7828148-v1-160923-20,svl_label,1,"Turdidae_Catharus_bicknelli,8",,
jeantet-dufourq-2023,annomate,zenodo.7828148-v1-160923-21,svl_label,1,"Turdidae_Catharus_bicknelli,8",,
jeantet-dufourq-2023,annomate,zenodo.7828148-v1-160923-22,svl_label,1,"Turdidae_Catharus_bicknelli,8",,
jeantet-dufourq-2023,annomate,zenodo.7828148-v1-160923-23,svl_label,1,"Turdidae_Catharus_bicknelli,8",,
jeantet-dufourq-2023,annomate,zenodo.7828148-v1-160923-24,svl_label,1,"Turdidae_Catharus_bicknelli,8",,
jeantet-dufourq-2023,annomate,zenodo.7828148-v1-160923-25,svl_label,1,"Turdidae_Catharus_bicknelli,8",,
jeantet-dufourq-2023,annomate,zenodo.7828148-v1-160923-26,svl_label,1,"Turdidae_Catharus_bicknelli,8",,
jeantet-dufourq-2023,annomate,zenodo.7828148-v1-160923-27,svl_label,1,"Turdidae_Catharus_bicknelli,8",,
jeantet-dufourq-2023,annomate,zenodo.7828148-v1-160923-28,svl_label,1,"Turdidae_Catharus_bicknelli,8",,
jeantet-dufourq-2023,annomate,zenodo.7828148-v1-160923-29,svl_label,1,"Turdidae_Catharus_bicknelli,8",,
jeantet-dufourq-2023,annomate,zenodo.7828148-v1-160923-30,svl_label,1,"Turdidae_Catharus_bicknelli,8",,
jeantet-dufourq-2023,annomate,zenodo.7828148-v1-160923-31,svl_label,1,"Turdidae_Catharus_bicknelli,8",,
jeantet-dufourq-2023,annomate,zenodo.7828148-v1-160923-32,svl_label,1,"Turdidae_Catharus_bicknelli,8",,
jeantet-dufourq-2023,annomate,zenodo.7828148-v1-160923-33,svl_label,1,"Turdidae_Catharus_bicknelli,8",,
jeantet-dufourq-2023,annomate,zenodo.7828148-v1-160923-34,svl_label,1,"Turdidae_Catharus_bicknelli,8",,
jeantet-dufourq-2023,annomate,zenodo.7828148-v1-160923-35,svl_label,1,"Turdidae_Catharus_bicknelli,8",,
jeantet-dufourq-2023,annomate,zenodo.7828148-v1-160923-36,svl_label,1,"Turdidae_Catharus_bicknelli,8",,
jeantet-dufourq-2023,annomate,zenodo.7828148-v1-160923-37,svl_label,1,"Turdidae_Catharus_bicknelli,8",,
jeantet-dufourq-2023,annomate,zenodo.7828148-v1-160923-38,svl_label,1,"Turdidae_Catharus_bicknelli,8",,
jeantet-dufourq-2023,annomate,zenodo.7828148-v1-160923-39,svl_label,1,"Turdidae_Catharus_bicknelli,8",,
jeantet-dufourq-2023,annomate,zenodo.7828148-v1-164583-1,svl_label,1,"Troglodytidae_Troglodytes_hiemalis,9",,
jeantet-dufourq-2023,annomate,zenodo.7828148-v1-164583-2,svl_label,1,"Troglodytidae_Troglodytes_hiemalis,9",,
jeantet-dufourq-2023,annomate,zenodo.7828148-v1-164583-3,svl_label,1,"Troglodytidae_Troglodytes_hiemalis,9",,
jeantet-dufourq-2023,annomate,zenodo.7828148-v1-164583-4,svl_label,1,"Troglodytidae_Troglodytes_hiemalis,9",,
jeantet-dufourq-2023,annomate,zenodo.7828148-v1-164583-5,svl_label,1,"Troglodytidae_Troglodytes_hiemalis,9",,
jeantet-dufourq-2023,annomate,zenodo.7828148-v1-164583-6,svl_label,1,"Troglodytidae_Troglodytes_hiemalis,9",,
jeantet-dufourq-2023,annomate,zenodo.7828148-v1-164583-7,svl_label,1,"Troglodytidae_Troglodytes_hiemalis,9",,
jeantet-dufourq-2023,annomate,zenodo.7828148-v1-164583-8,svl_label,1,"Troglodytidae_Troglodytes_hiemalis,9",,
jeantet-dufourq-2023,annomate,zenodo.7828148-v1-164583-9,svl_label,1,"Troglodytidae_Troglodytes_hiemalis,9",,
jeantet-dufourq-2023,annomate,zenodo.7828148-v1-164583-10,svl_label,1,"Troglodytidae_Troglodytes_hiemalis,9",,
jeantet-dufourq-2023,annomate,zenodo.7828148-v1-164583-11,svl_label,1,"Troglodytidae_Troglodytes_hiemalis,9",,
jeantet-dufourq-2023,annomate,zenodo.7828148-v1-164584-1,svl_label,1,"Troglodytidae_Troglodytes_hiemalis,9",,
jeantet-dufourq-2023,annomate,zenodo.7828148-v1-164584-2,svl_label,1,"Troglodytidae_Troglodytes_hiemalis,9",,
jeantet-dufourq-2023,annomate,zenodo.7828148-v1-164584-3,svl_label,1,"Troglodytidae_Troglodytes_hiemalis,9",,
jeantet-dufourq-2023,annomate,zenodo.7828148-v1-164584-4,svl_label,1,"Troglodytidae_Troglodytes_hiemalis,9",,
jeantet-dufourq-2023,annomate,zenodo.7828148-v1-166771-1,svl_label,1,"Paridae_Hypocnemis_peruviana,8",,
jeantet-dufourq-2023,annomate,zenodo.7828148-v1-166771-2,svl_label,1,"Paridae_Hypocnemis_peruviana,8",,
jeantet-dufourq-2023,annomate,zenodo.7828148-v1-166771-3,svl_label,1,"Paridae_Hypocnemis_peruviana,8",,
jeantet-dufourq-2023,annomate,zenodo.7828148-v1-166771-4,svl_label,1,"Paridae_Hypocnemis_peruviana,8",,
jeantet-dufourq-2023,annomate,zenodo.7828148-v1-166771-5,svl_label,1,"Paridae_Hypocnemis_peruviana,8",,
jeantet-dufourq-2023,annomate,zenodo.7828148-v1-166771-6,svl_label,1,"Paridae_Hypocnemis_peruviana,8",,
jeantet-dufourq-2023,annomate,zenodo.7828148-v1-166771-7,svl_label,1,"Paridae_Hypocnemis_peruviana,8",,
jeantet-dufourq-2023,annomate,zenodo.7828148-v1-166771-8,svl_label,1,"Paridae_Hypocnemis_peruviana,8",,
jeantet-dufourq-2023,annomate,zenodo.7828148-v1-166771-9,svl_label,1,"Paridae_Hypocnemis_peruviana,8",,
jeantet-dufourq-2023,annomate,zenodo.7828148-v1-166771-10,svl_label,1,"Paridae_Hypocnemis_peruviana,8",,
jeantet-dufourq-2023,annomate,zenodo.7828148-v1-166771-11,svl_label,1,"Paridae_Hypocnemis_peruviana,8",,
jeantet-dufourq-2023,annomate,zenodo.7828148-v1-166771-12,svl_label,1,"Paridae_Hypocnemis_peruviana,8",,
jeantet-dufourq-2023,annomate,zenodo.7828148-v1-166771-13,svl_label,1,"Paridae_Hypocnemis_peruviana,8",,
jeantet-dufourq-2023,annomate,zenodo.7828148-v1-166771-14,svl_label,1,"Paridae_Hypocnemis_peruviana,8",,
jeantet-dufourq-2023,annomate,zenodo.7828148-v1-166771-15,svl_label,1,"Paridae_Hypocnemis_peruviana,8",,
jeantet-dufourq-2023,annomate,zenodo.7828148-v1-167263-1,svl_label,1,"Paridae_Hypocnemis_hypoxantha,9",,
jeantet-dufourq-2023,annomate,zenodo.7828148-v1-167263-2,svl_label,1,"Paridae_Hypocnemis_hypoxantha,9",,
jeantet-dufourq-2023,annomate,zenodo.7828148-v1-167263-3,svl_label,1,"Paridae_Hypocnemis_hypoxantha,9",,
jeantet-dufourq-2023,annomate,zenodo.7828148-v1-167263-4,svl_label,1,"Paridae_Hypocnemis_hypoxantha,9",,
jeantet-dufourq-2023,annomate,zenodo.7828148-v1-167263-5,svl_label,1,"Paridae_Hypocnemis_hypoxantha,9",,
jeantet-dufourq-2023,annomate,zenodo.7828148-v1-167263-6,svl_label,1,"Paridae_Hypocnemis_hypoxantha,9",,
jeantet-dufourq-2023,annomate,zenodo.7828148-v1-167263-7,svl_label,1,"Paridae_Hypocnemis_hypoxantha,9",,
jeantet-dufourq-2023,annomate,zenodo.7828148-v1-167548-1,svl_label,1,"Turdidae_Catharus_aurantiirostris,8",,
jeantet-dufourq-2023,annomate,zenodo.7828148-v1-167548-2,svl_label,1,"Turdidae_Catharus_aurantiirostris,8",,
jeantet-dufourq-2023,annomate,zenodo.7828148-v1-167548-3,svl_label,1,"Turdidae_Catharus_aurantiirostris,8",,
jeantet-dufourq-2023,annomate,zenodo.7828148-v1-167548-4,svl_label,1,"Turdidae_Catharus_aurantiirostris,8",,
jeantet-dufourq-2023,annomate,zenodo.7828148-v1-167548-5,svl_label,1,"Turdidae_Catharus_aurantiirostris,8",,
jeantet-dufourq-2023,annomate,zenodo.7828148-v1-167548-6,svl_label,1,"Turdidae_Catharus_aurantiirostris,8",,
jeantet-dufourq-2023,annomate,zenodo.7828148-v1-167548-7,svl_label,1,"Turdidae_Catharus_aurantiirostris,8",,
jeantet-dufourq-2023,annomate,zenodo.7828148-v1-167548-8,svl_label,1,"Turdidae_Catharus_aurantiirostris,8",,
jeantet-dufourq-2023,annomate,zenodo.7828148-v1-167549-1,svl_label,1,"Turdidae_Catharus_aurantiirostris,8",,
jeantet-dufourq-2023,annomate,zenodo.7828148-v1-167549-2,svl_label,1,"Turdidae_Catharus_aurantiirostris,8",,
jeantet-dufourq-2023,annomate,zenodo.7828148-v1-167549-3,svl_label,1,"Turdidae_Catharus_aurantiirostris,8",,
jeantet-dufourq-2023,annomate,zenodo.7828148-v1-167549-4,svl_label,1,"Turdidae_Catharus_aurantiirostris,8",,
jeantet-dufourq-2023,annomate,zenodo.7828148-v1-167549-5,svl_label,1,"Turdidae_Catharus_aurantiirostris,8",,
jeantet-dufourq-2023,annomate,zenodo.7828148-v1-167549-6,svl_label,1,"Turdidae_Catharus_aurantiirostris,8",,
jeantet-dufourq-2023,annomate,zenodo.7828148-v1-167549-7,svl_label,1,"Turdidae_Catharus_aurantiirostris,8",,
jeantet-dufourq-2023,annomate,zenodo.7828148-v1-167549-8,svl_label,1,"Turdidae_Catharus_aurantiirostris,8",,
jeantet-dufourq-2023,annomate,zenodo.7828148-v1-167549-9,svl_label,1,"Turdidae_Catharus_aurantiirostris,8",,
jeantet-dufourq-2023,annomate,zenodo.7828148-v1-169181-1,svl_label,1,"Turdidae_Catharus_aurantiirostris,8",,
jeantet-dufourq-2023,annomate,zenodo.7828148-v1-169181-2,svl_label,1,"Turdidae_Catharus_aurantiirostris,8",,
jeantet-dufourq-2023,annomate,zenodo.7828148-v1-169181-3,svl_label,1,"Turdidae_Catharus_aurantiirostris,8",,
jeantet-dufourq-2023,annomate,zenodo.7828148-v1-169181-4,svl_label,1,"Turdidae_Catharus_aurantiirostris,8",,
jeantet-dufourq-2023,annomate,zenodo.7828148-v1-169181-5,svl_label,1,"Turdidae_Catharus_aurantiirostris,8",,
jeantet-dufourq-2023,annomate,zenodo.7828148-v1-169181-6,svl_label,1,"Turdidae_Catharus_aurantiirostris,8",,
jeantet-dufourq-2023,annomate,zenodo.7828148-v1-169181-7,svl_label,1,"Turdidae_Catharus_aurantiirostris,8",,
jeantet-dufourq-2023,annomate,zenodo.7828148-v1-17308-1,svl_label,1,"Paridae_Hypocnemis_hypoxantha,9",,
jeantet-dufourq-2023,annomate,zenodo.7828148-v1-17308-2,svl_label,1,"Paridae_Hypocnemis_hypoxantha,9",,
jeantet-dufourq-2023,annomate,zenodo.7828148-v1-17308-3,svl_label,1,"Paridae_Hypocnemis_hypoxantha,9",,
jeantet-dufourq-2023,annomate,zenodo.7828148-v1-17308-4,svl_label,1,"Paridae_Hypocnemis_hypoxantha,9",,
jeantet-dufourq-2023,annomate,zenodo.7828148-v1-17308-5,svl_label,1,"Paridae_Hypocnemis_hypoxantha,9",,
jeantet-dufourq-2023,annomate,zenodo.7828148-v1-17308-6,svl_label,1,"Paridae_Hypocnemis_hypoxantha,9",,
jeantet-dufourq-2023,annomate,zenodo.7828148-v1-178173-1,svl_label,1,"Paridae_Hypocnemis_cantator,9",,
jeantet-dufourq-2023,annomate,zenodo.7828148-v1-178173-2,svl_label,1,"Paridae_Hypocnemis_cantator,9",,
jeantet-dufourq-2023,annomate,zenodo.7828148-v1-178173-3,svl_label,1,"Paridae_Hypocnemis_cantator,9",,
jeantet-dufourq-2023,annomate,zenodo.7828148-v1-178582-1,svl_label,1,"Paridae_Hypocnemis_peruviana, 10",,
jeantet-dufourq-2023,annomate,zenodo.7828148-v1-178582-2,svl_label,1,"Paridae_Hypocnemis_peruviana, 10",,
jeantet-dufourq-2023,annomate,zenodo.7828148-v1-178582-3,svl_label,1,"Paridae_Hypocnemis_peruviana, 10",,
jeantet-dufourq-2023,annomate,zenodo.7828148-v1-178582-4,svl_label,1,"Paridae_Hypocnemis_peruviana, 10",,
jeantet-dufourq-2023,annomate,zenodo.7828148-v1-178582-5,svl_label,1,"Paridae_Hypocnemis_peruviana, 10",,
jeantet-dufourq-2023,annomate,zenodo.7828148-v1-178582-6,svl_label,1,"Paridae_Hypocnemis_peruviana, 10",,
jeantet-dufourq-2023,annomate,zenodo.7828148-v1-178582-7,svl_label,1,"Paridae_Hypocnemis_peruviana, 10",,
jeantet-dufourq-2023,annomate,zenodo.7828148-v1-178582-8,svl_label,1,"Paridae_Hypocnemis_peruviana, 10",,
jeantet-dufourq-2023,annomate,zenodo.7828148-v1-178582-9,svl_label,1,"Paridae_Hypocnemis_peruviana, 10",,
jeantet-dufourq-2023,annomate,zenodo.7828148-v1-178582-10,svl_label,1,"Paridae_Hypocnemis_peruviana, 10",,
jeantet-dufourq-2023,annomate,zenodo.7828148-v1-178935-1,svl_label,1,"Troglodytidae_Troglodytes_pacificus,9",,
jeantet-dufourq-2023,annomate,zenodo.7828148-v1-178935-2,svl_label,1,"Troglodytidae_Troglodytes_pacificus,9",,
jeantet-dufourq-2023,annomate,zenodo.7828148-v1-178935-3,svl_label,1,"Troglodytidae_Troglodytes_pacificus,9",,
jeantet-dufourq-2023,annomate,zenodo.7828148-v1-179195-1,svl_label,1,"Turdidae_Catharus_fuscescens,9",,
jeantet-dufourq-2023,annomate,zenodo.7828148-v1-179195-2,svl_label,1,"Turdidae_Catharus_fuscescens,9",,
jeantet-dufourq-2023,annomate,zenodo.7828148-v1-179195-3,svl_label,1,"Turdidae_Catharus_fuscescens,9",,
jeantet-dufourq-2023,annomate,zenodo.7828148-v1-179195-4,svl_label,1,"Turdidae_Catharus_fuscescens,9",,
jeantet-dufourq-2023,annomate,zenodo.7828148-v1-179195-5,svl_label,1,"Turdidae_Catharus_fuscescens,9",,
jeantet-dufourq-2023,annomate,zenodo.7828148-v1-179314-1,svl_label,1,"Turdidae_Catharus_guttatus,9",,
jeantet-dufourq-2023,annomate,zenodo.7828148-v1-179314-2,svl_label,1,"Turdidae_Catharus_guttatus,9",,
jeantet-dufourq-2023,annomate,zenodo.7828148-v1-179314-3,svl_label,1,"Turdidae_Catharus_guttatus,9",,
jeantet-dufourq-2023,annomate,zenodo.7828148-v1-179314-4,svl_label,1,"Turdidae_Catharus_guttatus,9",,
jeantet-dufourq-2023,annomate,zenodo.7828148-v1-179314-5,svl_label,1,"Turdidae_Catharus_guttatus,9",,
jeantet-dufourq-2023,annomate,zenodo.7828148-v1-179314-6,svl_label,1,"Turdidae_Catharus_guttatus,9",,
jeantet-dufourq-2023,annomate,zenodo.7828148-v1-180044-1,svl_label,1,"Paridae_Saxicola_rubetra,9",,
jeantet-dufourq-2023,annomate,zenodo.7828148-v1-180044-2,svl_label,1,"Paridae_Saxicola_rubetra,9",,
jeantet-dufourq-2023,annomate,zenodo.7828148-v1-180044-3,svl_label,1,"Paridae_Saxicola_rubetra,9",,
jeantet-dufourq-2023,annomate,zenodo.7828148-v1-180044-4,svl_label,1,"Paridae_Saxicola_rubetra,9",,
jeantet-dufourq-2023,annomate,zenodo.7828148-v1-180044-5,svl_label,1,"Paridae_Saxicola_rubetra,9",,
jeantet-dufourq-2023,annomate,zenodo.7828148-v1-180044-6,svl_label,1,"Paridae_Saxicola_rubetra,9",,
jeantet-dufourq-2023,annomate,zenodo.7828148-v1-180044-7,svl_label,1,"Paridae_Saxicola_rubetra,9",,
jeantet-dufourq-2023,annomate,zenodo.7828148-v1-180044-8,svl_label,1,"Paridae_Saxicola_rubetra,9",,
jeantet-dufourq-2023,annomate,zenodo.7828148-v1-180044-9,svl_label,1,"Paridae_Saxicola_rubetra,7",,
jeantet-dufourq-2023,annomate,zenodo.7828148-v1-180044-10,svl_label,1,"Paridae_Saxicola_rubetra,9",,
jeantet-dufourq-2023,annomate,zenodo.7828148-v1-180044-11,svl_label,1,"Paridae_Saxicola_rubetra,9",,
jeantet-dufourq-2023,annomate,zenodo.7828148-v1-180044-12,svl_label,1,"Paridae_Saxicola_rubetra,9",,
jeantet-dufourq-2023,annomate,zenodo.7828148-v1-180044-13,svl_label,1,"Paridae_Saxicola_rubetra,8",,
jeantet-dufourq-2023,annomate,zenodo.7828148-v1-180044-14,svl_label,1,"Paridae_Saxicola_rubetra,9",,
jeantet-dufourq-2023,annomate,zenodo.7828148-v1-180044-15,svl_label,1,"Paridae_Saxicola_rubetra,9",,
jeantet-dufourq-2023,annomate,zenodo.7828148-v1-180044-16,svl_label,1,"Paridae_Saxicola_rubetra,9",,
jeantet-dufourq-2023,annomate,zenodo.7828148-v1-180044-17,svl_label,1,"Paridae_Saxicola_rubetra,9",,
jeantet-dufourq-2023,annomate,zenodo.7828148-v1-180044-18,svl_label,1,"Paridae_Saxicola_rubetra,9",,
jeantet-dufourq-2023,annomate,zenodo.7828148-v1-180044-19,svl_label,1,"Paridae_Saxicola_rubetra,9",,
jeantet-dufourq-2023,annomate,zenodo.7828148-v1-180044-20,svl_label,1,"Paridae_Saxicola_rubetra,9",,
jeantet-dufourq-2023,annomate,zenodo.7828148-v1-180044-21,svl_label,1,"Paridae_Saxicola_rubetra,9",,
jeantet-dufourq-2023,annomate,zenodo.7828148-v1-180044-22,svl_label,1,"Paridae_Saxicola_rubetra,7",,
jeantet-dufourq-2023,annomate,zenodo.7828148-v1-180044-23,svl_label,1,"Paridae_Saxicola_rubetra,9",,
jeantet-dufourq-2023,annomate,zenodo.7828148-v1-180044-24,svl_label,1,"Paridae_Saxicola_rubetra,8",,
jeantet-dufourq-2023,annomate,zenodo.7828148-v1-180044-25,svl_label,1,"Paridae_Saxicola_rubetra,9",,
jeantet-dufourq-2023,annomate,zenodo.7828148-v1-180044-26,svl_label,1,"Paridae_Saxicola_rubetra,9",,
jeantet-dufourq-2023,annomate,zenodo.7828148-v1-180044-27,svl_label,1,"Paridae_Saxicola_rubetra,9",,
jeantet-dufourq-2023,annomate,zenodo.7828148-v1-180044-28,svl_label,1,"Paridae_Saxicola_rubetra,9",,
jeantet-dufourq-2023,annomate,zenodo.7828148-v1-180044-29,svl_label,1,"Paridae_Saxicola_rubetra,9",,
jeantet-dufourq-2023,annomate,zenodo.7828148-v1-180044-30,svl_label,1,"Paridae_Saxicola_rubetra,9",,
jeantet-dufourq-2023,annomate,zenodo.7828148-v1-180044-31,svl_label,1,"Paridae_Saxicola_rubetra,9",,
jeantet-dufourq-2023,annomate,zenodo.7828148-v1-180044-32,svl_label,1,"Paridae_Saxicola_rubetra,9",,
jeantet-dufourq-2023,annomate,zenodo.7828148-v1-180044-33,svl_label,1,"Paridae_Saxicola_rubetra,9",,
jeantet-dufourq-2023,annomate,zenodo.7828148-v1-180044-34,svl_label,1,"Paridae_Saxicola_rubetra,7",,
jeantet-dufourq-2023,annomate,zenodo.7828148-v1-180044-35,svl_label,1,"Paridae_Saxicola_rubetra,9",,
jeantet-dufourq-2023,annomate,zenodo.7828148-v1-180044-36,svl_label,1,"Paridae_Saxicola_rubetra,9",,
jeantet-dufourq-2023,annomate,zenodo.7828148-v1-180044-37,svl_label,1,"Paridae_Saxicola_rubetra,9",,
jeantet-dufourq-2023,annomate,zenodo.7828148-v1-180044-38,svl_label,1,"Paridae_Saxicola_rubetra,9",,
jeantet-dufourq-2023,annomate,zenodo.7828148-v1-180044-39,svl_label,1,"Paridae_Saxicola_rubetra,9",,
jeantet-dufourq-2023,annomate,zenodo.7828148-v1-180044-40,svl_label,1,"Paridae_Saxicola_rubetra,9",,
jeantet-dufourq-2023,annomate,zenodo.7828148-v1-180044-41,svl_label,1,"Paridae_Saxicola_rubetra,9",,
jeantet-dufourq-2023,annomate,zenodo.7828148-v1-180044-42,svl_label,1,"Paridae_Saxicola_rubetra,9",,
jeantet-dufourq-2023,annomate,zenodo.7828148-v1-180044-43,svl_label,1,"Paridae_Saxicola_rubetra,9",,
jeantet-dufourq-2023,annomate,zenodo.7828148-v1-180044-44,svl_label,1,"Paridae_Saxicola_rubetra,9",,
jeantet-dufourq-2023,annomate,zenodo.7828148-v1-180044-45,svl_label,1,"Paridae_Saxicola_rubetra,9",,
jeantet-dufourq-2023,annomate,zenodo.7828148-v1-180044-46,svl_label,1,"Paridae_Saxicola_rubetra,9",,
jeantet-dufourq-2023,annomate,zenodo.7828148-v1-180044-47,svl_label,1,"Paridae_Saxicola_rubetra,9",,
jeantet-dufourq-2023,annomate,zenodo.7828148-v1-180044-48,svl_label,1,"Paridae_Saxicola_rubetra,9",,
jeantet-dufourq-2023,annomate,zenodo.7828148-v1-180313-1,svl_label,1,"Fringillidae_Serinus_serinus,9",,
jeantet-dufourq-2023,annomate,zenodo.7828148-v1-180313-2,svl_label,1,"Fringillidae_Serinus_serinus,9",,
jeantet-dufourq-2023,annomate,zenodo.7828148-v1-180313-3,svl_label,1,"Fringillidae_Serinus_serinus,9",,
jeantet-dufourq-2023,annomate,zenodo.7828148-v1-180313-4,svl_label,1,"Fringillidae_Serinus_serinus,9",,
jeantet-dufourq-2023,annomate,zenodo.7828148-v1-180313-5,svl_label,1,"Fringillidae_Serinus_serinus,9",,
jeantet-dufourq-2023,annomate,zenodo.7828148-v1-180313-6,svl_label,1,"Fringillidae_Serinus_serinus,9",,
jeantet-dufourq-2023,annomate,zenodo.7828148-v1-180313-7,svl_label,1,"Fringillidae_Serinus_serinus,9",,
jeantet-dufourq-2023,annomate,zenodo.7828148-v1-180313-8,svl_label,1,"Fringillidae_Serinus_serinus,9",,
jeantet-dufourq-2023,annomate,zenodo.7828148-v1-180313-9,svl_label,1,"Fringillidae_Serinus_serinus,9",,
jeantet-dufourq-2023,annomate,zenodo.7828148-v1-180313-10,svl_label,1,"Fringillidae_Serinus_serinus,9",,
jeantet-dufourq-2023,annomate,zenodo.7828148-v1-180313-11,svl_label,1,"Fringillidae_Serinus_serinus,9",,
jeantet-dufourq-2023,annomate,zenodo.7828148-v1-180313-12,svl_label,1,"Fringillidae_Serinus_serinus,9",,
jeantet-dufourq-2023,annomate,zenodo.7828148-v1-180805-1,svl_label,1,"Turdidae_Catharus_aurantiirostris,9",,
jeantet-dufourq-2023,annomate,zenodo.7828148-v1-180805-2,svl_label,1,"Turdidae_Catharus_aurantiirostris,9",,
jeantet-dufourq-2023,annomate,zenodo.7828148-v1-180805-3,svl_label,1,"Turdidae_Catharus_aurantiirostris,9",,
jeantet-dufourq-2023,annomate,zenodo.7828148-v1-180805-4,svl_label,1,"Turdidae_Catharus_aurantiirostris,8",,
jeantet-dufourq-2023,annomate,zenodo.7828148-v1-180805-5,svl_label,1,"Turdidae_Catharus_aurantiirostris,9",,
jeantet-dufourq-2023,annomate,zenodo.7828148-v1-180805-6,svl_label,1,"Turdidae_Catharus_aurantiirostris,9",,
jeantet-dufourq-2023,annomate,zenodo.7828148-v1-180805-7,svl_label,1,"Turdidae_Catharus_aurantiirostris,9",,
jeantet-dufourq-2023,annomate,zenodo.7828148-v1-180805-8,svl_label,1,"Turdidae_Catharus_aurantiirostris,9",,
jeantet-dufourq-2023,annomate,zenodo.7828148-v1-180805-9,svl_label,1,"Turdidae_Catharus_aurantiirostris,9",,
jeantet-dufourq-2023,annomate,zenodo.7828148-v1-180805-10,svl_label,1,"Turdidae_Catharus_aurantiirostris,9",,
jeantet-dufourq-2023,annomate,zenodo.7828148-v1-180808-1,svl_label,1,"Turdidae_Catharus_aurantiirostris,9",,
jeantet-dufourq-2023,annomate,zenodo.7828148-v1-180808-2,svl_label,1,"Turdidae_Catharus_aurantiirostris,9",,
jeantet-dufourq-2023,annomate,zenodo.7828148-v1-180808-3,svl_label,1,"Turdidae_Catharus_aurantiirostris,9",,
jeantet-dufourq-2023,annomate,zenodo.7828148-v1-180808-4,svl_label,1,"Turdidae_Catharus_aurantiirostris,9",,
jeantet-dufourq-2023,annomate,zenodo.7828148-v1-180808-5,svl_label,1,"Turdidae_Catharus_aurantiirostris,8",,
jeantet-dufourq-2023,annomate,zenodo.7828148-v1-180808-6,svl_label,1,"Turdidae_Catharus_aurantiirostris,9",,
jeantet-dufourq-2023,annomate,zenodo.7828148-v1-180808-7,svl_label,1,"Turdidae_Catharus_aurantiirostris,8",,
jeantet-dufourq-2023,annomate,zenodo.7828148-v1-180808-8,svl_label,1,"Turdidae_Catharus_aurantiirostris,9",,
jeantet-dufourq-2023,annomate,zenodo.7828148-v1-180808-9,svl_label,1,"Turdidae_Catharus_aurantiirostris,8",,
jeantet-dufourq-2023,annomate,zenodo.7828148-v1-180808-10,svl_label,1,"Turdidae_Catharus_aurantiirostris,8",,
jeantet-dufourq-2023,annomate,zenodo.7828148-v1-180808-11,svl_label,1,"Turdidae_Catharus_aurantiirostris,8",,
jeantet-dufourq-2023,annomate,zenodo.7828148-v1-181945-1,svl_label,1,"Turdidae_Catharus_guttatus,9",,
jeantet-dufourq-2023,annomate,zenodo.7828148-v1-181945-2,svl_label,1,"Turdidae_Catharus_guttatus,9",,
jeantet-dufourq-2023,annomate,zenodo.7828148-v1-181945-3,svl_label,1,"Turdidae_Catharus_guttatus,9",,
jeantet-dufourq-2023,annomate,zenodo.7828148-v1-181945-4,svl_label,1,"Turdidae_Catharus_guttatus,9",,
jeantet-dufourq-2023,annomate,zenodo.7828148-v1-181945-5,svl_label,1,"Turdidae_Catharus_guttatus,9",,
jeantet-dufourq-2023,annomate,zenodo.7828148-v1-181945-6,svl_label,1,"Turdidae_Catharus_guttatus,9",,
jeantet-dufourq-2023,annomate,zenodo.7828148-v1-181945-7,svl_label,1,"Turdidae_Catharus_guttatus,9",,
jeantet-dufourq-2023,annomate,zenodo.7828148-v1-181945-8,svl_label,1,"Turdidae_Catharus_guttatus,9",,
jeantet-dufourq-2023,annomate,zenodo.7828148-v1-181945-9,svl_label,1,"Turdidae_Catharus_guttatus,9",,
jeantet-dufourq-2023,annomate,zenodo.7828148-v1-181945-10,svl_label,1,"Turdidae_Catharus_guttatus,9",,
jeantet-dufourq-2023,annomate,zenodo.7828148-v1-181945-11,svl_label,1,"Turdidae_Catharus_guttatus,9",,
jeantet-dufourq-2023,annomate,zenodo.7828148-v1-181945-12,svl_label,1,"Turdidae_Catharus_guttatus,9",,
jeantet-dufourq-2023,annomate,zenodo.7828148-v1-181945-13,svl_label,1,"Turdidae_Catharus_guttatus,9",,
jeantet-dufourq-2023,annomate,zenodo.7828148-v1-182664-1,svl_label,1,"Paridae_Saxicola_rubetra,9",,
jeantet-dufourq-2023,annomate,zenodo.7828148-v1-182664-2,svl_label,1,"Paridae_Saxicola_rubetra,9",,
jeantet-dufourq-2023,annomate,zenodo.7828148-v1-182664-3,svl_label,1,"Paridae_Saxicola_rubetra,9",,
jeantet-dufourq-2023,annomate,zenodo.7828148-v1-182664-4,svl_label,1,"Paridae_Saxicola_rubetra,9",,
jeantet-dufourq-2023,annomate,zenodo.7828148-v1-182664-5,svl_label,1,"Paridae_Saxicola_rubetra,9",,
jeantet-dufourq-2023,annomate,zenodo.7828148-v1-182664-6,svl_label,1,"Paridae_Saxicola_rubetra,9",,
jeantet-dufourq-2023,annomate,zenodo.7828148-v1-182664-7,svl_label,1,"Paridae_Saxicola_rubetra,9",,
jeantet-dufourq-2023,annomate,zenodo.7828148-v1-182664-8,svl_label,1,"Paridae_Saxicola_rubetra,9",,
jeantet-dufourq-2023,annomate,zenodo.7828148-v1-182664-9,svl_label,1,"Paridae_Saxicola_rubetra,9",,
jeantet-dufourq-2023,annomate,zenodo.7828148-v1-182664-10,svl_label,1,"Paridae_Saxicola_rubetra,9",,
jeantet-dufourq-2023,annomate,zenodo.7828148-v1-182664-11,svl_label,1,"Paridae_Saxicola_rubetra,9",,
jeantet-dufourq-2023,annomate,zenodo.7828148-v1-182664-12,svl_label,1,"Paridae_Saxicola_rubetra,9",,
jeantet-dufourq-2023,annomate,zenodo.7828148-v1-182664-13,svl_label,1,"Paridae_Saxicola_rubetra,9",,
jeantet-dufourq-2023,annomate,zenodo.7828148-v1-182664-14,svl_label,1,"Paridae_Saxicola_rubetra,9",,
jeantet-dufourq-2023,annomate,zenodo.7828148-v1-182664-15,svl_label,1,"Paridae_Saxicola_rubetra,9",,
jeantet-dufourq-2023,annomate,zenodo.7828148-v1-182664-16,svl_label,1,"Paridae_Saxicola_rubetra,9",,
jeantet-dufourq-2023,annomate,zenodo.7828148-v1-182664-17,svl_label,1,"Paridae_Saxicola_rubetra,9",,
jeantet-dufourq-2023,annomate,zenodo.7828148-v1-182664-18,svl_label,1,"Paridae_Saxicola_rubetra,9",,
jeantet-dufourq-2023,annomate,zenodo.7828148-v1-182664-19,svl_label,1,"Paridae_Saxicola_rubetra,9",,
jeantet-dufourq-2023,annomate,zenodo.7828148-v1-182664-20,svl_label,1,"Paridae_Saxicola_rubetra,9",,
jeantet-dufourq-2023,annomate,zenodo.7828148-v1-182664-21,svl_label,1,"Paridae_Saxicola_rubetra,9",,
jeantet-dufourq-2023,annomate,zenodo.7828148-v1-182664-22,svl_label,1,"Paridae_Saxicola_rubetra,9",,
jeantet-dufourq-2023,annomate,zenodo.7828148-v1-183080-1,svl_label,1,"Paridae_Saxicola_rubetra,9",,
jeantet-dufourq-2023,annomate,zenodo.7828148-v1-183080-2,svl_label,1,"Paridae_Saxicola_rubetra,9",,
jeantet-dufourq-2023,annomate,zenodo.7828148-v1-183080-3,svl_label,1,"Paridae_Saxicola_rubetra,9",,
jeantet-dufourq-2023,annomate,zenodo.7828148-v1-183080-4,svl_label,1,"Paridae_Saxicola_rubetra,9",,
jeantet-dufourq-2023,annomate,zenodo.7828148-v1-183080-5,svl_label,1,"Paridae_Saxicola_rubetra,9",,
jeantet-dufourq-2023,annomate,zenodo.7828148-v1-183080-6,svl_label,1,"Paridae_Saxicola_rubetra,9",,
jeantet-dufourq-2023,annomate,zenodo.7828148-v1-183080-7,svl_label,1,"Paridae_Saxicola_rubetra,9",,
jeantet-dufourq-2023,annomate,zenodo.7828148-v1-183080-8,svl_label,1,"Paridae_Saxicola_rubetra,9",,
jeantet-dufourq-2023,annomate,zenodo.7828148-v1-183080-9,svl_label,1,"Paridae_Saxicola_rubetra,9",,
jeantet-dufourq-2023,annomate,zenodo.7828148-v1-183080-10,svl_label,1,"Paridae_Saxicola_rubetra,9",,
jeantet-dufourq-2023,annomate,zenodo.7828148-v1-183080-11,svl_label,1,"Paridae_Saxicola_rubetra,9",,
jeantet-dufourq-2023,annomate,zenodo.7828148-v1-183080-12,svl_label,1,"Paridae_Saxicola_rubetra,9",,
jeantet-dufourq-2023,annomate,zenodo.7828148-v1-183091-1,svl_label,1,"Fringillidae_Serinus_serinus_France,9",,
jeantet-dufourq-2023,annomate,zenodo.7828148-v1-183091-2,svl_label,1,"Fringillidae_Serinus_serinus_France,9",,
jeantet-dufourq-2023,annomate,zenodo.7828148-v1-183091-3,svl_label,1,"Fringillidae_Serinus_serinus_France,9",,
jeantet-dufourq-2023,annomate,zenodo.7828148-v1-183091-4,svl_label,1,"Fringillidae_Serinus_serinus_France,9",,
jeantet-dufourq-2023,annomate,zenodo.7828148-v1-183091-5,svl_label,1,"Fringillidae_Serinus_serinus_France,9",,
jeantet-dufourq-2023,annomate,zenodo.7828148-v1-183091-6,svl_label,1,"Fringillidae_Serinus_serinus_France,9",,
jeantet-dufourq-2023,annomate,zenodo.7828148-v1-183091-7,svl_label,1,"Fringillidae_Serinus_serinus_France,9",,
jeantet-dufourq-2023,annomate,zenodo.7828148-v1-183091-8,svl_label,1,"Fringillidae_Serinus_serinus_France,6",,
jeantet-dufourq-2023,annomate,zenodo.7828148-v1-183091-9,svl_label,1,"Fringillidae_Serinus_serinus_France,9",,
jeantet-dufourq-2023,annomate,zenodo.7828148-v1-183091-10,svl_label,1,"Fringillidae_Serinus_serinus_France,9",,
jeantet-dufourq-2023,annomate,zenodo.7828148-v1-184465-1,svl_label,1,"Turdidae_Catharus_fuscescens,9",,
jeantet-dufourq-2023,annomate,zenodo.7828148-v1-184465-2,svl_label,1,"Turdidae_Catharus_fuscescens,9",,
jeantet-dufourq-2023,annomate,zenodo.7828148-v1-184465-3,svl_label,1,"Turdidae_Catharus_fuscescens,9",,
jeantet-dufourq-2023,annomate,zenodo.7828148-v1-184465-4,svl_label,1,"Turdidae_Catharus_fuscescens,9",,
jeantet-dufourq-2023,annomate,zenodo.7828148-v1-184465-5,svl_label,1,"Turdidae_Catharus_fuscescens,9",,
jeantet-dufourq-2023,annomate,zenodo.7828148-v1-184465-6,svl_label,1,"Turdidae_Catharus_fuscescens,9",,
jeantet-dufourq-2023,annomate,zenodo.7828148-v1-184465-7,svl_label,1,"Turdidae_Catharus_fuscescens,9",,
jeantet-dufourq-2023,annomate,zenodo.7828148-v1-184465-8,svl_label,1,"Turdidae_Catharus_fuscescens,9",,
jeantet-dufourq-2023,annomate,zenodo.7828148-v1-184465-9,svl_label,1,"Turdidae_Catharus_fuscescens,9",,
jeantet-dufourq-2023,annomate,zenodo.7828148-v1-184465-10,svl_label,1,"Turdidae_Catharus_fuscescens,9",,
jeantet-dufourq-2023,annomate,zenodo.7828148-v1-186153-1,svl_label,1,"Turdidae_Catharus_aurantiirostris,9",,
jeantet-dufourq-2023,annomate,zenodo.7828148-v1-186153-2,svl_label,1,"Turdidae_Catharus_aurantiirostris,9",,
jeantet-dufourq-2023,annomate,zenodo.7828148-v1-186153-3,svl_label,1,"Turdidae_Catharus_aurantiirostris,9",,
jeantet-dufourq-2023,annomate,zenodo.7828148-v1-186153-4,svl_label,1,"Turdidae_Catharus_aurantiirostris,9",,
jeantet-dufourq-2023,annomate,zenodo.7828148-v1-186153-5,svl_label,1,"Turdidae_Catharus_aurantiirostris,9",,
jeantet-dufourq-2023,annomate,zenodo.7828148-v1-186153-6,svl_label,1,"Turdidae_Catharus_aurantiirostris,9",,
jeantet-dufourq-2023,annomate,zenodo.7828148-v1-186153-7,svl_label,1,"Turdidae_Catharus_aurantiirostris,9",,
jeantet-dufourq-2023,annomate,zenodo.7828148-v1-186153-8,svl_label,1,"Turdidae_Catharus_aurantiirostris,9",,
jeantet-dufourq-2023,annomate,zenodo.7828148-v1-187720-1,svl_label,1,"Paridae_Hypocnemis_peruviana,9",,
jeantet-dufourq-2023,annomate,zenodo.7828148-v1-187720-2,svl_label,1,"Paridae_Hypocnemis_peruviana,9",,
jeantet-dufourq-2023,annomate,zenodo.7828148-v1-187720-3,svl_label,1,"Paridae_Hypocnemis_peruviana,9",,
jeantet-dufourq-2023,annomate,zenodo.7828148-v1-187720-4,svl_label,1,"Paridae_Hypocnemis_peruviana,9",,
jeantet-dufourq-2023,annomate,zenodo.7828148-v1-187720-5,svl_label,1,"Paridae_Hypocnemis_peruviana,9",,
jeantet-dufourq-2023,annomate,zenodo.7828148-v1-187757-1,svl_label,1,"Paridae_Saxicola_rubetra,9",,
jeantet-dufourq-2023,annomate,zenodo.7828148-v1-187757-2,svl_label,1,"Paridae_Saxicola_rubetra,9",,
jeantet-dufourq-2023,annomate,zenodo.7828148-v1-187757-3,svl_label,1,"Paridae_Saxicola_rubetra,9",,
jeantet-dufourq-2023,annomate,zenodo.7828148-v1-187757-4,svl_label,1,"Paridae_Saxicola_rubetra,9",,
jeantet-dufourq-2023,annomate,zenodo.7828148-v1-187757-5,svl_label,1,"Paridae_Saxicola_rubetra,9",,
jeantet-dufourq-2023,annomate,zenodo.7828148-v1-187757-6,svl_label,1,"Paridae_Saxicola_rubetra,9",,
jeantet-dufourq-2023,annomate,zenodo.7828148-v1-187757-7,svl_label,1,"Paridae_Saxicola_rubetra,9",,
jeantet-dufourq-2023,annomate,zenodo.7828148-v1-187757-8,svl_label,1,"Paridae_Saxicola_rubetra,9",,
jeantet-dufourq-2023,annomate,zenodo.7828148-v1-187757-9,svl_label,1,"Paridae_Saxicola_rubetra,9",,
jeantet-dufourq-2023,annomate,zenodo.7828148-v1-187760-1,svl_label,1,"Paridae_Saxicola_rubetra,9",,
jeantet-dufourq-2023,annomate,zenodo.7828148-v1-187760-2,svl_label,1,"Paridae_Saxicola_rubetra,9",,
jeantet-dufourq-2023,annomate,zenodo.7828148-v1-188139-1,svl_label,1,"Turdidae_Catharus_guttatus,8",,
jeantet-dufourq-2023,annomate,zenodo.7828148-v1-188139-2,svl_label,1,"Turdidae_Catharus_guttatus,9",,
jeantet-dufourq-2023,annomate,zenodo.7828148-v1-188139-3,svl_label,1,"Turdidae_Catharus_guttatus,8",,
jeantet-dufourq-2023,annomate,zenodo.7828148-v1-188139-4,svl_label,1,"Turdidae_Catharus_guttatus,9",,
jeantet-dufourq-2023,annomate,zenodo.7828148-v1-188139-5,svl_label,1,"Turdidae_Catharus_guttatus,8",,
jeantet-dufourq-2023,annomate,zenodo.7828148-v1-188139-6,svl_label,1,"Turdidae_Catharus_guttatus,9",,
jeantet-dufourq-2023,annomate,zenodo.7828148-v1-188139-7,svl_label,1,"Turdidae_Catharus_guttatus,8",,
jeantet-dufourq-2023,annomate,zenodo.7828148-v1-188139-8,svl_label,1,"Turdidae_Catharus_guttatus,9",,
jeantet-dufourq-2023,annomate,zenodo.7828148-v1-188139-9,svl_label,1,"Turdidae_Catharus_guttatus,9",,
jeantet-dufourq-2023,annomate,zenodo.7828148-v1-188139-10,svl_label,1,"Turdidae_Catharus_guttatus,8",,
jeantet-dufourq-2023,annomate,zenodo.7828148-v1-188139-11,svl_label,1,"Turdidae_Catharus_guttatus,9",,
jeantet-dufourq-2023,annomate,zenodo.7828148-v1-188139-12,svl_label,1,"Turdidae_Catharus_guttatus,8",,
jeantet-dufourq-2023,annomate,zenodo.7828148-v1-188139-13,svl_label,1,"Turdidae_Catharus_guttatus,9",,
jeantet-dufourq-2023,annomate,zenodo.7828148-v1-188139-14,svl_label,1,"Turdidae_Catharus_guttatus,8",,
jeantet-dufourq-2023,annomate,zenodo.7828148-v1-188139-15,svl_label,1,"Turdidae_Catharus_guttatus,8",,
jeantet-dufourq-2023,annomate,zenodo.7828148-v1-188139-16,svl_label,1,"Turdidae_Catharus_guttatus,9",,
jeantet-dufourq-2023,annomate,zenodo.7828148-v1-188139-17,svl_label,1,"Turdidae_Catharus_guttatus,8",,
jeantet-dufourq-2023,annomate,zenodo.7828148-v1-188139-18,svl_label,1,"Turdidae_Catharus_guttatus,8",,
jeantet-dufourq-2023,annomate,zenodo.7828148-v1-188139-19,svl_label,1,"Turdidae_Catharus_guttatus,8",,
jeantet-dufourq-2023,annomate,zenodo.7828148-v1-188139-20,svl_label,1,"Turdidae_Catharus_guttatus,8",,
jeantet-dufourq-2023,annomate,zenodo.7828148-v1-188139-21,svl_label,1,"Turdidae_Catharus_guttatus,9",,
jeantet-dufourq-2023,annomate,zenodo.7828148-v1-188139-22,svl_label,1,"Turdidae_Catharus_guttatus,9",,
jeantet-dufourq-2023,annomate,zenodo.7828148-v1-188139-23,svl_label,1,"Turdidae_Catharus_guttatus,8",,
jeantet-dufourq-2023,annomate,zenodo.7828148-v1-188139-24,svl_label,1,"Turdidae_Catharus_guttatus,9",,
jeantet-dufourq-2023,annomate,zenodo.7828148-v1-188139-25,svl_label,1,"Turdidae_Catharus_guttatus,9",,
jeantet-dufourq-2023,annomate,zenodo.7828148-v1-188139-26,svl_label,1,"Turdidae_Catharus_guttatus,8",,
jeantet-dufourq-2023,annomate,zenodo.7828148-v1-188139-27,svl_label,1,"Turdidae_Catharus_guttatus,9",,
jeantet-dufourq-2023,annomate,zenodo.7828148-v1-188139-28,svl_label,1,"Turdidae_Catharus_guttatus,8",,
jeantet-dufourq-2023,annomate,zenodo.7828148-v1-188139-29,svl_label,1,"Turdidae_Catharus_guttatus,8",,
jeantet-dufourq-2023,annomate,zenodo.7828148-v1-188139-30,svl_label,1,"Turdidae_Catharus_guttatus,8",,
jeantet-dufourq-2023,annomate,zenodo.7828148-v1-188139-31,svl_label,1,"Turdidae_Catharus_guttatus,9",,
jeantet-dufourq-2023,annomate,zenodo.7828148-v1-188139-32,svl_label,1,"Turdidae_Catharus_guttatus,8",,
jeantet-dufourq-2023,annomate,zenodo.7828148-v1-188140-1,svl_label,1,"Turdidae_Catharus_guttatus, 10",,
jeantet-dufourq-2023,annomate,zenodo.7828148-v1-188140-2,svl_label,1,"Turdidae_Catharus_guttatus, 10",,
jeantet-dufourq-2023,annomate,zenodo.7828148-v1-188140-3,svl_label,1,"Turdidae_Catharus_guttatus, 10",,
jeantet-dufourq-2023,annomate,zenodo.7828148-v1-188140-4,svl_label,1,"Turdidae_Catharus_guttatus, 10",,
jeantet-dufourq-2023,annomate,zenodo.7828148-v1-188140-5,svl_label,1,"Turdidae_Catharus_guttatus, 10",,
jeantet-dufourq-2023,annomate,zenodo.7828148-v1-188140-6,svl_label,1,"Turdidae_Catharus_guttatus, 10",,
jeantet-dufourq-2023,annomate,zenodo.7828148-v1-188140-7,svl_label,1,"Turdidae_Catharus_guttatus, 10",,
jeantet-dufourq-2023,annomate,zenodo.7828148-v1-188140-8,svl_label,1,"Turdidae_Catharus_guttatus, 10",,
jeantet-dufourq-2023,annomate,zenodo.7828148-v1-188140-9,svl_label,1,"Turdidae_Catharus_guttatus, 10",,
jeantet-dufourq-2023,annomate,zenodo.7828148-v1-188140-10,svl_label,1,"Turdidae_Catharus_guttatus, 10",,
jeantet-dufourq-2023,annomate,zenodo.7828148-v1-188140-11,svl_label,1,"Turdidae_Catharus_guttatus, 10",,
jeantet-dufourq-2023,annomate,zenodo.7828148-v1-188140-12,svl_label,1,"Turdidae_Catharus_guttatus, 10",,
jeantet-dufourq-2023,annomate,zenodo.7828148-v1-188140-13,svl_label,1,"Turdidae_Catharus_guttatus, 10",,
jeantet-dufourq-2023,annomate,zenodo.7828148-v1-188140-14,svl_label,1,"Turdidae_Catharus_guttatus, 10",,
jeantet-dufourq-2023,annomate,zenodo.7828148-v1-188140-15,svl_label,1,"Turdidae_Catharus_guttatus, 10",,
jeantet-dufourq-2023,annomate,zenodo.7828148-v1-188140-16,svl_label,1,"Turdidae_Catharus_guttatus, 10",,
jeantet-dufourq-2023,annomate,zenodo.7828148-v1-188140-17,svl_label,1,"Turdidae_Catharus_guttatus, 10",,
jeantet-dufourq-2023,annomate,zenodo.7828148-v1-188140-18,svl_label,1,"Turdidae_Catharus_guttatus, 10",,
jeantet-dufourq-2023,annomate,zenodo.7828148-v1-188140-19,svl_label,1,"Turdidae_Catharus_guttatus, 10",,
jeantet-dufourq-2023,annomate,zenodo.7828148-v1-188140-20,svl_label,1,"Turdidae_Catharus_guttatus, 10",,
jeantet-dufourq-2023,annomate,zenodo.7828148-v1-188140-21,svl_label,1,"Turdidae_Catharus_guttatus, 10",,
jeantet-dufourq-2023,annomate,zenodo.7828148-v1-188140-22,svl_label,1,"Turdidae_Catharus_guttatus, 10",,
jeantet-dufourq-2023,annomate,zenodo.7828148-v1-188140-23,svl_label,1,"Turdidae_Catharus_guttatus, 10",,
jeantet-dufourq-2023,annomate,zenodo.7828148-v1-188140-24,svl_label,1,"Turdidae_Catharus_guttatus, 10",,
jeantet-dufourq-2023,annomate,zenodo.7828148-v1-188140-25,svl_label,1,"Turdidae_Catharus_guttatus, 10",,
jeantet-dufourq-2023,annomate,zenodo.7828148-v1-188140-26,svl_label,1,"Turdidae_Catharus_guttatus, 10",,
jeantet-dufourq-2023,annomate,zenodo.7828148-v1-188140-27,svl_label,1,"Turdidae_Catharus_guttatus, 10",,
jeantet-dufourq-2023,annomate,zenodo.7828148-v1-188140-28,svl_label,1,"Turdidae_Catharus_guttatus, 10",,
jeantet-dufourq-2023,annomate,zenodo.7828148-v1-188140-29,svl_label,1,"Turdidae_Catharus_guttatus, 10",,
jeantet-dufourq-2023,annomate,zenodo.7828148-v1-188140-30,svl_label,1,"Turdidae_Catharus_guttatus, 10",,
jeantet-dufourq-2023,annomate,zenodo.7828148-v1-188340-1,svl_label,1,"Turdidae_Catharus_ustulatus,9",,
jeantet-dufourq-2023,annomate,zenodo.7828148-v1-188340-2,svl_label,1,"Turdidae_Catharus_ustulatus,9",,
jeantet-dufourq-2023,annomate,zenodo.7828148-v1-188552-1,svl_label,1,"Paridae_Hypocnemis_cantator,8",,
jeantet-dufourq-2023,annomate,zenodo.7828148-v1-188552-2,svl_label,1,"Paridae_Hypocnemis_cantator,8",,
jeantet-dufourq-2023,annomate,zenodo.7828148-v1-188552-3,svl_label,1,"Paridae_Hypocnemis_cantator,8",,
jeantet-dufourq-2023,annomate,zenodo.7828148-v1-188552-4,svl_label,1,"Paridae_Hypocnemis_cantator,8",,
jeantet-dufourq-2023,annomate,zenodo.7828148-v1-188552-5,svl_label,1,"Paridae_Hypocnemis_cantator,8",,
jeantet-dufourq-2023,annomate,zenodo.7828148-v1-188552-6,svl_label,1,"Paridae_Hypocnemis_cantator,8",,
jeantet-dufourq-2023,annomate,zenodo.7828148-v1-188552-7,svl_label,1,"Paridae_Hypocnemis_cantator,8",,
jeantet-dufourq-2023,annomate,zenodo.7828148-v1-188552-8,svl_label,1,"Paridae_Hypocnemis_cantator,8",,
jeantet-dufourq-2023,annomate,zenodo.7828148-v1-188832-1,svl_label,1,"Turdidae_Catharus_ustulatus,9",,
jeantet-dufourq-2023,annomate,zenodo.7828148-v1-188832-2,svl_label,1,"Turdidae_Catharus_ustulatus,9",,
jeantet-dufourq-2023,annomate,zenodo.7828148-v1-188832-3,svl_label,1,"Turdidae_Catharus_ustulatus,9",,
jeantet-dufourq-2023,annomate,zenodo.7828148-v1-188832-4,svl_label,1,"Turdidae_Catharus_ustulatus,9",,
jeantet-dufourq-2023,annomate,zenodo.7828148-v1-188832-5,svl_label,1,"Turdidae_Catharus_ustulatus,9",,
jeantet-dufourq-2023,annomate,zenodo.7828148-v1-188832-6,svl_label,1,"Turdidae_Catharus_ustulatus,9",,
jeantet-dufourq-2023,annomate,zenodo.7828148-v1-188832-7,svl_label,1,"Turdidae_Catharus_ustulatus,9",,
jeantet-dufourq-2023,annomate,zenodo.7828148-v1-188832-8,svl_label,1,"Turdidae_Catharus_ustulatus,9",,
jeantet-dufourq-2023,annomate,zenodo.7828148-v1-188832-9,svl_label,1,"Turdidae_Catharus_ustulatus,9",,
jeantet-dufourq-2023,annomate,zenodo.7828148-v1-188832-10,svl_label,1,"Turdidae_Catharus_ustulatus,9",,
jeantet-dufourq-2023,annomate,zenodo.7828148-v1-188832-11,svl_label,1,"Turdidae_Catharus_ustulatus,9",,
jeantet-dufourq-2023,annomate,zenodo.7828148-v1-188832-12,svl_label,1,"Turdidae_Catharus_ustulatus,9",,
jeantet-dufourq-2023,annomate,zenodo.7828148-v1-188832-13,svl_label,1,"Turdidae_Catharus_ustulatus,9",,
jeantet-dufourq-2023,annomate,zenodo.7828148-v1-188832-14,svl_label,1,"Turdidae_Catharus_ustulatus,9",,
jeantet-dufourq-2023,annomate,zenodo.7828148-v1-188832-15,svl_label,1,"Turdidae_Catharus_ustulatus,9",,
jeantet-dufourq-2023,annomate,zenodo.7828148-v1-188832-16,svl_label,1,"Turdidae_Catharus_ustulatus,9",,
jeantet-dufourq-2023,annomate,zenodo.7828148-v1-188832-17,svl_label,1,"Turdidae_Catharus_ustulatus,9",,
jeantet-dufourq-2023,annomate,zenodo.7828148-v1-188832-18,svl_label,1,"Turdidae_Catharus_ustulatus,9",,
jeantet-dufourq-2023,annomate,zenodo.7828148-v1-188832-19,svl_label,1,"Turdidae_Catharus_ustulatus,9",,
jeantet-dufourq-2023,annomate,zenodo.7828148-v1-188832-20,svl_label,1,"Turdidae_Catharus_ustulatus,9",,
jeantet-dufourq-2023,annomate,zenodo.7828148-v1-188832-21,svl_label,1,"Turdidae_Catharus_ustulatus,9",,
jeantet-dufourq-2023,annomate,zenodo.7828148-v1-188832-22,svl_label,1,"Turdidae_Catharus_ustulatus,9",,
jeantet-dufourq-2023,annomate,zenodo.7828148-v1-188832-23,svl_label,1,"Turdidae_Catharus_ustulatus,9",,
jeantet-dufourq-2023,annomate,zenodo.7828148-v1-188832-24,svl_label,1,"Turdidae_Catharus_ustulatus,9",,
jeantet-dufourq-2023,annomate,zenodo.7828148-v1-188832-25,svl_label,1,"Turdidae_Catharus_ustulatus,9",,
jeantet-dufourq-2023,annomate,zenodo.7828148-v1-188832-26,svl_label,1,"Turdidae_Catharus_ustulatus,9",,
jeantet-dufourq-2023,annomate,zenodo.7828148-v1-188832-27,svl_label,1,"Turdidae_Catharus_ustulatus,9",,
jeantet-dufourq-2023,annomate,zenodo.7828148-v1-188832-28,svl_label,1,"Turdidae_Catharus_ustulatus,9",,
jeantet-dufourq-2023,annomate,zenodo.7828148-v1-188932-1,svl_label,1,"Troglodytidae_Troglodytes_hiemalis,9",,
jeantet-dufourq-2023,annomate,zenodo.7828148-v1-188932-2,svl_label,1,"Troglodytidae_Troglodytes_hiemalis,9",,
jeantet-dufourq-2023,annomate,zenodo.7828148-v1-188932-3,svl_label,1,"Troglodytidae_Troglodytes_hiemalis,9",,
jeantet-dufourq-2023,annomate,zenodo.7828148-v1-188932-4,svl_label,1,"Troglodytidae_Troglodytes_hiemalis,9",,
jeantet-dufourq-2023,annomate,zenodo.7828148-v1-188933-1,svl_label,1,"Troglodytidae_Troglodytes_hiemalis,9",,
jeantet-dufourq-2023,annomate,zenodo.7828148-v1-188933-2,svl_label,1,"Troglodytidae_Troglodytes_hiemalis,9",,
jeantet-dufourq-2023,annomate,zenodo.7828148-v1-188933-3,svl_label,1,"Troglodytidae_Troglodytes_hiemalis,9",,
jeantet-dufourq-2023,annomate,zenodo.7828148-v1-188933-4,svl_label,1,"Troglodytidae_Troglodytes_hiemalis,9",,
jeantet-dufourq-2023,annomate,zenodo.7828148-v1-188933-5,svl_label,1,"Troglodytidae_Troglodytes_hiemalis,9",,
jeantet-dufourq-2023,annomate,zenodo.7828148-v1-188933-6,svl_label,1,"Troglodytidae_Troglodytes_hiemalis,9",,
jeantet-dufourq-2023,annomate,zenodo.7828148-v1-188933-7,svl_label,1,"Troglodytidae_Troglodytes_hiemalis,9",,
jeantet-dufourq-2023,annomate,zenodo.7828148-v1-188933-8,svl_label,1,"Troglodytidae_Troglodytes_hiemalis,9",,
jeantet-dufourq-2023,annomate,zenodo.7828148-v1-188933-9,svl_label,1,"Troglodytidae_Troglodytes_hiemalis,9",,
jeantet-dufourq-2023,annomate,zenodo.7828148-v1-188933-10,svl_label,1,"Troglodytidae_Troglodytes_hiemalis,9",,
jeantet-dufourq-2023,annomate,zenodo.7828148-v1-188933-11,svl_label,1,"Troglodytidae_Troglodytes_hiemalis,9",,
jeantet-dufourq-2023,annomate,zenodo.7828148-v1-188933-12,svl_label,1,"Troglodytidae_Troglodytes_hiemalis,9",,
jeantet-dufourq-2023,annomate,zenodo.7828148-v1-188933-13,svl_label,1,"Troglodytidae_Troglodytes_hiemalis,9",,
jeantet-dufourq-2023,annomate,zenodo.7828148-v1-188933-14,svl_label,1,"Troglodytidae_Troglodytes_hiemalis,9",,
jeantet-dufourq-2023,annomate,zenodo.7828148-v1-188933-15,svl_label,1,"Troglodytidae_Troglodytes_hiemalis,9",,
jeantet-dufourq-2023,annomate,zenodo.7828148-v1-188933-16,svl_label,1,"Troglodytidae_Troglodytes_hiemalis,9",,
jeantet-dufourq-2023,annomate,zenodo.7828148-v1-188933-17,svl_label,1,"Troglodytidae_Troglodytes_hiemalis,9",,
jeantet-dufourq-2023,annomate,zenodo.7828148-v1-188933-18,svl_label,1,"Troglodytidae_Troglodytes_hiemalis,9",,
jeantet-dufourq-2023,annomate,zenodo.7828148-v1-188933-19,svl_label,1,"Troglodytidae_Troglodytes_hiemalis,9",,
jeantet-dufourq-2023,annomate,zenodo.7828148-v1-190100-1,svl_label,1,"Troglodytidae_Troglodytes_hiemalis,9",,
jeantet-dufourq-2023,annomate,zenodo.7828148-v1-190100-2,svl_label,1,"Troglodytidae_Troglodytes_hiemalis,9",,
jeantet-dufourq-2023,annomate,zenodo.7828148-v1-190100-3,svl_label,1,"Troglodytidae_Troglodytes_hiemalis,9",,
jeantet-dufourq-2023,annomate,zenodo.7828148-v1-190100-4,svl_label,1,"Troglodytidae_Troglodytes_hiemalis,8",,
jeantet-dufourq-2023,annomate,zenodo.7828148-v1-193993-1,svl_label,1,"Troglodytidae_Troglodytes_pacificus,9",,
jeantet-dufourq-2023,annomate,zenodo.7828148-v1-193993-2,svl_label,1,"Troglodytidae_Troglodytes_pacificus,9",,
jeantet-dufourq-2023,annomate,zenodo.7828148-v1-193993-3,svl_label,1,"Troglodytidae_Troglodytes_pacificus,9",,
jeantet-dufourq-2023,annomate,zenodo.7828148-v1-193995-1,svl_label,1,"Troglodytidae_Troglodytes_pacificus,9",,
jeantet-dufourq-2023,annomate,zenodo.7828148-v1-193995-2,svl_label,1,"Troglodytidae_Troglodytes_pacificus,9",,
jeantet-dufourq-2023,annomate,zenodo.7828148-v1-193995-3,svl_label,1,"Troglodytidae_Troglodytes_pacificus,9",,
jeantet-dufourq-2023,annomate,zenodo.7828148-v1-193995-4,svl_label,1,"Troglodytidae_Troglodytes_pacificus,9",,
jeantet-dufourq-2023,annomate,zenodo.7828148-v1-193995-5,svl_label,1,"Troglodytidae_Troglodytes_pacificus,9",,
jeantet-dufourq-2023,annomate,zenodo.7828148-v1-194219-1,svl_label,1,"Turdidae_Catharus_ustulatus,8",,
jeantet-dufourq-2023,annomate,zenodo.7828148-v1-194219-2,svl_label,1,"Turdidae_Catharus_ustulatus,8",,
jeantet-dufourq-2023,annomate,zenodo.7828148-v1-194219-3,svl_label,1,"Turdidae_Catharus_ustulatus,8",,
jeantet-dufourq-2023,annomate,zenodo.7828148-v1-194219-4,svl_label,1,"Turdidae_Catharus_ustulatus,8",,
jeantet-dufourq-2023,annomate,zenodo.7828148-v1-194219-5,svl_label,1,"Turdidae_Catharus_ustulatus,8",,
jeantet-dufourq-2023,annomate,zenodo.7828148-v1-194219-6,svl_label,1,"Turdidae_Catharus_ustulatus,8",,
jeantet-dufourq-2023,annomate,zenodo.7828148-v1-194219-7,svl_label,1,"Turdidae_Catharus_ustulatus,8",,
jeantet-dufourq-2023,annomate,zenodo.7828148-v1-194219-8,svl_label,1,"Turdidae_Catharus_ustulatus,8",,
jeantet-dufourq-2023,annomate,zenodo.7828148-v1-194219-9,svl_label,1,"Turdidae_Catharus_ustulatus,8",,
jeantet-dufourq-2023,annomate,zenodo.7828148-v1-194219-10,svl_label,1,"Turdidae_Catharus_ustulatus,8",,
jeantet-dufourq-2023,annomate,zenodo.7828148-v1-194219-11,svl_label,1,"Turdidae_Catharus_ustulatus,8",,
jeantet-dufourq-2023,annomate,zenodo.7828148-v1-194219-12,svl_label,1,"Turdidae_Catharus_ustulatus,8",,
jeantet-dufourq-2023,annomate,zenodo.7828148-v1-194219-13,svl_label,1,"Turdidae_Catharus_ustulatus,8",,
jeantet-dufourq-2023,annomate,zenodo.7828148-v1-194219-14,svl_label,1,"Turdidae_Catharus_ustulatus,8",,
jeantet-dufourq-2023,annomate,zenodo.7828148-v1-195299-1,svl_label,1,"Turdidae_Catharus_guttatus,9",,
jeantet-dufourq-2023,annomate,zenodo.7828148-v1-195299-2,svl_label,1,"Turdidae_Catharus_guttatus,9",,
jeantet-dufourq-2023,annomate,zenodo.7828148-v1-195299-3,svl_label,1,"Turdidae_Catharus_guttatus,9",,
jeantet-dufourq-2023,annomate,zenodo.7828148-v1-195299-4,svl_label,1,"Turdidae_Catharus_guttatus,9",,
jeantet-dufourq-2023,annomate,zenodo.7828148-v1-195299-5,svl_label,1,"Turdidae_Catharus_guttatus,9",,
jeantet-dufourq-2023,annomate,zenodo.7828148-v1-195299-6,svl_label,1,"Turdidae_Catharus_guttatus,9",,
jeantet-dufourq-2023,annomate,zenodo.7828148-v1-195299-7,svl_label,1,"Turdidae_Catharus_guttatus,9",,
jeantet-dufourq-2023,annomate,zenodo.7828148-v1-195299-8,svl_label,1,"Turdidae_Catharus_guttatus,9",,
jeantet-dufourq-2023,annomate,zenodo.7828148-v1-195299-9,svl_label,1,"Turdidae_Catharus_guttatus,9",,
jeantet-dufourq-2023,annomate,zenodo.7828148-v1-195299-10,svl_label,1,"Turdidae_Catharus_guttatus,9",,
jeantet-dufourq-2023,annomate,zenodo.7828148-v1-195299-11,svl_label,1,"Turdidae_Catharus_guttatus,9",,
jeantet-dufourq-2023,annomate,zenodo.7828148-v1-195299-12,svl_label,1,"Turdidae_Catharus_guttatus,9",,
jeantet-dufourq-2023,annomate,zenodo.7828148-v1-195299-13,svl_label,1,"Turdidae_Catharus_guttatus,9",,
jeantet-dufourq-2023,annomate,zenodo.7828148-v1-195299-14,svl_label,1,"Turdidae_Catharus_guttatus,9",,
jeantet-dufourq-2023,annomate,zenodo.7828148-v1-195299-15,svl_label,1,"Turdidae_Catharus_guttatus,9",,
jeantet-dufourq-2023,annomate,zenodo.7828148-v1-195299-16,svl_label,1,"Turdidae_Catharus_guttatus,9",,
jeantet-dufourq-2023,annomate,zenodo.7828148-v1-195299-17,svl_label,1,"Turdidae_Catharus_guttatus,9",,
jeantet-dufourq-2023,annomate,zenodo.7828148-v1-195569-1,svl_label,1,"Turdidae_Catharus_ustulatus, 10",,
jeantet-dufourq-2023,annomate,zenodo.7828148-v1-195569-2,svl_label,1,"Turdidae_Catharus_ustulatus, 10",,
jeantet-dufourq-2023,annomate,zenodo.7828148-v1-195569-4,svl_label,1,"Turdidae_Catharus_ustulatus, 10",,
jeantet-dufourq-2023,annomate,zenodo.7828148-v1-195569-5,svl_label,1,"Turdidae_Catharus_ustulatus, 10",,
jeantet-dufourq-2023,annomate,zenodo.7828148-v1-195569-6,svl_label,1,"Turdidae_Catharus_ustulatus, 10",,
jeantet-dufourq-2023,annomate,zenodo.7828148-v1-195569-7,svl_label,1,"Turdidae_Catharus_ustulatus, 10",,
jeantet-dufourq-2023,annomate,zenodo.7828148-v1-195569-8,svl_label,1,"Turdidae_Catharus_ustulatus, 10",,
jeantet-dufourq-2023,annomate,zenodo.7828148-v1-195569-9,svl_label,1,"Turdidae_Catharus_ustulatus, 10",,
jeantet-dufourq-2023,annomate,zenodo.7828148-v1-195569-10,svl_label,1,"Turdidae_Catharus_ustulatus, 10",,
jeantet-dufourq-2023,annomate,zenodo.7828148-v1-195569-11,svl_label,1,"Turdidae_Catharus_ustulatus, 10",,
jeantet-dufourq-2023,annomate,zenodo.7828148-v1-195569-12,svl_label,1,"Turdidae_Catharus_ustulatus, 10",,
jeantet-dufourq-2023,annomate,zenodo.7828148-v1-195569-13,svl_label,1,"Turdidae_Catharus_ustulatus, 10",,
jeantet-dufourq-2023,annomate,zenodo.7828148-v1-195569-14,svl_label,1,"Turdidae_Catharus_ustulatus, 10",,
jeantet-dufourq-2023,annomate,zenodo.7828148-v1-195569-15,svl_label,1,"Turdidae_Catharus_ustulatus, 10",,
jeantet-dufourq-2023,annomate,zenodo.7828148-v1-195569-16,svl_label,1,"Turdidae_Catharus_ustulatus, 10",,
jeantet-dufourq-2023,annomate,zenodo.7828148-v1-195569-17,svl_label,1,"Turdidae_Catharus_ustulatus, 10",,
jeantet-dufourq-2023,annomate,zenodo.7828148-v1-195569-18,svl_label,1,"Turdidae_Catharus_ustulatus, 10",,
jeantet-dufourq-2023,annomate,zenodo.7828148-v1-195569-19,svl_label,1,"Turdidae_Catharus_ustulatus, 10",,
jeantet-dufourq-2023,annomate,zenodo.7828148-v1-195569-20,svl_label,1,"Turdidae_Catharus_ustulatus, 10",,
jeantet-dufourq-2023,annomate,zenodo.7828148-v1-195569-21,svl_label,1,"Turdidae_Catharus_ustulatus, 10",,
jeantet-dufourq-2023,annomate,zenodo.7828148-v1-195569-22,svl_label,1,"Turdidae_Catharus_ustulatus, 10",,
jeantet-dufourq-2023,annomate,zenodo.7828148-v1-195569-23,svl_label,1,"Turdidae_Catharus_ustulatus, 10",,
jeantet-dufourq-2023,annomate,zenodo.7828148-v1-195569-24,svl_label,1,"Turdidae_Catharus_ustulatus, 10",,
jeantet-dufourq-2023,annomate,zenodo.7828148-v1-195569-25,svl_label,1,"Turdidae_Catharus_ustulatus, 10",,
jeantet-dufourq-2023,annomate,zenodo.7828148-v1-195569-26,svl_label,1,"Turdidae_Catharus_ustulatus, 10",,
jeantet-dufourq-2023,annomate,zenodo.7828148-v1-195569-27,svl_label,1,"Turdidae_Catharus_ustulatus, 10",,
jeantet-dufourq-2023,annomate,zenodo.7828148-v1-195569-28,svl_label,1,"Turdidae_Catharus_ustulatus, 10",,
jeantet-dufourq-2023,annomate,zenodo.7828148-v1-195569-29,svl_label,1,"Turdidae_Catharus_ustulatus, 10",,
jeantet-dufourq-2023,annomate,zenodo.7828148-v1-195569-30,svl_label,1,"Turdidae_Catharus_ustulatus, 10",,
jeantet-dufourq-2023,annomate,zenodo.7828148-v1-195569-31,svl_label,1,"Turdidae_Catharus_ustulatus, 10",,
jeantet-dufourq-2023,annomate,zenodo.7828148-v1-195569-32,svl_label,1,"Turdidae_Catharus_ustulatus, 10",,
jeantet-dufourq-2023,annomate,zenodo.7828148-v1-195569-33,svl_label,1,"Turdidae_Catharus_ustulatus, 10",,
jeantet-dufourq-2023,annomate,zenodo.7828148-v1-195569-34,svl_label,1,"Turdidae_Catharus_ustulatus, 10",,
jeantet-dufourq-2023,annomate,zenodo.7828148-v1-195569-35,svl_label,1,"Turdidae_Catharus_ustulatus, 10",,
jeantet-dufourq-2023,annomate,zenodo.7828148-v1-195569-36,svl_label,1,"Turdidae_Catharus_ustulatus, 10",,
jeantet-dufourq-2023,annomate,zenodo.7828148-v1-195569-37,svl_label,1,"Turdidae_Catharus_ustulatus, 10",,
jeantet-dufourq-2023,annomate,zenodo.7828148-v1-195569-38,svl_label,1,"Turdidae_Catharus_ustulatus, 10",,
jeantet-dufourq-2023,annomate,zenodo.7828148-v1-195569-39,svl_label,1,"Turdidae_Catharus_ustulatus, 10",,
jeantet-dufourq-2023,annomate,zenodo.7828148-v1-195800-1,svl_label,1,"Troglodytidae_Troglodytes_pacificus,9",,
jeantet-dufourq-2023,annomate,zenodo.7828148-v1-195800-2,svl_label,1,"Troglodytidae_Troglodytes_pacificus,9",,
jeantet-dufourq-2023,annomate,zenodo.7828148-v1-195800-3,svl_label,1,"Troglodytidae_Troglodytes_pacificus,9",,
jeantet-dufourq-2023,annomate,zenodo.7828148-v1-195800-4,svl_label,1,"Troglodytidae_Troglodytes_pacificus,9",,
jeantet-dufourq-2023,annomate,zenodo.7828148-v1-195800-5,svl_label,1,"Troglodytidae_Troglodytes_pacificus,9",,
jeantet-dufourq-2023,annomate,zenodo.7828148-v1-195800-6,svl_label,1,"Troglodytidae_Troglodytes_pacificus,9",,
jeantet-dufourq-2023,annomate,zenodo.7828148-v1-195800-7,svl_label,1,"Troglodytidae_Troglodytes_pacificus,9",,
jeantet-dufourq-2023,annomate,zenodo.7828148-v1-195800-8,svl_label,1,"Troglodytidae_Troglodytes_pacificus,9",,
jeantet-dufourq-2023,annomate,zenodo.7828148-v1-195800-9,svl_label,1,"Troglodytidae_Troglodytes_pacificus,9",,
jeantet-dufourq-2023,annomate,zenodo.7828148-v1-195800-10,svl_label,1,"Troglodytidae_Troglodytes_pacificus,9",,
jeantet-dufourq-2023,annomate,zenodo.7828148-v1-195800-11,svl_label,1,"Troglodytidae_Troglodytes_pacificus,9",,
jeantet-dufourq-2023,annomate,zenodo.7828148-v1-195800-12,svl_label,1,"Troglodytidae_Troglodytes_pacificus,9",,
jeantet-dufourq-2023,annomate,zenodo.7828148-v1-195800-13,svl_label,1,"Troglodytidae_Troglodytes_pacificus,9",,
jeantet-dufourq-2023,annomate,zenodo.7828148-v1-195800-14,svl_label,1,"Troglodytidae_Troglodytes_pacificus,9",,
jeantet-dufourq-2023,annomate,zenodo.7828148-v1-195800-15,svl_label,1,"Troglodytidae_Troglodytes_pacificus,9",,
jeantet-dufourq-2023,annomate,zenodo.7828148-v1-195800-16,svl_label,1,"Troglodytidae_Troglodytes_pacificus,9",,
jeantet-dufourq-2023,annomate,zenodo.7828148-v1-195800-17,svl_label,1,"Troglodytidae_Troglodytes_pacificus,9",,
jeantet-dufourq-2023,annomate,zenodo.7828148-v1-195801-1,svl_label,1,"Troglodytidae_Troglodytes_pacificus,9",,
jeantet-dufourq-2023,annomate,zenodo.7828148-v1-195801-2,svl_label,1,"Troglodytidae_Troglodytes_pacificus,9",,
jeantet-dufourq-2023,annomate,zenodo.7828148-v1-195801-3,svl_label,1,"Troglodytidae_Troglodytes_pacificus,9",,
jeantet-dufourq-2023,annomate,zenodo.7828148-v1-195801-4,svl_label,1,"Troglodytidae_Troglodytes_pacificus,9",,
jeantet-dufourq-2023,annomate,zenodo.7828148-v1-195801-5,svl_label,1,"Troglodytidae_Troglodytes_pacificus,9",,
jeantet-dufourq-2023,annomate,zenodo.7828148-v1-195801-6,svl_label,1,"Troglodytidae_Troglodytes_pacificus,9",,
jeantet-dufourq-2023,annomate,zenodo.7828148-v1-195801-7,svl_label,1,"Troglodytidae_Troglodytes_pacificus,9",,
jeantet-dufourq-2023,annomate,zenodo.7828148-v1-195801-8,svl_label,1,"Troglodytidae_Troglodytes_pacificus,9",,
jeantet-dufourq-2023,annomate,zenodo.7828148-v1-195801-9,svl_label,1,"Troglodytidae_Troglodytes_pacificus,9",,
jeantet-dufourq-2023,annomate,zenodo.7828148-v1-195801-10,svl_label,1,"Troglodytidae_Troglodytes_pacificus,9",,
jeantet-dufourq-2023,annomate,zenodo.7828148-v1-195801-11,svl_label,1,"Troglodytidae_Troglodytes_pacificus,9",,
jeantet-dufourq-2023,annomate,zenodo.7828148-v1-195801-12,svl_label,1,"Troglodytidae_Troglodytes_pacificus,9",,
jeantet-dufourq-2023,annomate,zenodo.7828148-v1-195801-13,svl_label,1,"Troglodytidae_Troglodytes_pacificus,9",,
jeantet-dufourq-2023,annomate,zenodo.7828148-v1-195801-14,svl_label,1,"Troglodytidae_Troglodytes_pacificus,9",,
jeantet-dufourq-2023,annomate,zenodo.7828148-v1-195801-15,svl_label,1,"Troglodytidae_Troglodytes_pacificus,9",,
jeantet-dufourq-2023,annomate,zenodo.7828148-v1-195801-16,svl_label,1,"Troglodytidae_Troglodytes_pacificus,9",,
jeantet-dufourq-2023,annomate,zenodo.7828148-v1-195837-1,svl_label,1,"Turdidae_Catharus_ustulatus,9",,
jeantet-dufourq-2023,annomate,zenodo.7828148-v1-195837-2,svl_label,1,"Turdidae_Catharus_ustulatus,9",,
jeantet-dufourq-2023,annomate,zenodo.7828148-v1-195837-3,svl_label,1,"Turdidae_Catharus_ustulatus,9",,
jeantet-dufourq-2023,annomate,zenodo.7828148-v1-195837-4,svl_label,1,"Turdidae_Catharus_ustulatus,9",,
jeantet-dufourq-2023,annomate,zenodo.7828148-v1-195837-5,svl_label,1,"Turdidae_Catharus_ustulatus,9",,
jeantet-dufourq-2023,annomate,zenodo.7828148-v1-195838-1,svl_label,1,"Turdidae_Catharus_ustulatus,8",,
jeantet-dufourq-2023,annomate,zenodo.7828148-v1-195838-2,svl_label,1,"Turdidae_Catharus_ustulatus,8",,
jeantet-dufourq-2023,annomate,zenodo.7828148-v1-195838-3,svl_label,1,"Turdidae_Catharus_ustulatus,8",,
jeantet-dufourq-2023,annomate,zenodo.7828148-v1-195838-4,svl_label,1,"Turdidae_Catharus_ustulatus,8",,
jeantet-dufourq-2023,annomate,zenodo.7828148-v1-195838-5,svl_label,1,"Turdidae_Catharus_ustulatus,8",,
jeantet-dufourq-2023,annomate,zenodo.7828148-v1-195838-6,svl_label,1,"Turdidae_Catharus_ustulatus,8",,
jeantet-dufourq-2023,annomate,zenodo.7828148-v1-195838-7,svl_label,1,"Turdidae_Catharus_ustulatus,8",,
jeantet-dufourq-2023,annomate,zenodo.7828148-v1-195838-8,svl_label,1,"Turdidae_Catharus_ustulatus,8",,
jeantet-dufourq-2023,annomate,zenodo.7828148-v1-195838-9,svl_label,1,"Turdidae_Catharus_ustulatus,8",,
jeantet-dufourq-2023,annomate,zenodo.7828148-v1-195838-10,svl_label,1,"Turdidae_Catharus_ustulatus,8",,
jeantet-dufourq-2023,annomate,zenodo.7828148-v1-195838-11,svl_label,1,"Turdidae_Catharus_ustulatus,8",,
jeantet-dufourq-2023,annomate,zenodo.7828148-v1-195838-12,svl_label,1,"Turdidae_Catharus_ustulatus,8",,
jeantet-dufourq-2023,annomate,zenodo.7828148-v1-195838-13,svl_label,1,"Turdidae_Catharus_ustulatus,8",,
jeantet-dufourq-2023,annomate,zenodo.7828148-v1-195838-14,svl_label,1,"Turdidae_Catharus_ustulatus,8",,
jeantet-dufourq-2023,annomate,zenodo.7828148-v1-195838-15,svl_label,1,"Turdidae_Catharus_ustulatus,8",,
jeantet-dufourq-2023,annomate,zenodo.7828148-v1-195838-16,svl_label,1,"Turdidae_Catharus_ustulatus,8",,
jeantet-dufourq-2023,annomate,zenodo.7828148-v1-195838-17,svl_label,1,"Turdidae_Catharus_ustulatus,8",,
jeantet-dufourq-2023,annomate,zenodo.7828148-v1-195838-18,svl_label,1,"Turdidae_Catharus_ustulatus,8",,
jeantet-dufourq-2023,annomate,zenodo.7828148-v1-196126-1,svl_label,1,"Paridae_Hypocnemis_peruviana, 10",,
jeantet-dufourq-2023,annomate,zenodo.7828148-v1-196126-2,svl_label,1,"Paridae_Hypocnemis_peruviana, 10",,
jeantet-dufourq-2023,annomate,zenodo.7828148-v1-196126-3,svl_label,1,"Paridae_Hypocnemis_peruviana, 10",,
jeantet-dufourq-2023,annomate,zenodo.7828148-v1-196126-4,svl_label,1,"Paridae_Hypocnemis_peruviana, 10",,
jeantet-dufourq-2023,annomate,zenodo.7828148-v1-196126-5,svl_label,1,"Paridae_Hypocnemis_peruviana, 10",,
jeantet-dufourq-2023,annomate,zenodo.7828148-v1-196126-6,svl_label,1,"Paridae_Hypocnemis_peruviana, 10",,
jeantet-dufourq-2023,annomate,zenodo.7828148-v1-196126-7,svl_label,1,"Paridae_Hypocnemis_peruviana, 10",,
jeantet-dufourq-2023,annomate,zenodo.7828148-v1-196126-8,svl_label,1,"Paridae_Hypocnemis_peruviana, 10",,
jeantet-dufourq-2023,annomate,zenodo.7828148-v1-196126-9,svl_label,1,"Paridae_Hypocnemis_peruviana, 10",,
jeantet-dufourq-2023,annomate,zenodo.7828148-v1-196126-10,svl_label,1,"Paridae_Hypocnemis_peruviana, 10",,
jeantet-dufourq-2023,annomate,zenodo.7828148-v1-196126-11,svl_label,1,"Paridae_Hypocnemis_peruviana, 10",,
jeantet-dufourq-2023,annomate,zenodo.7828148-v1-197256-1,svl_label,1,"Turdidae_Catharus_aurantiirostris_Mexico,8",,
jeantet-dufourq-2023,annomate,zenodo.7828148-v1-197256-2,svl_label,1,"Turdidae_Catharus_aurantiirostris_Mexico,8",,
jeantet-dufourq-2023,annomate,zenodo.7828148-v1-197256-3,svl_label,1,"Turdidae_Catharus_aurantiirostris_Mexico,8",,
jeantet-dufourq-2023,annomate,zenodo.7828148-v1-197256-4,svl_label,1,"Turdidae_Catharus_aurantiirostris_Mexico,8",,
jeantet-dufourq-2023,annomate,zenodo.7828148-v1-197256-5,svl_label,1,"Turdidae_Catharus_aurantiirostris_Mexico,8",,
jeantet-dufourq-2023,annomate,zenodo.7828148-v1-197256-6,svl_label,1,"Turdidae_Catharus_aurantiirostris_Mexico,8",,
jeantet-dufourq-2023,annomate,zenodo.7828148-v1-197256-7,svl_label,1,"Turdidae_Catharus_aurantiirostris_Mexico,8",,
jeantet-dufourq-2023,annomate,zenodo.7828148-v1-197256-8,svl_label,1,"Turdidae_Catharus_aurantiirostris_Mexico,8",,
jeantet-dufourq-2023,annomate,zenodo.7828148-v1-197256-9,svl_label,1,"Turdidae_Catharus_aurantiirostris_Mexico,8",,
jeantet-dufourq-2023,annomate,zenodo.7828148-v1-198653-1,svl_label,1,"Turdidae_Catharus_aurantiirostris,9",,
jeantet-dufourq-2023,annomate,zenodo.7828148-v1-198653-2,svl_label,1,"Turdidae_Catharus_aurantiirostris,9",,
jeantet-dufourq-2023,annomate,zenodo.7828148-v1-198653-3,svl_label,1,"Turdidae_Catharus_aurantiirostris,9",,
jeantet-dufourq-2023,annomate,zenodo.7828148-v1-198653-4,svl_label,1,"Turdidae_Catharus_aurantiirostris,9",,
jeantet-dufourq-2023,annomate,zenodo.7828148-v1-198653-5,svl_label,1,"Turdidae_Catharus_aurantiirostris,9",,
jeantet-dufourq-2023,annomate,zenodo.7828148-v1-198653-6,svl_label,1,"Turdidae_Catharus_aurantiirostris,9",,
jeantet-dufourq-2023,annomate,zenodo.7828148-v1-198653-7,svl_label,1,"Turdidae_Catharus_aurantiirostris,9",,
jeantet-dufourq-2023,annomate,zenodo.7828148-v1-198822-1,svl_label,1,"Turdidae_Catharus_aurantiirostris,8",,
jeantet-dufourq-2023,annomate,zenodo.7828148-v1-198822-2,svl_label,1,"Turdidae_Catharus_aurantiirostris,8",,
jeantet-dufourq-2023,annomate,zenodo.7828148-v1-198822-3,svl_label,1,"Turdidae_Catharus_aurantiirostris,8",,
jeantet-dufourq-2023,annomate,zenodo.7828148-v1-198822-4,svl_label,1,"Turdidae_Catharus_aurantiirostris,8",,
jeantet-dufourq-2023,annomate,zenodo.7828148-v1-198822-5,svl_label,1,"Turdidae_Catharus_aurantiirostris,8",,
jeantet-dufourq-2023,annomate,zenodo.7828148-v1-198822-6,svl_label,1,"Turdidae_Catharus_aurantiirostris,8",,
jeantet-dufourq-2023,annomate,zenodo.7828148-v1-198822-7,svl_label,1,"Turdidae_Catharus_aurantiirostris,8",,
jeantet-dufourq-2023,annomate,zenodo.7828148-v1-198822-8,svl_label,1,"Turdidae_Catharus_aurantiirostris,8",,
jeantet-dufourq-2023,annomate,zenodo.7828148-v1-198822-9,svl_label,1,"Turdidae_Catharus_aurantiirostris,8",,
jeantet-dufourq-2023,annomate,zenodo.7828148-v1-198822-10,svl_label,1,"Turdidae_Catharus_aurantiirostris,8",,
jeantet-dufourq-2023,annomate,zenodo.7828148-v1-198822-11,svl_label,1,"Turdidae_Catharus_aurantiirostris,8",,
jeantet-dufourq-2023,annomate,zenodo.7828148-v1-198822-12,svl_label,1,"Turdidae_Catharus_aurantiirostris,8",,
jeantet-dufourq-2023,annomate,zenodo.7828148-v1-202354-1,svl_label,1,"Paridae_Hypocnemis_cantator,9",,
jeantet-dufourq-2023,annomate,zenodo.7828148-v1-202354-2,svl_label,1,"Paridae_Hypocnemis_cantator,9",,
jeantet-dufourq-2023,annomate,zenodo.7828148-v1-202354-3,svl_label,1,"Paridae_Hypocnemis_cantator,9",,
jeantet-dufourq-2023,annomate,zenodo.7828148-v1-202354-4,svl_label,1,"Paridae_Hypocnemis_cantator,9",,
jeantet-dufourq-2023,annomate,zenodo.7828148-v1-202354-5,svl_label,1,"Paridae_Hypocnemis_cantator,9",,
jeantet-dufourq-2023,annomate,zenodo.7828148-v1-202354-6,svl_label,1,"Paridae_Hypocnemis_cantator,9",,
jeantet-dufourq-2023,annomate,zenodo.7828148-v1-202354-7,svl_label,1,"Paridae_Hypocnemis_cantator,9",,
jeantet-dufourq-2023,annomate,zenodo.7828148-v1-202354-8,svl_label,1,"Paridae_Hypocnemis_cantator,9",,
jeantet-dufourq-2023,annomate,zenodo.7828148-v1-202354-9,svl_label,1,"Paridae_Hypocnemis_cantator,9",,
jeantet-dufourq-2023,annomate,zenodo.7828148-v1-202354-10,svl_label,1,"Paridae_Hypocnemis_cantator,9",,
jeantet-dufourq-2023,annomate,zenodo.7828148-v1-203411-1,svl_label,1,"Paridae_Saxicola_tectes,9",,
jeantet-dufourq-2023,annomate,zenodo.7828148-v1-203411-2,svl_label,1,"Paridae_Saxicola_tectes,9",,
jeantet-dufourq-2023,annomate,zenodo.7828148-v1-203411-3,svl_label,1,"Paridae_Saxicola_tectes,9",,
jeantet-dufourq-2023,annomate,zenodo.7828148-v1-203411-4,svl_label,1,"Paridae_Saxicola_tectes,9",,
jeantet-dufourq-2023,annomate,zenodo.7828148-v1-203411-5,svl_label,1,"Paridae_Saxicola_tectes,9",,
jeantet-dufourq-2023,annomate,zenodo.7828148-v1-203411-6,svl_label,1,"Paridae_Saxicola_tectes,9",,
jeantet-dufourq-2023,annomate,zenodo.7828148-v1-203411-7,svl_label,1,"Paridae_Saxicola_tectes,9",,
jeantet-dufourq-2023,annomate,zenodo.7828148-v1-203411-8,svl_label,1,"Paridae_Saxicola_tectes,9",,
jeantet-dufourq-2023,annomate,zenodo.7828148-v1-203411-9,svl_label,1,"Paridae_Saxicola_tectes,9",,
jeantet-dufourq-2023,annomate,zenodo.7828148-v1-203411-10,svl_label,1,"Paridae_Saxicola_tectes,9",,
jeantet-dufourq-2023,annomate,zenodo.7828148-v1-203411-11,svl_label,1,"Paridae_Saxicola_tectes,9",,
jeantet-dufourq-2023,annomate,zenodo.7828148-v1-203411-12,svl_label,1,"Paridae_Saxicola_tectes,9",,
jeantet-dufourq-2023,annomate,zenodo.7828148-v1-203415-1,svl_label,1,"Paridae_Saxicola_tectes,9",,
jeantet-dufourq-2023,annomate,zenodo.7828148-v1-203415-2,svl_label,1,"Paridae_Saxicola_tectes,8",,
jeantet-dufourq-2023,annomate,zenodo.7828148-v1-203415-3,svl_label,1,"Paridae_Saxicola_tectes,8",,
jeantet-dufourq-2023,annomate,zenodo.7828148-v1-203415-4,svl_label,1,"Paridae_Saxicola_tectes,9",,
jeantet-dufourq-2023,annomate,zenodo.7828148-v1-203415-5,svl_label,1,"Paridae_Saxicola_tectes,9",,
jeantet-dufourq-2023,annomate,zenodo.7828148-v1-203415-6,svl_label,1,"Paridae_Saxicola_tectes,9",,
jeantet-dufourq-2023,annomate,zenodo.7828148-v1-203415-7,svl_label,1,"Paridae_Saxicola_tectes,9",,
jeantet-dufourq-2023,annomate,zenodo.7828148-v1-203415-8,svl_label,1,"Paridae_Saxicola_tectes,9",,
jeantet-dufourq-2023,annomate,zenodo.7828148-v1-203415-9,svl_label,1,"Paridae_Saxicola_tectes,8",,
jeantet-dufourq-2023,annomate,zenodo.7828148-v1-203415-10,svl_label,1,"Paridae_Saxicola_tectes,8",,
jeantet-dufourq-2023,annomate,zenodo.7828148-v1-203415-11,svl_label,1,"Paridae_Saxicola_tectes,8",,
jeantet-dufourq-2023,annomate,zenodo.7828148-v1-206066-1,svl_label,1,"Troglodytidae_Troglodytes_aedon,9",,
jeantet-dufourq-2023,annomate,zenodo.7828148-v1-206066-2,svl_label,1,"Troglodytidae_Troglodytes_aedon,9",,
jeantet-dufourq-2023,annomate,zenodo.7828148-v1-206066-3,svl_label,1,"Troglodytidae_Troglodytes_aedon,9",,
jeantet-dufourq-2023,annomate,zenodo.7828148-v1-206066-4,svl_label,1,"Troglodytidae_Troglodytes_aedon,9",,
jeantet-dufourq-2023,annomate,zenodo.7828148-v1-206066-5,svl_label,1,"Troglodytidae_Troglodytes_aedon,9",,
jeantet-dufourq-2023,annomate,zenodo.7828148-v1-206066-6,svl_label,1,"Troglodytidae_Troglodytes_aedon,9",,
jeantet-dufourq-2023,annomate,zenodo.7828148-v1-206066-7,svl_label,1,"Troglodytidae_Troglodytes_aedon,9",,
jeantet-dufourq-2023,annomate,zenodo.7828148-v1-206066-8,svl_label,1,"Troglodytidae_Troglodytes_aedon,9",,
jeantet-dufourq-2023,annomate,zenodo.7828148-v1-206066-9,svl_label,1,"Troglodytidae_Troglodytes_aedon,9",,
jeantet-dufourq-2023,annomate,zenodo.7828148-v1-206066-10,svl_label,1,"Troglodytidae_Troglodytes_aedon,9",,
jeantet-dufourq-2023,annomate,zenodo.7828148-v1-206066-11,svl_label,1,"Troglodytidae_Troglodytes_aedon,9",,
jeantet-dufourq-2023,annomate,zenodo.7828148-v1-206066-12,svl_label,1,"Troglodytidae_Troglodytes_aedon,9",,
jeantet-dufourq-2023,annomate,zenodo.7828148-v1-206066-13,svl_label,1,"Troglodytidae_Troglodytes_aedon,9",,
jeantet-dufourq-2023,annomate,zenodo.7828148-v1-206066-14,svl_label,1,"Troglodytidae_Troglodytes_aedon,9",,
jeantet-dufourq-2023,annomate,zenodo.7828148-v1-206066-15,svl_label,1,"Troglodytidae_Troglodytes_aedon,9",,
jeantet-dufourq-2023,annomate,zenodo.7828148-v1-206692-1,svl_label,1,"Turdidae_Catharus_ustulatus,8",,
jeantet-dufourq-2023,annomate,zenodo.7828148-v1-206692-2,svl_label,1,"Turdidae_Catharus_ustulatus,8",,
jeantet-dufourq-2023,annomate,zenodo.7828148-v1-206827-1,svl_label,1,"Troglodytidae_Troglodytes_aedon,9",,
jeantet-dufourq-2023,annomate,zenodo.7828148-v1-206827-2,svl_label,1,"Troglodytidae_Troglodytes_aedon,9",,
jeantet-dufourq-2023,annomate,zenodo.7828148-v1-206827-3,svl_label,1,"Troglodytidae_Troglodytes_aedon,9",,
jeantet-dufourq-2023,annomate,zenodo.7828148-v1-206827-4,svl_label,1,"Troglodytidae_Troglodytes_aedon,9",,
jeantet-dufourq-2023,annomate,zenodo.7828148-v1-206827-5,svl_label,1,"Troglodytidae_Troglodytes_aedon,9",,
jeantet-dufourq-2023,annomate,zenodo.7828148-v1-206827-6,svl_label,1,"Troglodytidae_Troglodytes_aedon,9",,
jeantet-dufourq-2023,annomate,zenodo.7828148-v1-206827-7,svl_label,1,"Troglodytidae_Troglodytes_aedon,9",,
jeantet-dufourq-2023,annomate,zenodo.7828148-v1-206827-8,svl_label,1,"Troglodytidae_Troglodytes_aedon,9",,
jeantet-dufourq-2023,annomate,zenodo.7828148-v1-206827-9,svl_label,1,"Troglodytidae_Troglodytes_aedon,9",,
jeantet-dufourq-2023,annomate,zenodo.7828148-v1-206827-10,svl_label,1,"Troglodytidae_Troglodytes_aedon,9",,
jeantet-dufourq-2023,annomate,zenodo.7828148-v1-20841-1,svl_label,1,"Paridae_Saxicola_tectes,8",,
jeantet-dufourq-2023,annomate,zenodo.7828148-v1-20841-2,svl_label,1,"Paridae_Saxicola_tectes,8",,
jeantet-dufourq-2023,annomate,zenodo.7828148-v1-20841-3,svl_label,1,"Paridae_Saxicola_tectes,8",,
jeantet-dufourq-2023,annomate,zenodo.7828148-v1-20841-4,svl_label,1,"Paridae_Saxicola_tectes,8",,
jeantet-dufourq-2023,annomate,zenodo.7828148-v1-20841-5,svl_label,1,"Paridae_Saxicola_tectes,8",,
jeantet-dufourq-2023,annomate,zenodo.7828148-v1-20841-6,svl_label,1,"Paridae_Saxicola_tectes,8",,
jeantet-dufourq-2023,annomate,zenodo.7828148-v1-20841-7,svl_label,1,"Paridae_Saxicola_tectes,8",,
jeantet-dufourq-2023,annomate,zenodo.7828148-v1-20841-8,svl_label,1,"Paridae_Saxicola_tectes,8",,
jeantet-dufourq-2023,annomate,zenodo.7828148-v1-210142-1,svl_label,1,"Troglodytidae_Troglodytes_aedon,9",,
jeantet-dufourq-2023,annomate,zenodo.7828148-v1-210142-2,svl_label,1,"Troglodytidae_Troglodytes_aedon,9",,
jeantet-dufourq-2023,annomate,zenodo.7828148-v1-210142-3,svl_label,1,"Troglodytidae_Troglodytes_aedon,9",,
jeantet-dufourq-2023,annomate,zenodo.7828148-v1-210142-4,svl_label,1,"Troglodytidae_Troglodytes_aedon,9",,
jeantet-dufourq-2023,annomate,zenodo.7828148-v1-210142-5,svl_label,1,"Troglodytidae_Troglodytes_aedon,9",,
jeantet-dufourq-2023,annomate,zenodo.7828148-v1-210142-6,svl_label,1,"Troglodytidae_Troglodytes_aedon,9",,
jeantet-dufourq-2023,annomate,zenodo.7828148-v1-210142-7,svl_label,1,"Troglodytidae_Troglodytes_aedon,9",,
jeantet-dufourq-2023,annomate,zenodo.7828148-v1-210142-8,svl_label,1,"Troglodytidae_Troglodytes_aedon,9",,
jeantet-dufourq-2023,annomate,zenodo.7828148-v1-210142-9,svl_label,1,"Troglodytidae_Troglodytes_aedon,9",,
jeantet-dufourq-2023,annomate,zenodo.7828148-v1-210142-10,svl_label,1,"Troglodytidae_Troglodytes_aedon,9",,
jeantet-dufourq-2023,annomate,zenodo.7828148-v1-21083-1,svl_label,1,"Troglodytidae_Troglodytes_hiemalis,9",,
jeantet-dufourq-2023,annomate,zenodo.7828148-v1-21083-2,svl_label,1,"Troglodytidae_Troglodytes_hiemalis,9",,
jeantet-dufourq-2023,annomate,zenodo.7828148-v1-21083-3,svl_label,1,"Troglodytidae_Troglodytes_hiemalis,9",,
jeantet-dufourq-2023,annomate,zenodo.7828148-v1-211477-1,svl_label,1,"Troglodytidae_Troglodytes_aedon,9",,
jeantet-dufourq-2023,annomate,zenodo.7828148-v1-211477-2,svl_label,1,"Troglodytidae_Troglodytes_aedon,9",,
jeantet-dufourq-2023,annomate,zenodo.7828148-v1-211477-3,svl_label,1,"Troglodytidae_Troglodytes_aedon,9",,
jeantet-dufourq-2023,annomate,zenodo.7828148-v1-211477-4,svl_label,1,"Troglodytidae_Troglodytes_aedon,9",,
jeantet-dufourq-2023,annomate,zenodo.7828148-v1-211477-5,svl_label,1,"Troglodytidae_Troglodytes_aedon,9",,
jeantet-dufourq-2023,annomate,zenodo.7828148-v1-211477-6,svl_label,1,"Troglodytidae_Troglodytes_aedon,9",,
jeantet-dufourq-2023,annomate,zenodo.7828148-v1-212550-1,svl_label,1,"Paridae_Saxicola_rubetra,8",,
jeantet-dufourq-2023,annomate,zenodo.7828148-v1-212550-2,svl_label,1,"Paridae_Saxicola_rubetra,8",,
jeantet-dufourq-2023,annomate,zenodo.7828148-v1-212550-3,svl_label,1,"Paridae_Saxicola_rubetra,8",,
jeantet-dufourq-2023,annomate,zenodo.7828148-v1-212550-4,svl_label,1,"Paridae_Saxicola_rubetra,8",,
jeantet-dufourq-2023,annomate,zenodo.7828148-v1-212550-5,svl_label,1,"Paridae_Saxicola_rubetra,8",,
jeantet-dufourq-2023,annomate,zenodo.7828148-v1-213025-1,svl_label,1,"Paridae_Hypocnemis_striata,9",,
jeantet-dufourq-2023,annomate,zenodo.7828148-v1-213025-2,svl_label,1,"Paridae_Hypocnemis_striata,9",,
jeantet-dufourq-2023,annomate,zenodo.7828148-v1-213025-3,svl_label,1,"Paridae_Hypocnemis_striata,9",,
jeantet-dufourq-2023,annomate,zenodo.7828148-v1-213025-4,svl_label,1,"Paridae_Hypocnemis_striata,9",,
jeantet-dufourq-2023,annomate,zenodo.7828148-v1-213025-5,svl_label,1,"Paridae_Hypocnemis_striata,9",,
jeantet-dufourq-2023,annomate,zenodo.7828148-v1-213742-1,svl_label,1,"Troglodytidae_Troglodytes_aedon,9",,
jeantet-dufourq-2023,annomate,zenodo.7828148-v1-213742-2,svl_label,1,"Troglodytidae_Troglodytes_aedon,9",,
jeantet-dufourq-2023,annomate,zenodo.7828148-v1-213742-3,svl_label,1,"Troglodytidae_Troglodytes_aedon,9",,
jeantet-dufourq-2023,annomate,zenodo.7828148-v1-213742-4,svl_label,1,"Troglodytidae_Troglodytes_aedon,9",,
jeantet-dufourq-2023,annomate,zenodo.7828148-v1-213742-5,svl_label,1,"Troglodytidae_Troglodytes_aedon,9",,
jeantet-dufourq-2023,annomate,zenodo.7828148-v1-214744-1,svl_label,1,"Paridae_Hypocnemis_cantator,9",,
jeantet-dufourq-2023,annomate,zenodo.7828148-v1-214744-2,svl_label,1,"Paridae_Hypocnemis_cantator,9",,
jeantet-dufourq-2023,annomate,zenodo.7828148-v1-214744-3,svl_label,1,"Paridae_Hypocnemis_cantator,9",,
jeantet-dufourq-2023,annomate,zenodo.7828148-v1-214745-1,svl_label,1,"Paridae_Hypocnemis_cantator,9",,
jeantet-dufourq-2023,annomate,zenodo.7828148-v1-214745-2,svl_label,1,"Paridae_Hypocnemis_cantator,9",,
jeantet-dufourq-2023,annomate,zenodo.7828148-v1-214746-1,svl_label,1,"Paridae_Hypocnemis_cantator,8",,
jeantet-dufourq-2023,annomate,zenodo.7828148-v1-214746-2,svl_label,1,"Paridae_Hypocnemis_cantator,8",,
jeantet-dufourq-2023,annomate,zenodo.7828148-v1-216167-1,svl_label,1,"Fringillidae_Serinus_serinus,8",,
jeantet-dufourq-2023,annomate,zenodo.7828148-v1-216167-2,svl_label,1,"Fringillidae_Serinus_serinus,8",,
jeantet-dufourq-2023,annomate,zenodo.7828148-v1-216167-3,svl_label,1,"Fringillidae_Serinus_serinus,8",,
jeantet-dufourq-2023,annomate,zenodo.7828148-v1-216167-4,svl_label,1,"Fringillidae_Serinus_serinus,8",,
jeantet-dufourq-2023,annomate,zenodo.7828148-v1-216167-5,svl_label,1,"Fringillidae_Serinus_serinus,8",,
jeantet-dufourq-2023,annomate,zenodo.7828148-v1-216614-1,svl_label,1,"Troglodytidae_Troglodytes_aedon,8",,
jeantet-dufourq-2023,annomate,zenodo.7828148-v1-216614-2,svl_label,1,"Troglodytidae_Troglodytes_aedon,9",,
jeantet-dufourq-2023,annomate,zenodo.7828148-v1-216614-3,svl_label,1,"Troglodytidae_Troglodytes_aedon,8",,
jeantet-dufourq-2023,annomate,zenodo.7828148-v1-216614-4,svl_label,1,"Troglodytidae_Troglodytes_aedon,8",,
jeantet-dufourq-2023,annomate,zenodo.7828148-v1-216700-1,svl_label,1,"Paridae_Hypocnemis_cantator,9",,
jeantet-dufourq-2023,annomate,zenodo.7828148-v1-216700-2,svl_label,1,"Paridae_Hypocnemis_cantator,9",,
jeantet-dufourq-2023,annomate,zenodo.7828148-v1-216701-1,svl_label,1,"Paridae_Hypocnemis_cantator,9",,
jeantet-dufourq-2023,annomate,zenodo.7828148-v1-216701-2,svl_label,1,"Paridae_Hypocnemis_cantator,9",,
jeantet-dufourq-2023,annomate,zenodo.7828148-v1-217004-1,svl_label,1,"Troglodytidae_Troglodytes_aedon,9",,
jeantet-dufourq-2023,annomate,zenodo.7828148-v1-21794-1,svl_label,1,"Turdidae_Catharus_guttatus,9",,
jeantet-dufourq-2023,annomate,zenodo.7828148-v1-21794-2,svl_label,1,"Turdidae_Catharus_guttatus,9",,
jeantet-dufourq-2023,annomate,zenodo.7828148-v1-21794-3,svl_label,1,"Turdidae_Catharus_guttatus,9",,
jeantet-dufourq-2023,annomate,zenodo.7828148-v1-21794-4,svl_label,1,"Turdidae_Catharus_guttatus,9",,
jeantet-dufourq-2023,annomate,zenodo.7828148-v1-21794-5,svl_label,1,"Turdidae_Catharus_guttatus,9",,
jeantet-dufourq-2023,annomate,zenodo.7828148-v1-21794-6,svl_label,1,"Turdidae_Catharus_guttatus,9",,
jeantet-dufourq-2023,annomate,zenodo.7828148-v1-21794-7,svl_label,1,"Turdidae_Catharus_guttatus,9",,
jeantet-dufourq-2023,annomate,zenodo.7828148-v1-21794-8,svl_label,1,"Turdidae_Catharus_guttatus,9",,
jeantet-dufourq-2023,annomate,zenodo.7828148-v1-21794-9,svl_label,1,"Turdidae_Catharus_guttatus,9",,
jeantet-dufourq-2023,annomate,zenodo.7828148-v1-21794-10,svl_label,1,"Turdidae_Catharus_guttatus,9",,
jeantet-dufourq-2023,annomate,zenodo.7828148-v1-21794-11,svl_label,1,"Turdidae_Catharus_guttatus,9",,
jeantet-dufourq-2023,annomate,zenodo.7828148-v1-21794-12,svl_label,1,"Turdidae_Catharus_guttatus,9",,
jeantet-dufourq-2023,annomate,zenodo.7828148-v1-21794-13,svl_label,1,"Turdidae_Catharus_guttatus,9",,
jeantet-dufourq-2023,annomate,zenodo.7828148-v1-21794-14,svl_label,1,"Turdidae_Catharus_guttatus,9",,
jeantet-dufourq-2023,annomate,zenodo.7828148-v1-21794-15,svl_label,1,"Turdidae_Catharus_guttatus,9",,
jeantet-dufourq-2023,annomate,zenodo.7828148-v1-21794-16,svl_label,1,"Turdidae_Catharus_guttatus,9",,
jeantet-dufourq-2023,annomate,zenodo.7828148-v1-21794-17,svl_label,1,"Turdidae_Catharus_guttatus,9",,
jeantet-dufourq-2023,annomate,zenodo.7828148-v1-21794-18,svl_label,1,"Turdidae_Catharus_guttatus,9",,
jeantet-dufourq-2023,annomate,zenodo.7828148-v1-21794-19,svl_label,1,"Turdidae_Catharus_guttatus,9",,
jeantet-dufourq-2023,annomate,zenodo.7828148-v1-21795-1,svl_label,1,"Turdidae_Catharus_guttatus,9",,
jeantet-dufourq-2023,annomate,zenodo.7828148-v1-21795-2,svl_label,1,"Turdidae_Catharus_guttatus,9",,
jeantet-dufourq-2023,annomate,zenodo.7828148-v1-21795-3,svl_label,1,"Turdidae_Catharus_guttatus,9",,
jeantet-dufourq-2023,annomate,zenodo.7828148-v1-21795-4,svl_label,1,"Turdidae_Catharus_guttatus,9",,
jeantet-dufourq-2023,annomate,zenodo.7828148-v1-21795-5,svl_label,1,"Turdidae_Catharus_guttatus,9",,
jeantet-dufourq-2023,annomate,zenodo.7828148-v1-21795-6,svl_label,1,"Turdidae_Catharus_guttatus,9",,
jeantet-dufourq-2023,annomate,zenodo.7828148-v1-21795-7,svl_label,1,"Turdidae_Catharus_guttatus,9",,
jeantet-dufourq-2023,annomate,zenodo.7828148-v1-21795-8,svl_label,1,"Turdidae_Catharus_guttatus,9",,
jeantet-dufourq-2023,annomate,zenodo.7828148-v1-21795-9,svl_label,1,"Turdidae_Catharus_guttatus,9",,
jeantet-dufourq-2023,annomate,zenodo.7828148-v1-21795-10,svl_label,1,"Turdidae_Catharus_guttatus,9",,
jeantet-dufourq-2023,annomate,zenodo.7828148-v1-21795-11,svl_label,1,"Turdidae_Catharus_guttatus,9",,
jeantet-dufourq-2023,annomate,zenodo.7828148-v1-21795-12,svl_label,1,"Turdidae_Catharus_guttatus,9",,
jeantet-dufourq-2023,annomate,zenodo.7828148-v1-21795-13,svl_label,1,"Turdidae_Catharus_guttatus,9",,
jeantet-dufourq-2023,annomate,zenodo.7828148-v1-21795-14,svl_label,1,"Turdidae_Catharus_guttatus,9",,
jeantet-dufourq-2023,annomate,zenodo.7828148-v1-21795-15,svl_label,1,"Turdidae_Catharus_guttatus,9",,
jeantet-dufourq-2023,annomate,zenodo.7828148-v1-21795-16,svl_label,1,"Turdidae_Catharus_guttatus,9",,
jeantet-dufourq-2023,annomate,zenodo.7828148-v1-21795-17,svl_label,1,"Turdidae_Catharus_guttatus,9",,
jeantet-dufourq-2023,annomate,zenodo.7828148-v1-21795-18,svl_label,1,"Turdidae_Catharus_guttatus,9",,
jeantet-dufourq-2023,annomate,zenodo.7828148-v1-21795-19,svl_label,1,"Turdidae_Catharus_guttatus,9",,
jeantet-dufourq-2023,annomate,zenodo.7828148-v1-21796-1,svl_label,1,"Turdidae_Catharus_guttatus,9",,
jeantet-dufourq-2023,annomate,zenodo.7828148-v1-21796-2,svl_label,1,"Turdidae_Catharus_guttatus,9",,
jeantet-dufourq-2023,annomate,zenodo.7828148-v1-21796-3,svl_label,1,"Turdidae_Catharus_guttatus,9",,
jeantet-dufourq-2023,annomate,zenodo.7828148-v1-21796-4,svl_label,1,"Turdidae_Catharus_guttatus,9",,
jeantet-dufourq-2023,annomate,zenodo.7828148-v1-21796-5,svl_label,1,"Turdidae_Catharus_guttatus,9",,
jeantet-dufourq-2023,annomate,zenodo.7828148-v1-21796-6,svl_label,1,"Turdidae_Catharus_guttatus,9",,
jeantet-dufourq-2023,annomate,zenodo.7828148-v1-21796-7,svl_label,1,"Turdidae_Catharus_guttatus,9",,
jeantet-dufourq-2023,annomate,zenodo.7828148-v1-21796-8,svl_label,1,"Turdidae_Catharus_guttatus,9",,
jeantet-dufourq-2023,annomate,zenodo.7828148-v1-21796-9,svl_label,1,"Turdidae_Catharus_guttatus,9",,
jeantet-dufourq-2023,annomate,zenodo.7828148-v1-21796-10,svl_label,1,"Turdidae_Catharus_guttatus,9",,
jeantet-dufourq-2023,annomate,zenodo.7828148-v1-21796-11,svl_label,1,"Turdidae_Catharus_guttatus,9",,
jeantet-dufourq-2023,annomate,zenodo.7828148-v1-21796-12,svl_label,1,"Turdidae_Catharus_guttatus,9",,
jeantet-dufourq-2023,annomate,zenodo.7828148-v1-21796-13,svl_label,1,"Turdidae_Catharus_guttatus,9",,
jeantet-dufourq-2023,annomate,zenodo.7828148-v1-21796-14,svl_label,1,"Turdidae_Catharus_guttatus,9",,
jeantet-dufourq-2023,annomate,zenodo.7828148-v1-21796-15,svl_label,1,"Turdidae_Catharus_guttatus,9",,
jeantet-dufourq-2023,annomate,zenodo.7828148-v1-21796-16,svl_label,1,"Turdidae_Catharus_guttatus,9",,
jeantet-dufourq-2023,annomate,zenodo.7828148-v1-21796-17,svl_label,1,"Turdidae_Catharus_guttatus,9",,
jeantet-dufourq-2023,annomate,zenodo.7828148-v1-21796-18,svl_label,1,"Turdidae_Catharus_guttatus,9",,
jeantet-dufourq-2023,annomate,zenodo.7828148-v1-21796-19,svl_label,1,"Turdidae_Catharus_guttatus,9",,
jeantet-dufourq-2023,annomate,zenodo.7828148-v1-21796-20,svl_label,1,"Turdidae_Catharus_guttatus,9",,
jeantet-dufourq-2023,annomate,zenodo.7828148-v1-21796-21,svl_label,1,"Turdidae_Catharus_guttatus,9",,
jeantet-dufourq-2023,annomate,zenodo.7828148-v1-21796-22,svl_label,1,"Turdidae_Catharus_guttatus,9",,
jeantet-dufourq-2023,annomate,zenodo.7828148-v1-220561-1,svl_label,1,"Turdidae_Catharus_aurantiirostris,8",,
jeantet-dufourq-2023,annomate,zenodo.7828148-v1-220561-2,svl_label,1,"Turdidae_Catharus_aurantiirostris,8",,
jeantet-dufourq-2023,annomate,zenodo.7828148-v1-220561-3,svl_label,1,"Turdidae_Catharus_aurantiirostris,8",,
jeantet-dufourq-2023,annomate,zenodo.7828148-v1-220561-4,svl_label,1,"Turdidae_Catharus_aurantiirostris,8",,
jeantet-dufourq-2023,annomate,zenodo.7828148-v1-220561-5,svl_label,1,"Turdidae_Catharus_aurantiirostris,8",,
jeantet-dufourq-2023,annomate,zenodo.7828148-v1-220561-6,svl_label,1,"Turdidae_Catharus_aurantiirostris,8",,
jeantet-dufourq-2023,annomate,zenodo.7828148-v1-220561-7,svl_label,1,"Turdidae_Catharus_aurantiirostris,8",,
jeantet-dufourq-2023,annomate,zenodo.7828148-v1-220561-8,svl_label,1,"Turdidae_Catharus_aurantiirostris,8",,
jeantet-dufourq-2023,annomate,zenodo.7828148-v1-220561-9,svl_label,1,"Turdidae_Catharus_aurantiirostris,8",,
jeantet-dufourq-2023,annomate,zenodo.7828148-v1-220563-1,svl_label,1,"Turdidae_Catharus_aurantiirostris,9",,
jeantet-dufourq-2023,annomate,zenodo.7828148-v1-220563-2,svl_label,1,"Turdidae_Catharus_aurantiirostris,9",,
jeantet-dufourq-2023,annomate,zenodo.7828148-v1-220563-3,svl_label,1,"Turdidae_Catharus_aurantiirostris,9",,
jeantet-dufourq-2023,annomate,zenodo.7828148-v1-220564-1,svl_label,1,"Turdidae_Catharus_aurantiirostris,9",,
jeantet-dufourq-2023,annomate,zenodo.7828148-v1-220564-2,svl_label,1,"Turdidae_Catharus_aurantiirostris,9",,
jeantet-dufourq-2023,annomate,zenodo.7828148-v1-220564-3,svl_label,1,"Turdidae_Catharus_aurantiirostris,9",,
jeantet-dufourq-2023,annomate,zenodo.7828148-v1-220564-4,svl_label,1,"Turdidae_Catharus_aurantiirostris,9",,
jeantet-dufourq-2023,annomate,zenodo.7828148-v1-220594-1,svl_label,1,"Turdidae_Catharus_guttatus,9",,
jeantet-dufourq-2023,annomate,zenodo.7828148-v1-220594-2,svl_label,1,"Turdidae_Catharus_guttatus,9",,
jeantet-dufourq-2023,annomate,zenodo.7828148-v1-220594-3,svl_label,1,"Turdidae_Catharus_guttatus,9",,
jeantet-dufourq-2023,annomate,zenodo.7828148-v1-220594-4,svl_label,1,"Turdidae_Catharus_guttatus,9",,
jeantet-dufourq-2023,annomate,zenodo.7828148-v1-220594-5,svl_label,1,"Turdidae_Catharus_guttatus,9",,
jeantet-dufourq-2023,annomate,zenodo.7828148-v1-220594-6,svl_label,1,"Turdidae_Catharus_guttatus,9",,
jeantet-dufourq-2023,annomate,zenodo.7828148-v1-220594-7,svl_label,1,"Turdidae_Catharus_guttatus,9",,
jeantet-dufourq-2023,annomate,zenodo.7828148-v1-220594-8,svl_label,1,"Turdidae_Catharus_guttatus,9",,
jeantet-dufourq-2023,annomate,zenodo.7828148-v1-220594-9,svl_label,1,"Turdidae_Catharus_guttatus,9",,
jeantet-dufourq-2023,annomate,zenodo.7828148-v1-220594-10,svl_label,1,"Turdidae_Catharus_guttatus,9",,
jeantet-dufourq-2023,annomate,zenodo.7828148-v1-220594-11,svl_label,1,"Turdidae_Catharus_guttatus,9",,
jeantet-dufourq-2023,annomate,zenodo.7828148-v1-220594-12,svl_label,1,"Turdidae_Catharus_guttatus,9",,
jeantet-dufourq-2023,annomate,zenodo.7828148-v1-220594-13,svl_label,1,"Turdidae_Catharus_guttatus,9",,
jeantet-dufourq-2023,annomate,zenodo.7828148-v1-220594-14,svl_label,1,"Turdidae_Catharus_guttatus,9",,
jeantet-dufourq-2023,annomate,zenodo.7828148-v1-220594-15,svl_label,1,"Turdidae_Catharus_guttatus,9",,
jeantet-dufourq-2023,annomate,zenodo.7828148-v1-22067-1,svl_label,1,"Turdidae_Catharus_guttatus,9",,
jeantet-dufourq-2023,annomate,zenodo.7828148-v1-22067-2,svl_label,1,"Turdidae_Catharus_guttatus,9",,
jeantet-dufourq-2023,annomate,zenodo.7828148-v1-22067-3,svl_label,1,"Turdidae_Catharus_guttatus,9",,
jeantet-dufourq-2023,annomate,zenodo.7828148-v1-22067-4,svl_label,1,"Turdidae_Catharus_guttatus,9",,
jeantet-dufourq-2023,annomate,zenodo.7828148-v1-22067-5,svl_label,1,"Turdidae_Catharus_guttatus,9",,
jeantet-dufourq-2023,annomate,zenodo.7828148-v1-22067-6,svl_label,1,"Turdidae_Catharus_guttatus,9",,
jeantet-dufourq-2023,annomate,zenodo.7828148-v1-22170-1,svl_label,1,"Paridae_Hypocnemis_cantator,9",,
jeantet-dufourq-2023,annomate,zenodo.7828148-v1-22170-2,svl_label,1,"Paridae_Hypocnemis_cantator,9",,
jeantet-dufourq-2023,annomate,zenodo.7828148-v1-22196-1,svl_label,1,"Turdidae_Catharus_bicknelli,8",,
jeantet-dufourq-2023,annomate,zenodo.7828148-v1-22196-2,svl_label,1,"Turdidae_Catharus_bicknelli,8",,
jeantet-dufourq-2023,annomate,zenodo.7828148-v1-22283-1,svl_label,1,"Turdidae_Catharus_aurantiirostris,9",,
jeantet-dufourq-2023,annomate,zenodo.7828148-v1-22283-2,svl_label,1,"Turdidae_Catharus_aurantiirostris,9",,
jeantet-dufourq-2023,annomate,zenodo.7828148-v1-22283-3,svl_label,1,"Turdidae_Catharus_aurantiirostris,9",,
jeantet-dufourq-2023,annomate,zenodo.7828148-v1-22283-4,svl_label,1,"Turdidae_Catharus_aurantiirostris,9",,
jeantet-dufourq-2023,annomate,zenodo.7828148-v1-22283-5,svl_label,1,"Turdidae_Catharus_aurantiirostris,9",,
jeantet-dufourq-2023,annomate,zenodo.7828148-v1-22283-6,svl_label,1,"Turdidae_Catharus_aurantiirostris,9",,
jeantet-dufourq-2023,annomate,zenodo.7828148-v1-22283-7,svl_label,1,"Turdidae_Catharus_aurantiirostris,9",,
jeantet-dufourq-2023,annomate,zenodo.7828148-v1-223236-1,svl_label,1,"Fringillidae_Serinus_serinus, 10",,
jeantet-dufourq-2023,annomate,zenodo.7828148-v1-223236-2,svl_label,1,"Fringillidae_Serinus_serinus, 10",,
jeantet-dufourq-2023,annomate,zenodo.7828148-v1-223236-3,svl_label,1,"Fringillidae_Serinus_serinus, 10",,
jeantet-dufourq-2023,annomate,zenodo.7828148-v1-223236-4,svl_label,1,"Fringillidae_Serinus_serinus, 10",,
jeantet-dufourq-2023,annomate,zenodo.7828148-v1-22362-1,svl_label,1,"Paridae_Hypocnemis_striata,8",,
jeantet-dufourq-2023,annomate,zenodo.7828148-v1-22362-2,svl_label,1,"Paridae_Hypocnemis_striata,8",,
jeantet-dufourq-2023,annomate,zenodo.7828148-v1-22362-3,svl_label,1,"Paridae_Hypocnemis_striata,8",,
jeantet-dufourq-2023,annomate,zenodo.7828148-v1-22362-4,svl_label,1,"Paridae_Hypocnemis_striata,8",,
jeantet-dufourq-2023,annomate,zenodo.7828148-v1-22362-5,svl_label,1,"Paridae_Hypocnemis_striata,8",,
jeantet-dufourq-2023,annomate,zenodo.7828148-v1-224497-1,svl_label,1,"Paridae_Hypocnemis_cantator,9",,
jeantet-dufourq-2023,annomate,zenodo.7828148-v1-224497-2,svl_label,1,"Paridae_Hypocnemis_cantator,9",,
jeantet-dufourq-2023,annomate,zenodo.7828148-v1-224497-3,svl_label,1,"Paridae_Hypocnemis_cantator,9",,
jeantet-dufourq-2023,annomate,zenodo.7828148-v1-224497-4,svl_label,1,"Paridae_Hypocnemis_cantator,9",,
jeantet-dufourq-2023,annomate,zenodo.7828148-v1-224497-5,svl_label,1,"Paridae_Hypocnemis_cantator,9",,
jeantet-dufourq-2023,annomate,zenodo.7828148-v1-224497-6,svl_label,1,"Paridae_Hypocnemis_cantator,9",,
jeantet-dufourq-2023,annomate,zenodo.7828148-v1-224497-7,svl_label,1,"Paridae_Hypocnemis_cantator,9",,
jeantet-dufourq-2023,annomate,zenodo.7828148-v1-224497-8,svl_label,1,"Paridae_Hypocnemis_cantator,9",,
jeantet-dufourq-2023,annomate,zenodo.7828148-v1-224497-9,svl_label,1,"Paridae_Hypocnemis_cantator,9",,
jeantet-dufourq-2023,annomate,zenodo.7828148-v1-224497-10,svl_label,1,"Paridae_Hypocnemis_cantator,9",,
jeantet-dufourq-2023,annomate,zenodo.7828148-v1-224497-11,svl_label,1,"Paridae_Hypocnemis_cantator,9",,
jeantet-dufourq-2023,annomate,zenodo.7828148-v1-224498-1,svl_label,1,"Paridae_Hypocnemis_cantator,9",,
jeantet-dufourq-2023,annomate,zenodo.7828148-v1-224498-2,svl_label,1,"Paridae_Hypocnemis_cantator,9",,
jeantet-dufourq-2023,annomate,zenodo.7828148-v1-224498-3,svl_label,1,"Paridae_Hypocnemis_cantator,9",,
jeantet-dufourq-2023,annomate,zenodo.7828148-v1-224498-4,svl_label,1,"Paridae_Hypocnemis_cantator,9",,
jeantet-dufourq-2023,annomate,zenodo.7828148-v1-224498-5,svl_label,1,"Paridae_Hypocnemis_cantator,9",,
jeantet-dufourq-2023,annomate,zenodo.7828148-v1-224498-6,svl_label,1,"Paridae_Hypocnemis_cantator,9",,
jeantet-dufourq-2023,annomate,zenodo.7828148-v1-224498-7,svl_label,1,"Paridae_Hypocnemis_cantator,9",,
jeantet-dufourq-2023,annomate,zenodo.7828148-v1-224512-1,svl_label,1,"Paridae_Hypocnemis_hypoxantha,9",,
jeantet-dufourq-2023,annomate,zenodo.7828148-v1-224512-2,svl_label,1,"Paridae_Hypocnemis_hypoxantha,9",,
jeantet-dufourq-2023,annomate,zenodo.7828148-v1-224512-3,svl_label,1,"Paridae_Hypocnemis_hypoxantha,9",,
jeantet-dufourq-2023,annomate,zenodo.7828148-v1-224512-4,svl_label,1,"Paridae_Hypocnemis_hypoxantha,9",,
jeantet-dufourq-2023,annomate,zenodo.7828148-v1-224512-5,svl_label,1,"Paridae_Hypocnemis_hypoxantha,9",,
jeantet-dufourq-2023,annomate,zenodo.7828148-v1-224512-6,svl_label,1,"Paridae_Hypocnemis_hypoxantha,9",,
jeantet-dufourq-2023,annomate,zenodo.7828148-v1-231546-1,svl_label,1,"Troglodytidae_Troglodytes_aedon,9",,
jeantet-dufourq-2023,annomate,zenodo.7828148-v1-231546-2,svl_label,1,"Troglodytidae_Troglodytes_aedon,9",,
jeantet-dufourq-2023,annomate,zenodo.7828148-v1-231546-3,svl_label,1,"Troglodytidae_Troglodytes_aedon,9",,
jeantet-dufourq-2023,annomate,zenodo.7828148-v1-231546-4,svl_label,1,"Troglodytidae_Troglodytes_aedon,9",,
jeantet-dufourq-2023,annomate,zenodo.7828148-v1-231547-1,svl_label,1,"Troglodytidae_Troglodytes_aedon,9",,
jeantet-dufourq-2023,annomate,zenodo.7828148-v1-231547-2,svl_label,1,"Troglodytidae_Troglodytes_aedon,9",,
jeantet-dufourq-2023,annomate,zenodo.7828148-v1-231547-3,svl_label,1,"Troglodytidae_Troglodytes_aedon,9",,
jeantet-dufourq-2023,annomate,zenodo.7828148-v1-231548-1,svl_label,1,"Troglodytidae_Troglodytes_aedon,9",,
jeantet-dufourq-2023,annomate,zenodo.7828148-v1-231548-2,svl_label,1,"Troglodytidae_Troglodytes_aedon,9",,
jeantet-dufourq-2023,annomate,zenodo.7828148-v1-231548-3,svl_label,1,"Troglodytidae_Troglodytes_aedon,9",,
jeantet-dufourq-2023,annomate,zenodo.7828148-v1-231549-1,svl_label,1,"Troglodytidae_Troglodytes_aedon,9",,
jeantet-dufourq-2023,annomate,zenodo.7828148-v1-231549-2,svl_label,1,"Troglodytidae_Troglodytes_aedon,9",,
jeantet-dufourq-2023,annomate,zenodo.7828148-v1-231549-3,svl_label,1,"Troglodytidae_Troglodytes_aedon,9",,
jeantet-dufourq-2023,annomate,zenodo.7828148-v1-231549-4,svl_label,1,"Troglodytidae_Troglodytes_aedon,9",,
jeantet-dufourq-2023,annomate,zenodo.7828148-v1-231550-1,svl_label,1,"Troglodytidae_Troglodytes_aedon,8",,
jeantet-dufourq-2023,annomate,zenodo.7828148-v1-231550-2,svl_label,1,"Troglodytidae_Troglodytes_aedon,8",,
jeantet-dufourq-2023,annomate,zenodo.7828148-v1-231550-3,svl_label,1,"Troglodytidae_Troglodytes_aedon,8",,
jeantet-dufourq-2023,annomate,zenodo.7828148-v1-231550-4,svl_label,1,"Troglodytidae_Troglodytes_aedon,8",,
jeantet-dufourq-2023,annomate,zenodo.7828148-v1-231550-5,svl_label,1,"Troglodytidae_Troglodytes_aedon,8",,
jeantet-dufourq-2023,annomate,zenodo.7828148-v1-231550-6,svl_label,1,"Troglodytidae_Troglodytes_aedon,8",,
jeantet-dufourq-2023,annomate,zenodo.7828148-v1-231551-1,svl_label,1,"Troglodytidae_Troglodytes_aedon,9",,
jeantet-dufourq-2023,annomate,zenodo.7828148-v1-231551-2,svl_label,1,"Troglodytidae_Troglodytes_aedon,9",,
jeantet-dufourq-2023,annomate,zenodo.7828148-v1-231551-3,svl_label,1,"Troglodytidae_Troglodytes_aedon,9",,
jeantet-dufourq-2023,annomate,zenodo.7828148-v1-231551-4,svl_label,1,"Troglodytidae_Troglodytes_aedon,9",,
jeantet-dufourq-2023,annomate,zenodo.7828148-v1-231551-5,svl_label,1,"Troglodytidae_Troglodytes_aedon,9",,
jeantet-dufourq-2023,annomate,zenodo.7828148-v1-231551-6,svl_label,1,"Troglodytidae_Troglodytes_aedon,9",,
jeantet-dufourq-2023,annomate,zenodo.7828148-v1-231552-1,svl_label,1,"Troglodytidae_Troglodytes_aedon,9",,
jeantet-dufourq-2023,annomate,zenodo.7828148-v1-231552-2,svl_label,1,"Troglodytidae_Troglodytes_aedon,9",,
jeantet-dufourq-2023,annomate,zenodo.7828148-v1-231552-3,svl_label,1,"Troglodytidae_Troglodytes_aedon,9",,
jeantet-dufourq-2023,annomate,zenodo.7828148-v1-231553-1,svl_label,1,"Troglodytidae_Troglodytes_aedon,9",,
jeantet-dufourq-2023,annomate,zenodo.7828148-v1-231553-2,svl_label,1,"Troglodytidae_Troglodytes_aedon,9",,
jeantet-dufourq-2023,annomate,zenodo.7828148-v1-231553-3,svl_label,1,"Troglodytidae_Troglodytes_aedon,9",,
jeantet-dufourq-2023,annomate,zenodo.7828148-v1-231553-4,svl_label,1,"Troglodytidae_Troglodytes_aedon,9",,
jeantet-dufourq-2023,annomate,zenodo.7828148-v1-231553-5,svl_label,1,"Troglodytidae_Troglodytes_aedon,9",,
jeantet-dufourq-2023,annomate,zenodo.7828148-v1-232856-1,svl_label,1,"Troglodytidae_Troglodytes_aedon,9",,
jeantet-dufourq-2023,annomate,zenodo.7828148-v1-232856-2,svl_label,1,"Troglodytidae_Troglodytes_aedon,9",,
jeantet-dufourq-2023,annomate,zenodo.7828148-v1-232856-3,svl_label,1,"Troglodytidae_Troglodytes_aedon,9",,
jeantet-dufourq-2023,annomate,zenodo.7828148-v1-232856-4,svl_label,1,"Troglodytidae_Troglodytes_aedon,9",,
jeantet-dufourq-2023,annomate,zenodo.7828148-v1-232856-5,svl_label,1,"Troglodytidae_Troglodytes_aedon,9",,
jeantet-dufourq-2023,annomate,zenodo.7828148-v1-232856-6,svl_label,1,"Troglodytidae_Troglodytes_aedon,9",,
jeantet-dufourq-2023,annomate,zenodo.7828148-v1-232856-7,svl_label,1,"Troglodytidae_Troglodytes_aedon,9",,
jeantet-dufourq-2023,annomate,zenodo.7828148-v1-232856-8,svl_label,1,"Troglodytidae_Troglodytes_aedon,9",,
jeantet-dufourq-2023,annomate,zenodo.7828148-v1-232856-9,svl_label,1,"Troglodytidae_Troglodytes_aedon,9",,
jeantet-dufourq-2023,annomate,zenodo.7828148-v1-232856-10,svl_label,1,"Troglodytidae_Troglodytes_aedon,9",,
jeantet-dufourq-2023,annomate,zenodo.7828148-v1-232856-11,svl_label,1,"Troglodytidae_Troglodytes_aedon,9",,
jeantet-dufourq-2023,annomate,zenodo.7828148-v1-232856-12,svl_label,1,"Troglodytidae_Troglodytes_aedon,9",,
jeantet-dufourq-2023,annomate,zenodo.7828148-v1-232856-13,svl_label,1,"Troglodytidae_Troglodytes_aedon,9",,
jeantet-dufourq-2023,annomate,zenodo.7828148-v1-232856-14,svl_label,1,"Troglodytidae_Troglodytes_aedon,9",,
jeantet-dufourq-2023,annomate,zenodo.7828148-v1-232856-15,svl_label,1,"Troglodytidae_Troglodytes_aedon,9",,
jeantet-dufourq-2023,annomate,zenodo.7828148-v1-232856-16,svl_label,1,"Troglodytidae_Troglodytes_aedon,9",,
jeantet-dufourq-2023,annomate,zenodo.7828148-v1-232856-17,svl_label,1,"Troglodytidae_Troglodytes_aedon,9",,
jeantet-dufourq-2023,annomate,zenodo.7828148-v1-232858-1,svl_label,1,"Troglodytidae_Troglodytes_aedon,9",,
jeantet-dufourq-2023,annomate,zenodo.7828148-v1-232858-2,svl_label,1,"Troglodytidae_Troglodytes_aedon,9",,
jeantet-dufourq-2023,annomate,zenodo.7828148-v1-232858-3,svl_label,1,"Troglodytidae_Troglodytes_aedon,9",,
jeantet-dufourq-2023,annomate,zenodo.7828148-v1-232858-4,svl_label,1,"Troglodytidae_Troglodytes_aedon,9",,
jeantet-dufourq-2023,annomate,zenodo.7828148-v1-232858-5,svl_label,1,"Troglodytidae_Troglodytes_aedon,9",,
jeantet-dufourq-2023,annomate,zenodo.7828148-v1-232858-6,svl_label,1,"Troglodytidae_Troglodytes_aedon,9",,
jeantet-dufourq-2023,annomate,zenodo.7828148-v1-232858-7,svl_label,1,"Troglodytidae_Troglodytes_aedon,9",,
jeantet-dufourq-2023,annomate,zenodo.7828148-v1-232858-8,svl_label,1,"Troglodytidae_Troglodytes_aedon,9",,
jeantet-dufourq-2023,annomate,zenodo.7828148-v1-232858-9,svl_label,1,"Troglodytidae_Troglodytes_aedon,9",,
jeantet-dufourq-2023,annomate,zenodo.7828148-v1-232858-10,svl_label,1,"Troglodytidae_Troglodytes_aedon,9",,
jeantet-dufourq-2023,annomate,zenodo.7828148-v1-232858-11,svl_label,1,"Troglodytidae_Troglodytes_aedon,9",,
jeantet-dufourq-2023,annomate,zenodo.7828148-v1-232858-12,svl_label,1,"Troglodytidae_Troglodytes_aedon,9",,
jeantet-dufourq-2023,annomate,zenodo.7828148-v1-232858-13,svl_label,1,"Troglodytidae_Troglodytes_aedon,9",,
jeantet-dufourq-2023,annomate,zenodo.7828148-v1-232858-14,svl_label,1,"Troglodytidae_Troglodytes_aedon,9",,
jeantet-dufourq-2023,annomate,zenodo.7828148-v1-232858-15,svl_label,1,"Troglodytidae_Troglodytes_aedon,9",,
jeantet-dufourq-2023,annomate,zenodo.7828148-v1-232858-16,svl_label,1,"Troglodytidae_Troglodytes_aedon,9",,
jeantet-dufourq-2023,annomate,zenodo.7828148-v1-233124-1,svl_label,1,"Troglodytidae_Troglodytes_aedon,9",,
jeantet-dufourq-2023,annomate,zenodo.7828148-v1-233124-2,svl_label,1,"Troglodytidae_Troglodytes_aedon,9",,
jeantet-dufourq-2023,annomate,zenodo.7828148-v1-233124-3,svl_label,1,"Troglodytidae_Troglodytes_aedon,9",,
jeantet-dufourq-2023,annomate,zenodo.7828148-v1-233124-4,svl_label,1,"Troglodytidae_Troglodytes_aedon,9",,
jeantet-dufourq-2023,annomate,zenodo.7828148-v1-233124-5,svl_label,1,"Troglodytidae_Troglodytes_aedon,9",,
jeantet-dufourq-2023,annomate,zenodo.7828148-v1-234353-1,svl_label,1,"Turdidae_Catharus_aurantiirostris,8",,
jeantet-dufourq-2023,annomate,zenodo.7828148-v1-234353-2,svl_label,1,"Turdidae_Catharus_aurantiirostris,8",,
jeantet-dufourq-2023,annomate,zenodo.7828148-v1-234353-3,svl_label,1,"Turdidae_Catharus_aurantiirostris,8",,
jeantet-dufourq-2023,annomate,zenodo.7828148-v1-234353-4,svl_label,1,"Turdidae_Catharus_aurantiirostris,8",,
jeantet-dufourq-2023,annomate,zenodo.7828148-v1-234353-5,svl_label,1,"Turdidae_Catharus_aurantiirostris,8",,
jeantet-dufourq-2023,annomate,zenodo.7828148-v1-234353-6,svl_label,1,"Turdidae_Catharus_aurantiirostris,8",,
jeantet-dufourq-2023,annomate,zenodo.7828148-v1-234353-7,svl_label,1,"Turdidae_Catharus_aurantiirostris,8",,
jeantet-dufourq-2023,annomate,zenodo.7828148-v1-234353-8,svl_label,1,"Turdidae_Catharus_aurantiirostris,8",,
jeantet-dufourq-2023,annomate,zenodo.7828148-v1-234353-9,svl_label,1,"Turdidae_Catharus_aurantiirostris,8",,
jeantet-dufourq-2023,annomate,zenodo.7828148-v1-234353-10,svl_label,1,"Turdidae_Catharus_aurantiirostris,8",,
jeantet-dufourq-2023,annomate,zenodo.7828148-v1-234353-11,svl_label,1,"Turdidae_Catharus_aurantiirostris,8",,
jeantet-dufourq-2023,annomate,zenodo.7828148-v1-234353-12,svl_label,1,"Turdidae_Catharus_aurantiirostris,8",,
jeantet-dufourq-2023,annomate,zenodo.7828148-v1-234353-13,svl_label,1,"Turdidae_Catharus_aurantiirostris,8",,
jeantet-dufourq-2023,annomate,zenodo.7828148-v1-234353-14,svl_label,1,"Turdidae_Catharus_aurantiirostris,8",,
jeantet-dufourq-2023,annomate,zenodo.7828148-v1-234353-15,svl_label,1,"Turdidae_Catharus_aurantiirostris,8",,
jeantet-dufourq-2023,annomate,zenodo.7828148-v1-234353-16,svl_label,1,"Turdidae_Catharus_aurantiirostris,8",,
jeantet-dufourq-2023,annomate,zenodo.7828148-v1-234353-17,svl_label,1,"Turdidae_Catharus_aurantiirostris,8",,
jeantet-dufourq-2023,annomate,zenodo.7828148-v1-234353-18,svl_label,1,"Turdidae_Catharus_aurantiirostris,8",,
jeantet-dufourq-2023,annomate,zenodo.7828148-v1-234353-19,svl_label,1,"Turdidae_Catharus_aurantiirostris,8",,
jeantet-dufourq-2023,annomate,zenodo.7828148-v1-234353-20,svl_label,1,"Turdidae_Catharus_aurantiirostris,8",,
jeantet-dufourq-2023,annomate,zenodo.7828148-v1-234353-21,svl_label,1,"Turdidae_Catharus_aurantiirostris,8",,
jeantet-dufourq-2023,annomate,zenodo.7828148-v1-234353-22,svl_label,1,"Turdidae_Catharus_aurantiirostris,8",,
jeantet-dufourq-2023,annomate,zenodo.7828148-v1-234353-23,svl_label,1,"Turdidae_Catharus_aurantiirostris,8",,
jeantet-dufourq-2023,annomate,zenodo.7828148-v1-234353-24,svl_label,1,"Turdidae_Catharus_aurantiirostris,8",,
jeantet-dufourq-2023,annomate,zenodo.7828148-v1-234353-25,svl_label,1,"Turdidae_Catharus_aurantiirostris,8",,
jeantet-dufourq-2023,annomate,zenodo.7828148-v1-234353-26,svl_label,1,"Turdidae_Catharus_aurantiirostris,8",,
jeantet-dufourq-2023,annomate,zenodo.7828148-v1-23450-1,svl_label,1,"Paridae_Hypocnemis_peruviana,9",,
jeantet-dufourq-2023,annomate,zenodo.7828148-v1-23450-2,svl_label,1,"Paridae_Hypocnemis_peruviana,9",,
jeantet-dufourq-2023,annomate,zenodo.7828148-v1-23450-3,svl_label,1,"Paridae_Hypocnemis_peruviana,9",,
jeantet-dufourq-2023,annomate,zenodo.7828148-v1-23450-4,svl_label,1,"Paridae_Hypocnemis_peruviana,9",,
jeantet-dufourq-2023,annomate,zenodo.7828148-v1-23450-5,svl_label,1,"Paridae_Hypocnemis_peruviana,9",,
jeantet-dufourq-2023,annomate,zenodo.7828148-v1-23450-6,svl_label,1,"Paridae_Hypocnemis_peruviana,9",,
jeantet-dufourq-2023,annomate,zenodo.7828148-v1-23450-7,svl_label,1,"Paridae_Hypocnemis_peruviana,9",,
jeantet-dufourq-2023,annomate,zenodo.7828148-v1-23450-8,svl_label,1,"Paridae_Hypocnemis_peruviana,9",,
jeantet-dufourq-2023,annomate,zenodo.7828148-v1-23450-9,svl_label,1,"Paridae_Hypocnemis_peruviana,9",,
jeantet-dufourq-2023,annomate,zenodo.7828148-v1-23450-10,svl_label,1,"Paridae_Hypocnemis_peruviana,9",,
jeantet-dufourq-2023,annomate,zenodo.7828148-v1-23450-11,svl_label,1,"Paridae_Hypocnemis_peruviana,9",,
jeantet-dufourq-2023,annomate,zenodo.7828148-v1-23450-12,svl_label,1,"Paridae_Hypocnemis_peruviana,9",,
jeantet-dufourq-2023,annomate,zenodo.7828148-v1-23450-13,svl_label,1,"Paridae_Hypocnemis_peruviana,9",,
jeantet-dufourq-2023,annomate,zenodo.7828148-v1-23450-14,svl_label,1,"Paridae_Hypocnemis_peruviana,9",,
jeantet-dufourq-2023,annomate,zenodo.7828148-v1-23450-15,svl_label,1,"Paridae_Hypocnemis_peruviana,9",,
jeantet-dufourq-2023,annomate,zenodo.7828148-v1-23450-16,svl_label,1,"Paridae_Hypocnemis_peruviana,9",,
jeantet-dufourq-2023,annomate,zenodo.7828148-v1-23450-17,svl_label,1,"Paridae_Hypocnemis_peruviana,9",,
jeantet-dufourq-2023,annomate,zenodo.7828148-v1-23450-18,svl_label,1,"Paridae_Hypocnemis_peruviana,9",,
jeantet-dufourq-2023,annomate,zenodo.7828148-v1-23450-19,svl_label,1,"Paridae_Hypocnemis_peruviana,9",,
jeantet-dufourq-2023,annomate,zenodo.7828148-v1-23450-20,svl_label,1,"Paridae_Hypocnemis_peruviana,9",,
jeantet-dufourq-2023,annomate,zenodo.7828148-v1-23450-21,svl_label,1,"Paridae_Hypocnemis_peruviana,9",,
jeantet-dufourq-2023,annomate,zenodo.7828148-v1-23450-22,svl_label,1,"Paridae_Hypocnemis_peruviana,9",,
jeantet-dufourq-2023,annomate,zenodo.7828148-v1-23450-23,svl_label,1,"Paridae_Hypocnemis_peruviana,9",,
jeantet-dufourq-2023,annomate,zenodo.7828148-v1-23450-24,svl_label,1,"Paridae_Hypocnemis_peruviana,9",,
jeantet-dufourq-2023,annomate,zenodo.7828148-v1-23450-25,svl_label,1,"Paridae_Hypocnemis_peruviana,9",,
jeantet-dufourq-2023,annomate,zenodo.7828148-v1-23450-26,svl_label,1,"Paridae_Hypocnemis_peruviana,9",,
jeantet-dufourq-2023,annomate,zenodo.7828148-v1-23450-27,svl_label,1,"Paridae_Hypocnemis_peruviana,9",,
jeantet-dufourq-2023,annomate,zenodo.7828148-v1-23450-28,svl_label,1,"Paridae_Hypocnemis_peruviana,9",,
jeantet-dufourq-2023,annomate,zenodo.7828148-v1-23450-29,svl_label,1,"Paridae_Hypocnemis_peruviana,9",,
jeantet-dufourq-2023,annomate,zenodo.7828148-v1-23450-30,svl_label,1,"Paridae_Hypocnemis_peruviana,9",,
jeantet-dufourq-2023,annomate,zenodo.7828148-v1-235610-1,svl_label,1,"Turdidae_Catharus_aurantiirostris,8",,
jeantet-dufourq-2023,annomate,zenodo.7828148-v1-235610-2,svl_label,1,"Turdidae_Catharus_aurantiirostris,8",,
jeantet-dufourq-2023,annomate,zenodo.7828148-v1-235610-3,svl_label,1,"Turdidae_Catharus_aurantiirostris,8",,
jeantet-dufourq-2023,annomate,zenodo.7828148-v1-235610-4,svl_label,1,"Turdidae_Catharus_aurantiirostris,8",,
jeantet-dufourq-2023,annomate,zenodo.7828148-v1-235610-5,svl_label,1,"Turdidae_Catharus_aurantiirostris,8",,
jeantet-dufourq-2023,annomate,zenodo.7828148-v1-235612-1,svl_label,1,"Turdidae_Catharus_aurantiirostris,8",,
jeantet-dufourq-2023,annomate,zenodo.7828148-v1-235612-2,svl_label,1,"Turdidae_Catharus_aurantiirostris,8",,
jeantet-dufourq-2023,annomate,zenodo.7828148-v1-235612-3,svl_label,1,"Turdidae_Catharus_aurantiirostris,8",,
jeantet-dufourq-2023,annomate,zenodo.7828148-v1-235612-4,svl_label,1,"Turdidae_Catharus_aurantiirostris,8",,
jeantet-dufourq-2023,annomate,zenodo.7828148-v1-235612-5,svl_label,1,"Turdidae_Catharus_aurantiirostris,8",,
jeantet-dufourq-2023,annomate,zenodo.7828148-v1-235612-6,svl_label,1,"Turdidae_Catharus_aurantiirostris,8",,
jeantet-dufourq-2023,annomate,zenodo.7828148-v1-235612-7,svl_label,1,"Turdidae_Catharus_aurantiirostris,8",,
jeantet-dufourq-2023,annomate,zenodo.7828148-v1-235612-8,svl_label,1,"Turdidae_Catharus_aurantiirostris,8",,
jeantet-dufourq-2023,annomate,zenodo.7828148-v1-235612-9,svl_label,1,"Turdidae_Catharus_aurantiirostris,8",,
jeantet-dufourq-2023,annomate,zenodo.7828148-v1-235612-10,svl_label,1,"Turdidae_Catharus_aurantiirostris,8",,
jeantet-dufourq-2023,annomate,zenodo.7828148-v1-235612-11,svl_label,1,"Turdidae_Catharus_aurantiirostris,8",,
jeantet-dufourq-2023,annomate,zenodo.7828148-v1-235612-12,svl_label,1,"Turdidae_Catharus_aurantiirostris,8",,
jeantet-dufourq-2023,annomate,zenodo.7828148-v1-235612-13,svl_label,1,"Turdidae_Catharus_aurantiirostris,8",,
jeantet-dufourq-2023,annomate,zenodo.7828148-v1-235612-14,svl_label,1,"Turdidae_Catharus_aurantiirostris,8",,
jeantet-dufourq-2023,annomate,zenodo.7828148-v1-235612-15,svl_label,1,"Turdidae_Catharus_aurantiirostris,8",,
jeantet-dufourq-2023,annomate,zenodo.7828148-v1-235612-16,svl_label,1,"Turdidae_Catharus_aurantiirostris,8",,
jeantet-dufourq-2023,annomate,zenodo.7828148-v1-235612-17,svl_label,1,"Turdidae_Catharus_aurantiirostris,8",,
jeantet-dufourq-2023,annomate,zenodo.7828148-v1-235612-18,svl_label,1,"Turdidae_Catharus_aurantiirostris,8",,
jeantet-dufourq-2023,annomate,zenodo.7828148-v1-235612-19,svl_label,1,"Turdidae_Catharus_aurantiirostris,8",,
jeantet-dufourq-2023,annomate,zenodo.7828148-v1-235612-20,svl_label,1,"Turdidae_Catharus_aurantiirostris,8",,
jeantet-dufourq-2023,annomate,zenodo.7828148-v1-235612-21,svl_label,1,"Turdidae_Catharus_aurantiirostris,8",,
jeantet-dufourq-2023,annomate,zenodo.7828148-v1-235612-22,svl_label,1,"Turdidae_Catharus_aurantiirostris,8",,
jeantet-dufourq-2023,annomate,zenodo.7828148-v1-235612-23,svl_label,1,"Turdidae_Catharus_aurantiirostris,8",,
jeantet-dufourq-2023,annomate,zenodo.7828148-v1-235614-1,svl_label,1,"Turdidae_Catharus_aurantiirostris,9",,
jeantet-dufourq-2023,annomate,zenodo.7828148-v1-235614-2,svl_label,1,"Turdidae_Catharus_aurantiirostris,9",,
jeantet-dufourq-2023,annomate,zenodo.7828148-v1-235614-3,svl_label,1,"Turdidae_Catharus_aurantiirostris,9",,
jeantet-dufourq-2023,annomate,zenodo.7828148-v1-235614-4,svl_label,1,"Turdidae_Catharus_aurantiirostris,9",,
jeantet-dufourq-2023,annomate,zenodo.7828148-v1-235614-5,svl_label,1,"Turdidae_Catharus_aurantiirostris,9",,
jeantet-dufourq-2023,annomate,zenodo.7828148-v1-235614-6,svl_label,1,"Turdidae_Catharus_aurantiirostris,9",,
jeantet-dufourq-2023,annomate,zenodo.7828148-v1-235614-7,svl_label,1,"Turdidae_Catharus_aurantiirostris,9",,
jeantet-dufourq-2023,annomate,zenodo.7828148-v1-235614-8,svl_label,1,"Turdidae_Catharus_aurantiirostris,9",,
jeantet-dufourq-2023,annomate,zenodo.7828148-v1-235614-9,svl_label,1,"Turdidae_Catharus_aurantiirostris,9",,
jeantet-dufourq-2023,annomate,zenodo.7828148-v1-235614-10,svl_label,1,"Turdidae_Catharus_aurantiirostris,9",,
jeantet-dufourq-2023,annomate,zenodo.7828148-v1-235614-11,svl_label,1,"Turdidae_Catharus_aurantiirostris,9",,
jeantet-dufourq-2023,annomate,zenodo.7828148-v1-235614-12,svl_label,1,"Turdidae_Catharus_aurantiirostris,9",,
jeantet-dufourq-2023,annomate,zenodo.7828148-v1-235615-1,svl_label,1,"Turdidae_Catharus_aurantiirostris,8",,
jeantet-dufourq-2023,annomate,zenodo.7828148-v1-235615-2,svl_label,1,"Turdidae_Catharus_aurantiirostris,8",,
jeantet-dufourq-2023,annomate,zenodo.7828148-v1-235615-3,svl_label,1,"Turdidae_Catharus_aurantiirostris,8",,
jeantet-dufourq-2023,annomate,zenodo.7828148-v1-235615-4,svl_label,1,"Turdidae_Catharus_aurantiirostris,8",,
jeantet-dufourq-2023,annomate,zenodo.7828148-v1-235615-5,svl_label,1,"Turdidae_Catharus_aurantiirostris,8",,
jeantet-dufourq-2023,annomate,zenodo.7828148-v1-235615-6,svl_label,1,"Turdidae_Catharus_aurantiirostris,8",,
jeantet-dufourq-2023,annomate,zenodo.7828148-v1-235615-7,svl_label,1,"Turdidae_Catharus_aurantiirostris,8",,
jeantet-dufourq-2023,annomate,zenodo.7828148-v1-235615-8,svl_label,1,"Turdidae_Catharus_aurantiirostris,8",,
jeantet-dufourq-2023,annomate,zenodo.7828148-v1-236219-1,svl_label,1,"Troglodytidae_Troglodytes_aedon,9",,
jeantet-dufourq-2023,annomate,zenodo.7828148-v1-236219-2,svl_label,1,"Troglodytidae_Troglodytes_aedon,9",,
jeantet-dufourq-2023,annomate,zenodo.7828148-v1-236219-3,svl_label,1,"Troglodytidae_Troglodytes_aedon,9",,
jeantet-dufourq-2023,annomate,zenodo.7828148-v1-236221-1,svl_label,1,"Troglodytidae_Troglodytes_aedon,9",,
jeantet-dufourq-2023,annomate,zenodo.7828148-v1-236221-2,svl_label,1,"Troglodytidae_Troglodytes_aedon,9",,
jeantet-dufourq-2023,annomate,zenodo.7828148-v1-236221-3,svl_label,1,"Troglodytidae_Troglodytes_aedon,9",,
jeantet-dufourq-2023,annomate,zenodo.7828148-v1-236221-4,svl_label,1,"Troglodytidae_Troglodytes_aedon,9",,
jeantet-dufourq-2023,annomate,zenodo.7828148-v1-236221-5,svl_label,1,"Troglodytidae_Troglodytes_aedon,9",,
jeantet-dufourq-2023,annomate,zenodo.7828148-v1-236221-6,svl_label,1,"Troglodytidae_Troglodytes_aedon,9",,
jeantet-dufourq-2023,annomate,zenodo.7828148-v1-236221-7,svl_label,1,"Troglodytidae_Troglodytes_aedon,9",,
jeantet-dufourq-2023,annomate,zenodo.7828148-v1-236221-8,svl_label,1,"Troglodytidae_Troglodytes_aedon,9",,
jeantet-dufourq-2023,annomate,zenodo.7828148-v1-236222-1,svl_label,1,"Troglodytidae_Troglodytes_aedon,8",,
jeantet-dufourq-2023,annomate,zenodo.7828148-v1-236222-2,svl_label,1,"Troglodytidae_Troglodytes_aedon,8",,
jeantet-dufourq-2023,annomate,zenodo.7828148-v1-236222-3,svl_label,1,"Troglodytidae_Troglodytes_aedon,8",,
jeantet-dufourq-2023,annomate,zenodo.7828148-v1-236222-4,svl_label,1,"Troglodytidae_Troglodytes_aedon,8",,
jeantet-dufourq-2023,annomate,zenodo.7828148-v1-236222-5,svl_label,1,"Troglodytidae_Troglodytes_aedon,8",,
jeantet-dufourq-2023,annomate,zenodo.7828148-v1-236222-6,svl_label,1,"Troglodytidae_Troglodytes_aedon,8",,
jeantet-dufourq-2023,annomate,zenodo.7828148-v1-239443-1,svl_label,1,"Paridae_Saxicola_rubetra,8",,
jeantet-dufourq-2023,annomate,zenodo.7828148-v1-239443-2,svl_label,1,"Paridae_Saxicola_rubetra,8",,
jeantet-dufourq-2023,annomate,zenodo.7828148-v1-239443-3,svl_label,1,"Paridae_Saxicola_rubetra,8",,
jeantet-dufourq-2023,annomate,zenodo.7828148-v1-239443-4,svl_label,1,"Paridae_Saxicola_rubetra,8",,
jeantet-dufourq-2023,annomate,zenodo.7828148-v1-239443-5,svl_label,1,"Paridae_Saxicola_rubetra,8",,
jeantet-dufourq-2023,annomate,zenodo.7828148-v1-242347-1,svl_label,1,"Turdidae_Catharus_fuscater,9",,
jeantet-dufourq-2023,annomate,zenodo.7828148-v1-242347-2,svl_label,1,"Turdidae_Catharus_fuscater,9",,
jeantet-dufourq-2023,annomate,zenodo.7828148-v1-242347-3,svl_label,1,"Turdidae_Catharus_fuscater,9",,
jeantet-dufourq-2023,annomate,zenodo.7828148-v1-242347-4,svl_label,1,"Turdidae_Catharus_fuscater,9",,
jeantet-dufourq-2023,annomate,zenodo.7828148-v1-242347-5,svl_label,1,"Turdidae_Catharus_fuscater,9",,
jeantet-dufourq-2023,annomate,zenodo.7828148-v1-242347-6,svl_label,1,"Turdidae_Catharus_fuscater,9",,
jeantet-dufourq-2023,annomate,zenodo.7828148-v1-242347-7,svl_label,1,"Turdidae_Catharus_fuscater,9",,
jeantet-dufourq-2023,annomate,zenodo.7828148-v1-242347-8,svl_label,1,"Turdidae_Catharus_fuscater,9",,
jeantet-dufourq-2023,annomate,zenodo.7828148-v1-242348-1,svl_label,1,"Turdidae_Catharus_fuscater_Ecuador_2002-03-Turdidae_Catharus_fuscater,9",,
jeantet-dufourq-2023,annomate,zenodo.7828148-v1-242348-2,svl_label,1,"Turdidae_Catharus_fuscater,9",,
jeantet-dufourq-2023,annomate,zenodo.7828148-v1-242348-3,svl_label,1,"Turdidae_Catharus_fuscater,9",,
jeantet-dufourq-2023,annomate,zenodo.7828148-v1-242348-4,svl_label,1,"Turdidae_Catharus_fuscater,9",,
jeantet-dufourq-2023,annomate,zenodo.7828148-v1-242348-5,svl_label,1,"Turdidae_Catharus_fuscater,9",,
jeantet-dufourq-2023,annomate,zenodo.7828148-v1-242348-6,svl_label,1,"Turdidae_Catharus_fuscater,9",,
jeantet-dufourq-2023,annomate,zenodo.7828148-v1-242348-7,svl_label,1,"Turdidae_Catharus_fuscater,9",,
jeantet-dufourq-2023,annomate,zenodo.7828148-v1-242348-8,svl_label,1,"Turdidae_Catharus_fuscater,9",,
jeantet-dufourq-2023,annomate,zenodo.7828148-v1-242348-9,svl_label,1,"Turdidae_Catharus_fuscater,9",,
jeantet-dufourq-2023,annomate,zenodo.7828148-v1-242348-10,svl_label,1,"Turdidae_Catharus_fuscater,9",,
jeantet-dufourq-2023,annomate,zenodo.7828148-v1-242348-11,svl_label,1,"Turdidae_Catharus_fuscater,9",,
jeantet-dufourq-2023,annomate,zenodo.7828148-v1-242348-12,svl_label,1,"Turdidae_Catharus_fuscater,9",,
jeantet-dufourq-2023,annomate,zenodo.7828148-v1-242348-13,svl_label,1,"Turdidae_Catharus_fuscater,9",,
jeantet-dufourq-2023,annomate,zenodo.7828148-v1-242348-14,svl_label,1,"Turdidae_Catharus_fuscater,9",,
jeantet-dufourq-2023,annomate,zenodo.7828148-v1-242348-15,svl_label,1,"Turdidae_Catharus_fuscater,9",,
jeantet-dufourq-2023,annomate,zenodo.7828148-v1-242348-16,svl_label,1,"Turdidae_Catharus_fuscater,9",,
jeantet-dufourq-2023,annomate,zenodo.7828148-v1-242348-17,svl_label,1,"Turdidae_Catharus_fuscater,9",,
jeantet-dufourq-2023,annomate,zenodo.7828148-v1-242348-18,svl_label,1,"Turdidae_Catharus_fuscater,9",,
jeantet-dufourq-2023,annomate,zenodo.7828148-v1-242348-19,svl_label,1,"Turdidae_Catharus_fuscater,9",,
jeantet-dufourq-2023,annomate,zenodo.7828148-v1-242348-20,svl_label,1,"Turdidae_Catharus_fuscater,9",,
jeantet-dufourq-2023,annomate,zenodo.7828148-v1-242348-21,svl_label,1,"Turdidae_Catharus_fuscater,9",,
jeantet-dufourq-2023,annomate,zenodo.7828148-v1-242348-22,svl_label,1,"Turdidae_Catharus_fuscater,9",,
jeantet-dufourq-2023,annomate,zenodo.7828148-v1-242348-23,svl_label,1,"Turdidae_Catharus_fuscater,9",,
jeantet-dufourq-2023,annomate,zenodo.7828148-v1-242348-24,svl_label,1,"Turdidae_Catharus_fuscater,9",,
jeantet-dufourq-2023,annomate,zenodo.7828148-v1-242348-25,svl_label,1,"Turdidae_Catharus_fuscater,9",,
jeantet-dufourq-2023,annomate,zenodo.7828148-v1-242348-26,svl_label,1,"Turdidae_Catharus_fuscater,9",,
jeantet-dufourq-2023,annomate,zenodo.7828148-v1-242348-27,svl_label,1,"Turdidae_Catharus_fuscater,9",,
jeantet-dufourq-2023,annomate,zenodo.7828148-v1-242348-28,svl_label,1,"Turdidae_Catharus_fuscater,9",,
jeantet-dufourq-2023,annomate,zenodo.7828148-v1-242348-29,svl_label,1,"Turdidae_Catharus_fuscater,9",,
jeantet-dufourq-2023,annomate,zenodo.7828148-v1-242348-30,svl_label,1,"Turdidae_Catharus_fuscater,9",,
jeantet-dufourq-2023,annomate,zenodo.7828148-v1-242348-31,svl_label,1,"Turdidae_Catharus_fuscater,9",,
jeantet-dufourq-2023,annomate,zenodo.7828148-v1-242348-32,svl_label,1,"Turdidae_Catharus_fuscater,9",,
jeantet-dufourq-2023,annomate,zenodo.7828148-v1-242352-1,svl_label,1,"Turdidae_Catharus_fuscater,9",,
jeantet-dufourq-2023,annomate,zenodo.7828148-v1-242352-2,svl_label,1,"Turdidae_Catharus_fuscater,9",,
jeantet-dufourq-2023,annomate,zenodo.7828148-v1-242352-3,svl_label,1,"Turdidae_Catharus_fuscater,9",,
jeantet-dufourq-2023,annomate,zenodo.7828148-v1-242352-4,svl_label,1,"Turdidae_Catharus_fuscater,9",,
jeantet-dufourq-2023,annomate,zenodo.7828148-v1-242352-5,svl_label,1,"Turdidae_Catharus_fuscater,9",,
jeantet-dufourq-2023,annomate,zenodo.7828148-v1-242352-6,svl_label,1,"Turdidae_Catharus_fuscater,9",,
jeantet-dufourq-2023,annomate,zenodo.7828148-v1-242352-7,svl_label,1,"Turdidae_Catharus_fuscater,9",,
jeantet-dufourq-2023,annomate,zenodo.7828148-v1-242352-8,svl_label,1,"Turdidae_Catharus_fuscater,9",,
jeantet-dufourq-2023,annomate,zenodo.7828148-v1-242352-9,svl_label,1,"Turdidae_Catharus_fuscater,9",,
jeantet-dufourq-2023,annomate,zenodo.7828148-v1-242352-10,svl_label,1,"Turdidae_Catharus_fuscater,9",,
jeantet-dufourq-2023,annomate,zenodo.7828148-v1-242352-11,svl_label,1,"Turdidae_Catharus_fuscater,9",,
jeantet-dufourq-2023,annomate,zenodo.7828148-v1-242352-12,svl_label,1,"Turdidae_Catharus_fuscater,9",,
jeantet-dufourq-2023,annomate,zenodo.7828148-v1-242352-13,svl_label,1,"Turdidae_Catharus_fuscater,9",,
jeantet-dufourq-2023,annomate,zenodo.7828148-v1-242352-14,svl_label,1,"Turdidae_Catharus_fuscater,9",,
jeantet-dufourq-2023,annomate,zenodo.7828148-v1-242352-15,svl_label,1,"Turdidae_Catharus_fuscater,9",,
jeantet-dufourq-2023,annomate,zenodo.7828148-v1-242352-16,svl_label,1,"Turdidae_Catharus_fuscater,9",,
jeantet-dufourq-2023,annomate,zenodo.7828148-v1-242352-17,svl_label,1,"Turdidae_Catharus_fuscater,9",,
jeantet-dufourq-2023,annomate,zenodo.7828148-v1-242352-18,svl_label,1,"Turdidae_Catharus_fuscater,9",,
jeantet-dufourq-2023,annomate,zenodo.7828148-v1-242352-19,svl_label,1,"Turdidae_Catharus_fuscater,9",,
jeantet-dufourq-2023,annomate,zenodo.7828148-v1-242352-20,svl_label,1,"Turdidae_Catharus_fuscater,9",,
jeantet-dufourq-2023,annomate,zenodo.7828148-v1-242352-21,svl_label,1,"Turdidae_Catharus_fuscater,9",,
jeantet-dufourq-2023,annomate,zenodo.7828148-v1-242352-22,svl_label,1,"Turdidae_Catharus_fuscater,9",,
jeantet-dufourq-2023,annomate,zenodo.7828148-v1-242352-23,svl_label,1,"Turdidae_Catharus_fuscater,9",,
jeantet-dufourq-2023,annomate,zenodo.7828148-v1-242352-24,svl_label,1,"Turdidae_Catharus_fuscater,9",,
jeantet-dufourq-2023,annomate,zenodo.7828148-v1-242354-1,svl_label,1,"Turdidae_Catharus_fuscater,9",,
jeantet-dufourq-2023,annomate,zenodo.7828148-v1-242354-2,svl_label,1,"Turdidae_Catharus_fuscater,9",,
jeantet-dufourq-2023,annomate,zenodo.7828148-v1-242354-3,svl_label,1,"Turdidae_Catharus_fuscater,9",,
jeantet-dufourq-2023,annomate,zenodo.7828148-v1-242354-4,svl_label,1,"Turdidae_Catharus_fuscater,9",,
jeantet-dufourq-2023,annomate,zenodo.7828148-v1-242354-5,svl_label,1,"Turdidae_Catharus_fuscater,9",,
jeantet-dufourq-2023,annomate,zenodo.7828148-v1-242354-6,svl_label,1,"Turdidae_Catharus_fuscater,9",,
jeantet-dufourq-2023,annomate,zenodo.7828148-v1-242354-7,svl_label,1,"Turdidae_Catharus_fuscater,9",,
jeantet-dufourq-2023,annomate,zenodo.7828148-v1-242354-8,svl_label,1,"Turdidae_Catharus_fuscater,9",,
jeantet-dufourq-2023,annomate,zenodo.7828148-v1-242354-9,svl_label,1,"Turdidae_Catharus_fuscater,9",,
jeantet-dufourq-2023,annomate,zenodo.7828148-v1-242354-10,svl_label,1,"Turdidae_Catharus_fuscater,9",,
jeantet-dufourq-2023,annomate,zenodo.7828148-v1-242354-11,svl_label,1,"Turdidae_Catharus_fuscater,9",,
jeantet-dufourq-2023,annomate,zenodo.7828148-v1-242354-12,svl_label,1,"Turdidae_Catharus_fuscater,9",,
jeantet-dufourq-2023,annomate,zenodo.7828148-v1-243764-1,svl_label,1,"Turdidae_Catharus_fuscescens,8",,
jeantet-dufourq-2023,annomate,zenodo.7828148-v1-243764-2,svl_label,1,"Turdidae_Catharus_fuscescens,8",,
jeantet-dufourq-2023,annomate,zenodo.7828148-v1-243764-3,svl_label,1,"Turdidae_Catharus_fuscescens,8",,
jeantet-dufourq-2023,annomate,zenodo.7828148-v1-243764-4,svl_label,1,"Turdidae_Catharus_fuscescens,8",,
jeantet-dufourq-2023,annomate,zenodo.7828148-v1-243764-5,svl_label,1,"Turdidae_Catharus_fuscescens,8",,
jeantet-dufourq-2023,annomate,zenodo.7828148-v1-243764-6,svl_label,1,"Turdidae_Catharus_fuscescens,8",,
jeantet-dufourq-2023,annomate,zenodo.7828148-v1-243764-7,svl_label,1,"Turdidae_Catharus_fuscescens,8",,
jeantet-dufourq-2023,annomate,zenodo.7828148-v1-243764-8,svl_label,1,"Turdidae_Catharus_fuscescens,8",,
jeantet-dufourq-2023,annomate,zenodo.7828148-v1-243764-9,svl_label,1,"Turdidae_Catharus_fuscescens,8",,
jeantet-dufourq-2023,annomate,zenodo.7828148-v1-243764-10,svl_label,1,"Turdidae_Catharus_fuscescens,8",,
jeantet-dufourq-2023,annomate,zenodo.7828148-v1-243764-11,svl_label,1,"Turdidae_Catharus_fuscescens,8",,
jeantet-dufourq-2023,annomate,zenodo.7828148-v1-243764-12,svl_label,1,"Turdidae_Catharus_fuscescens,8",,
jeantet-dufourq-2023,annomate,zenodo.7828148-v1-243764-13,svl_label,1,"Turdidae_Catharus_fuscescens,8",,
jeantet-dufourq-2023,annomate,zenodo.7828148-v1-243764-14,svl_label,1,"Turdidae_Catharus_fuscescens,8",,
jeantet-dufourq-2023,annomate,zenodo.7828148-v1-243764-15,svl_label,1,"Turdidae_Catharus_fuscescens,8",,
jeantet-dufourq-2023,annomate,zenodo.7828148-v1-243764-16,svl_label,1,"Turdidae_Catharus_fuscescens,8",,
jeantet-dufourq-2023,annomate,zenodo.7828148-v1-243764-17,svl_label,1,"Turdidae_Catharus_fuscescens,8",,
jeantet-dufourq-2023,annomate,zenodo.7828148-v1-243764-18,svl_label,1,"Turdidae_Catharus_fuscescens,8",,
jeantet-dufourq-2023,annomate,zenodo.7828148-v1-243764-19,svl_label,1,"Turdidae_Catharus_fuscescens,8",,
jeantet-dufourq-2023,annomate,zenodo.7828148-v1-243764-20,svl_label,1,"Turdidae_Catharus_fuscescens,8",,
jeantet-dufourq-2023,annomate,zenodo.7828148-v1-243764-21,svl_label,1,"Turdidae_Catharus_fuscescens,8",,
jeantet-dufourq-2023,annomate,zenodo.7828148-v1-243764-22,svl_label,1,"Turdidae_Catharus_fuscescens,8",,
jeantet-dufourq-2023,annomate,zenodo.7828148-v1-243764-23,svl_label,1,"Turdidae_Catharus_fuscescens,8",,
jeantet-dufourq-2023,annomate,zenodo.7828148-v1-243764-24,svl_label,1,"Turdidae_Catharus_fuscescens,8",,
jeantet-dufourq-2023,annomate,zenodo.7828148-v1-243764-25,svl_label,1,"Turdidae_Catharus_fuscescens,8",,
jeantet-dufourq-2023,annomate,zenodo.7828148-v1-243764-26,svl_label,1,"Turdidae_Catharus_fuscescens,8",,
jeantet-dufourq-2023,annomate,zenodo.7828148-v1-243764-27,svl_label,1,"Turdidae_Catharus_fuscescens,8",,
jeantet-dufourq-2023,annomate,zenodo.7828148-v1-243764-28,svl_label,1,"Turdidae_Catharus_fuscescens,8",,
jeantet-dufourq-2023,annomate,zenodo.7828148-v1-243764-29,svl_label,1,"Turdidae_Catharus_fuscescens,8",,
jeantet-dufourq-2023,annomate,zenodo.7828148-v1-243764-30,svl_label,1,"Turdidae_Catharus_fuscescens,8",,
jeantet-dufourq-2023,annomate,zenodo.7828148-v1-243764-31,svl_label,1,"Turdidae_Catharus_fuscescens,8",,
jeantet-dufourq-2023,annomate,zenodo.7828148-v1-243764-32,svl_label,1,"Turdidae_Catharus_fuscescens,8",,
jeantet-dufourq-2023,annomate,zenodo.7828148-v1-243764-33,svl_label,1,"Turdidae_Catharus_fuscescens,8",,
jeantet-dufourq-2023,annomate,zenodo.7828148-v1-243764-34,svl_label,1,"Turdidae_Catharus_fuscescens,8",,
jeantet-dufourq-2023,annomate,zenodo.7828148-v1-243764-35,svl_label,1,"Turdidae_Catharus_fuscescens,8",,
jeantet-dufourq-2023,annomate,zenodo.7828148-v1-243764-36,svl_label,1,"Turdidae_Catharus_fuscescens,8",,
jeantet-dufourq-2023,annomate,zenodo.7828148-v1-243764-37,svl_label,1,"Turdidae_Catharus_fuscescens,8",,
jeantet-dufourq-2023,annomate,zenodo.7828148-v1-243764-38,svl_label,1,"Turdidae_Catharus_fuscescens,8",,
jeantet-dufourq-2023,annomate,zenodo.7828148-v1-243764-39,svl_label,1,"Turdidae_Catharus_fuscescens,8",,
jeantet-dufourq-2023,annomate,zenodo.7828148-v1-244009-1,svl_label,1,"Paridae_Saxicola_rubetra,9",,
jeantet-dufourq-2023,annomate,zenodo.7828148-v1-244009-2,svl_label,1,"Paridae_Saxicola_rubetra,9",,
jeantet-dufourq-2023,annomate,zenodo.7828148-v1-244009-3,svl_label,1,"Paridae_Saxicola_rubetra,9",,
jeantet-dufourq-2023,annomate,zenodo.7828148-v1-244009-4,svl_label,1,"Paridae_Saxicola_rubetra,9",,
jeantet-dufourq-2023,annomate,zenodo.7828148-v1-244009-5,svl_label,1,"Paridae_Saxicola_rubetra,9",,
jeantet-dufourq-2023,annomate,zenodo.7828148-v1-244009-6,svl_label,1,"Paridae_Saxicola_rubetra,9",,
jeantet-dufourq-2023,annomate,zenodo.7828148-v1-244009-7,svl_label,1,"Paridae_Saxicola_rubetra,9",,
jeantet-dufourq-2023,annomate,zenodo.7828148-v1-244009-8,svl_label,1,"Paridae_Saxicola_rubetra,8",,
jeantet-dufourq-2023,annomate,zenodo.7828148-v1-244009-9,svl_label,1,"Paridae_Saxicola_rubetra,9",,
jeantet-dufourq-2023,annomate,zenodo.7828148-v1-244009-10,svl_label,1,"Paridae_Saxicola_rubetra,7",,
jeantet-dufourq-2023,annomate,zenodo.7828148-v1-244009-11,svl_label,1,"Paridae_Saxicola_rubetra,9",,
jeantet-dufourq-2023,annomate,zenodo.7828148-v1-244009-12,svl_label,1,"Paridae_Saxicola_rubetra,9",,
jeantet-dufourq-2023,annomate,zenodo.7828148-v1-244009-13,svl_label,1,"Paridae_Saxicola_rubetra,9",,
jeantet-dufourq-2023,annomate,zenodo.7828148-v1-244009-14,svl_label,1,"Paridae_Saxicola_rubetra,8",,
jeantet-dufourq-2023,annomate,zenodo.7828148-v1-244009-15,svl_label,1,"Paridae_Saxicola_rubetra,8",,
jeantet-dufourq-2023,annomate,zenodo.7828148-v1-244009-16,svl_label,1,"Paridae_Saxicola_rubetra,9",,
jeantet-dufourq-2023,annomate,zenodo.7828148-v1-244009-17,svl_label,1,"Paridae_Saxicola_rubetra,9",,
jeantet-dufourq-2023,annomate,zenodo.7828148-v1-244010-1,svl_label,1,"Paridae_Saxicola_rubetra,9",,
jeantet-dufourq-2023,annomate,zenodo.7828148-v1-244010-2,svl_label,1,"Paridae_Saxicola_rubetra,9",,
jeantet-dufourq-2023,annomate,zenodo.7828148-v1-244010-3,svl_label,1,"Paridae_Saxicola_rubetra,9",,
jeantet-dufourq-2023,annomate,zenodo.7828148-v1-244010-4,svl_label,1,"Paridae_Saxicola_rubetra,9",,
jeantet-dufourq-2023,annomate,zenodo.7828148-v1-244010-5,svl_label,1,"Paridae_Saxicola_rubetra,9",,
jeantet-dufourq-2023,annomate,zenodo.7828148-v1-244010-6,svl_label,1,"Paridae_Saxicola_rubetra,9",,
jeantet-dufourq-2023,annomate,zenodo.7828148-v1-244010-7,svl_label,1,"Paridae_Saxicola_rubetra,9",,
jeantet-dufourq-2023,annomate,zenodo.7828148-v1-245587-1,svl_label,1,"Turdidae_Catharus_fuscater,9",,
jeantet-dufourq-2023,annomate,zenodo.7828148-v1-245587-2,svl_label,1,"Turdidae_Catharus_fuscater,9",,
jeantet-dufourq-2023,annomate,zenodo.7828148-v1-245587-3,svl_label,1,"Turdidae_Catharus_fuscater,9",,
jeantet-dufourq-2023,annomate,zenodo.7828148-v1-245587-4,svl_label,1,"Turdidae_Catharus_fuscater,9",,
jeantet-dufourq-2023,annomate,zenodo.7828148-v1-245587-5,svl_label,1,"Turdidae_Catharus_fuscater,9",,
jeantet-dufourq-2023,annomate,zenodo.7828148-v1-245587-6,svl_label,1,"Turdidae_Catharus_fuscater,9",,
jeantet-dufourq-2023,annomate,zenodo.7828148-v1-245587-7,svl_label,1,"Turdidae_Catharus_fuscater,9",,
jeantet-dufourq-2023,annomate,zenodo.7828148-v1-246445-1,svl_label,1,"Paridae_Saxicola_rubetra,9",,
jeantet-dufourq-2023,annomate,zenodo.7828148-v1-246445-2,svl_label,1,"Paridae_Saxicola_rubetra,9",,
jeantet-dufourq-2023,annomate,zenodo.7828148-v1-246445-3,svl_label,1,"Paridae_Saxicola_rubetra,9",,
jeantet-dufourq-2023,annomate,zenodo.7828148-v1-246445-4,svl_label,1,"Paridae_Saxicola_rubetra,9",,
jeantet-dufourq-2023,annomate,zenodo.7828148-v1-246446-1,svl_label,1,"Paridae_Saxicola_rubetra,9",,
jeantet-dufourq-2023,annomate,zenodo.7828148-v1-246446-2,svl_label,1,"Paridae_Saxicola_rubetra,9",,
jeantet-dufourq-2023,annomate,zenodo.7828148-v1-246446-3,svl_label,1,"Paridae_Saxicola_rubetra,9",,
jeantet-dufourq-2023,annomate,zenodo.7828148-v1-246446-4,svl_label,1,"Paridae_Saxicola_rubetra,9",,
jeantet-dufourq-2023,annomate,zenodo.7828148-v1-246446-5,svl_label,1,"Paridae_Saxicola_rubetra,9",,
jeantet-dufourq-2023,annomate,zenodo.7828148-v1-246446-6,svl_label,1,"Paridae_Saxicola_rubetra,9",,
jeantet-dufourq-2023,annomate,zenodo.7828148-v1-246446-7,svl_label,1,"Paridae_Saxicola_rubetra,9",,
jeantet-dufourq-2023,annomate,zenodo.7828148-v1-246446-8,svl_label,1,"Paridae_Saxicola_rubetra,9",,
jeantet-dufourq-2023,annomate,zenodo.7828148-v1-246446-9,svl_label,1,"Paridae_Saxicola_rubetra,9",,
jeantet-dufourq-2023,annomate,zenodo.7828148-v1-246446-10,svl_label,1,"Paridae_Saxicola_rubetra,9",,
jeantet-dufourq-2023,annomate,zenodo.7828148-v1-246446-11,svl_label,1,"Paridae_Saxicola_rubetra,9",,
jeantet-dufourq-2023,annomate,zenodo.7828148-v1-246446-12,svl_label,1,"Paridae_Saxicola_rubetra,9",,
jeantet-dufourq-2023,annomate,zenodo.7828148-v1-246446-13,svl_label,1,"Paridae_Saxicola_rubetra,9",,
jeantet-dufourq-2023,annomate,zenodo.7828148-v1-246446-14,svl_label,1,"Paridae_Saxicola_rubetra,9",,
jeantet-dufourq-2023,annomate,zenodo.7828148-v1-246446-15,svl_label,1,"Paridae_Saxicola_rubetra,9",,
jeantet-dufourq-2023,annomate,zenodo.7828148-v1-246446-16,svl_label,1,"Paridae_Saxicola_rubetra,9",,
jeantet-dufourq-2023,annomate,zenodo.7828148-v1-246446-17,svl_label,1,"Paridae_Saxicola_rubetra,9",,
jeantet-dufourq-2023,annomate,zenodo.7828148-v1-246446-18,svl_label,1,"Paridae_Saxicola_rubetra,9",,
jeantet-dufourq-2023,annomate,zenodo.7828148-v1-246446-19,svl_label,1,"Paridae_Saxicola_rubetra,9",,
jeantet-dufourq-2023,annomate,zenodo.7828148-v1-246446-20,svl_label,1,"Paridae_Saxicola_rubetra,9",,
jeantet-dufourq-2023,annomate,zenodo.7828148-v1-246446-21,svl_label,1,"Paridae_Saxicola_rubetra,9",,
jeantet-dufourq-2023,annomate,zenodo.7828148-v1-246446-22,svl_label,1,"Paridae_Saxicola_rubetra,9",,
jeantet-dufourq-2023,annomate,zenodo.7828148-v1-246446-23,svl_label,1,"Paridae_Saxicola_rubetra,9",,
jeantet-dufourq-2023,annomate,zenodo.7828148-v1-247157-1,svl_label,1,"Paridae_Hypocnemis_cantator,9",,
jeantet-dufourq-2023,annomate,zenodo.7828148-v1-247157-2,svl_label,1,"Paridae_Hypocnemis_cantator,9",,
jeantet-dufourq-2023,annomate,zenodo.7828148-v1-247157-3,svl_label,1,"Paridae_Hypocnemis_cantator,9",,
jeantet-dufourq-2023,annomate,zenodo.7828148-v1-247158-1,svl_label,1,"Paridae_Hypocnemis_cantator,9",,
jeantet-dufourq-2023,annomate,zenodo.7828148-v1-247158-2,svl_label,1,"Paridae_Hypocnemis_cantator,9",,
jeantet-dufourq-2023,annomate,zenodo.7828148-v1-249552-1,svl_label,1,"Paridae_Hypocnemis_hypoxantha,8",,
jeantet-dufourq-2023,annomate,zenodo.7828148-v1-249552-2,svl_label,1,"Paridae_Hypocnemis_hypoxantha,8",,
jeantet-dufourq-2023,annomate,zenodo.7828148-v1-249552-3,svl_label,1,"Paridae_Hypocnemis_hypoxantha,8",,
jeantet-dufourq-2023,annomate,zenodo.7828148-v1-249552-4,svl_label,1,"Paridae_Hypocnemis_hypoxantha,8",,
jeantet-dufourq-2023,annomate,zenodo.7828148-v1-249552-5,svl_label,1,"Paridae_Hypocnemis_hypoxantha,8",,
jeantet-dufourq-2023,annomate,zenodo.7828148-v1-249552-6,svl_label,1,"Paridae_Hypocnemis_hypoxantha,8",,
jeantet-dufourq-2023,annomate,zenodo.7828148-v1-249552-7,svl_label,1,"Paridae_Hypocnemis_hypoxantha,8",,
jeantet-dufourq-2023,annomate,zenodo.7828148-v1-249573-1,svl_label,1,"Paridae_Hypocnemis_peruviana,8",,
jeantet-dufourq-2023,annomate,zenodo.7828148-v1-249573-2,svl_label,1,"Paridae_Hypocnemis_peruviana,8",,
jeantet-dufourq-2023,annomate,zenodo.7828148-v1-249573-3,svl_label,1,"Paridae_Hypocnemis_peruviana,8",,
jeantet-dufourq-2023,annomate,zenodo.7828148-v1-249573-4,svl_label,1,"Paridae_Hypocnemis_peruviana,8",,
jeantet-dufourq-2023,annomate,zenodo.7828148-v1-249573-5,svl_label,1,"Paridae_Hypocnemis_peruviana,8",,
jeantet-dufourq-2023,annomate,zenodo.7828148-v1-249573-6,svl_label,1,"Paridae_Hypocnemis_peruviana,8",,
jeantet-dufourq-2023,annomate,zenodo.7828148-v1-249573-7,svl_label,1,"Paridae_Hypocnemis_peruviana,8",,
jeantet-dufourq-2023,annomate,zenodo.7828148-v1-249573-8,svl_label,1,"Paridae_Hypocnemis_peruviana,8",,
jeantet-dufourq-2023,annomate,zenodo.7828148-v1-250594-1,svl_label,1,"Turdidae_Catharus_fuscater,9",,
jeantet-dufourq-2023,annomate,zenodo.7828148-v1-250594-2,svl_label,1,"Turdidae_Catharus_fuscater,9",,
jeantet-dufourq-2023,annomate,zenodo.7828148-v1-250594-3,svl_label,1,"Turdidae_Catharus_fuscater,9",,
jeantet-dufourq-2023,annomate,zenodo.7828148-v1-250594-4,svl_label,1,"Turdidae_Catharus_fuscater,9",,
jeantet-dufourq-2023,annomate,zenodo.7828148-v1-250594-5,svl_label,1,"Turdidae_Catharus_fuscater,9",,
jeantet-dufourq-2023,annomate,zenodo.7828148-v1-250594-6,svl_label,1,"Turdidae_Catharus_fuscater,9",,
jeantet-dufourq-2023,annomate,zenodo.7828148-v1-250594-7,svl_label,1,"Turdidae_Catharus_fuscater,9",,
jeantet-dufourq-2023,annomate,zenodo.7828148-v1-250594-8,svl_label,1,"Turdidae_Catharus_fuscater,9",,
jeantet-dufourq-2023,annomate,zenodo.7828148-v1-250594-9,svl_label,1,"Turdidae_Catharus_fuscater,9",,
jeantet-dufourq-2023,annomate,zenodo.7828148-v1-250594-10,svl_label,1,"Turdidae_Catharus_fuscater,9",,
jeantet-dufourq-2023,annomate,zenodo.7828148-v1-250594-11,svl_label,1,"Turdidae_Catharus_fuscater,9",,
jeantet-dufourq-2023,annomate,zenodo.7828148-v1-250594-12,svl_label,1,"Turdidae_Catharus_fuscater,9",,
jeantet-dufourq-2023,annomate,zenodo.7828148-v1-250594-13,svl_label,1,"Turdidae_Catharus_fuscater,9",,
jeantet-dufourq-2023,annomate,zenodo.7828148-v1-250594-14,svl_label,1,"Turdidae_Catharus_fuscater,9",,
jeantet-dufourq-2023,annomate,zenodo.7828148-v1-250594-15,svl_label,1,"Turdidae_Catharus_fuscater,9",,
jeantet-dufourq-2023,annomate,zenodo.7828148-v1-250594-16,svl_label,1,"Turdidae_Catharus_fuscater,9",,
jeantet-dufourq-2023,annomate,zenodo.7828148-v1-250594-17,svl_label,1,"Turdidae_Catharus_fuscater,9",,
jeantet-dufourq-2023,annomate,zenodo.7828148-v1-250594-18,svl_label,1,"Turdidae_Catharus_fuscater,9",,
jeantet-dufourq-2023,annomate,zenodo.7828148-v1-250594-19,svl_label,1,"Turdidae_Catharus_fuscater,9",,
jeantet-dufourq-2023,annomate,zenodo.7828148-v1-250594-20,svl_label,1,"Turdidae_Catharus_fuscater,9",,
jeantet-dufourq-2023,annomate,zenodo.7828148-v1-250594-21,svl_label,1,"Turdidae_Catharus_fuscater,9",,
jeantet-dufourq-2023,annomate,zenodo.7828148-v1-250594-22,svl_label,1,"Turdidae_Catharus_fuscater,9",,
jeantet-dufourq-2023,annomate,zenodo.7828148-v1-250594-23,svl_label,1,"Turdidae_Catharus_fuscater,9",,
jeantet-dufourq-2023,annomate,zenodo.7828148-v1-250594-24,svl_label,1,"Turdidae_Catharus_fuscater,9",,
jeantet-dufourq-2023,annomate,zenodo.7828148-v1-250594-25,svl_label,1,"Turdidae_Catharus_fuscater,9",,
jeantet-dufourq-2023,annomate,zenodo.7828148-v1-250594-26,svl_label,1,"Turdidae_Catharus_fuscater,9",,
jeantet-dufourq-2023,annomate,zenodo.7828148-v1-250594-27,svl_label,1,"Turdidae_Catharus_fuscater,9",,
jeantet-dufourq-2023,annomate,zenodo.7828148-v1-250594-28,svl_label,1,"Turdidae_Catharus_fuscater,9",,
jeantet-dufourq-2023,annomate,zenodo.7828148-v1-250594-29,svl_label,1,"Turdidae_Catharus_fuscater,9",,
jeantet-dufourq-2023,annomate,zenodo.7828148-v1-250594-30,svl_label,1,"Turdidae_Catharus_fuscater,9",,
jeantet-dufourq-2023,annomate,zenodo.7828148-v1-250594-31,svl_label,1,"Turdidae_Catharus_fuscater,9",,
jeantet-dufourq-2023,annomate,zenodo.7828148-v1-250594-32,svl_label,1,"Turdidae_Catharus_fuscater,9",,
jeantet-dufourq-2023,annomate,zenodo.7828148-v1-250594-33,svl_label,1,"Turdidae_Catharus_fuscater,9",,
jeantet-dufourq-2023,annomate,zenodo.7828148-v1-250594-34,svl_label,1,"Turdidae_Catharus_fuscater,9",,
jeantet-dufourq-2023,annomate,zenodo.7828148-v1-250594-35,svl_label,1,"Turdidae_Catharus_fuscater,9",,
jeantet-dufourq-2023,annomate,zenodo.7828148-v1-250594-36,svl_label,1,"Turdidae_Catharus_fuscater,9",,
jeantet-dufourq-2023,annomate,zenodo.7828148-v1-250594-37,svl_label,1,"Turdidae_Catharus_fuscater,9",,
jeantet-dufourq-2023,annomate,zenodo.7828148-v1-250594-38,svl_label,1,"Turdidae_Catharus_fuscater,9",,
jeantet-dufourq-2023,annomate,zenodo.7828148-v1-250594-39,svl_label,1,"Turdidae_Catharus_fuscater,9",,
jeantet-dufourq-2023,annomate,zenodo.7828148-v1-250596-1,svl_label,1,"Turdidae_Catharus_fuscater,9",,
jeantet-dufourq-2023,annomate,zenodo.7828148-v1-250596-2,svl_label,1,"Turdidae_Catharus_fuscater,9",,
jeantet-dufourq-2023,annomate,zenodo.7828148-v1-250596-3,svl_label,1,"Turdidae_Catharus_fuscater,9",,
jeantet-dufourq-2023,annomate,zenodo.7828148-v1-250596-4,svl_label,1,"Turdidae_Catharus_fuscater,9",,
jeantet-dufourq-2023,annomate,zenodo.7828148-v1-250596-5,svl_label,1,"Turdidae_Catharus_fuscater,9",,
jeantet-dufourq-2023,annomate,zenodo.7828148-v1-250596-6,svl_label,1,"Turdidae_Catharus_fuscater,9",,
jeantet-dufourq-2023,annomate,zenodo.7828148-v1-250596-7,svl_label,1,"Turdidae_Catharus_fuscater,9",,
jeantet-dufourq-2023,annomate,zenodo.7828148-v1-250596-8,svl_label,1,"Turdidae_Catharus_fuscater,9",,
jeantet-dufourq-2023,annomate,zenodo.7828148-v1-250596-9,svl_label,1,"Turdidae_Catharus_fuscater,9",,
jeantet-dufourq-2023,annomate,zenodo.7828148-v1-250596-10,svl_label,1,"Turdidae_Catharus_fuscater,9",,
jeantet-dufourq-2023,annomate,zenodo.7828148-v1-250596-11,svl_label,1,"Turdidae_Catharus_fuscater,9",,
jeantet-dufourq-2023,annomate,zenodo.7828148-v1-250596-12,svl_label,1,"Turdidae_Catharus_fuscater,9",,
jeantet-dufourq-2023,annomate,zenodo.7828148-v1-250598-1,svl_label,1,"Turdidae_Catharus_fuscater,9",,
jeantet-dufourq-2023,annomate,zenodo.7828148-v1-250598-2,svl_label,1,"Turdidae_Catharus_fuscater,9",,
jeantet-dufourq-2023,annomate,zenodo.7828148-v1-250598-3,svl_label,1,"Turdidae_Catharus_fuscater,9",,
jeantet-dufourq-2023,annomate,zenodo.7828148-v1-250598-4,svl_label,1,"Turdidae_Catharus_fuscater,9",,
jeantet-dufourq-2023,annomate,zenodo.7828148-v1-250598-5,svl_label,1,"Turdidae_Catharus_fuscater,9",,
jeantet-dufourq-2023,annomate,zenodo.7828148-v1-250598-6,svl_label,1,"Turdidae_Catharus_fuscater,9",,
jeantet-dufourq-2023,annomate,zenodo.7828148-v1-250598-7,svl_label,1,"Turdidae_Catharus_fuscater,9",,
jeantet-dufourq-2023,annomate,zenodo.7828148-v1-250598-8,svl_label,1,"Turdidae_Catharus_fuscater,9",,
jeantet-dufourq-2023,annomate,zenodo.7828148-v1-250598-9,svl_label,1,"Turdidae_Catharus_fuscater,9",,
jeantet-dufourq-2023,annomate,zenodo.7828148-v1-250598-10,svl_label,1,"Turdidae_Catharus_fuscater,9",,
jeantet-dufourq-2023,annomate,zenodo.7828148-v1-250598-11,svl_label,1,"Turdidae_Catharus_fuscater,9",,
jeantet-dufourq-2023,annomate,zenodo.7828148-v1-250598-12,svl_label,1,"Turdidae_Catharus_fuscater,9",,
jeantet-dufourq-2023,annomate,zenodo.7828148-v1-250598-13,svl_label,1,"Turdidae_Catharus_fuscater,9",,
jeantet-dufourq-2023,annomate,zenodo.7828148-v1-250598-14,svl_label,1,"Turdidae_Catharus_fuscater,9",,
jeantet-dufourq-2023,annomate,zenodo.7828148-v1-250899-1,svl_label,1,"Troglodytidae_Troglodytes_aedon,9",,
jeantet-dufourq-2023,annomate,zenodo.7828148-v1-250899-2,svl_label,1,"Troglodytidae_Troglodytes_aedon,9",,
jeantet-dufourq-2023,annomate,zenodo.7828148-v1-250899-3,svl_label,1,"Troglodytidae_Troglodytes_aedon,9",,
jeantet-dufourq-2023,annomate,zenodo.7828148-v1-250899-4,svl_label,1,"Troglodytidae_Troglodytes_aedon,9",,
jeantet-dufourq-2023,annomate,zenodo.7828148-v1-250899-5,svl_label,1,"Troglodytidae_Troglodytes_aedon,9",,
jeantet-dufourq-2023,annomate,zenodo.7828148-v1-251019-1,svl_label,1,"Paridae_Hypocnemis_hypoxantha,8",,
jeantet-dufourq-2023,annomate,zenodo.7828148-v1-251019-2,svl_label,1,"Paridae_Hypocnemis_hypoxantha,8",,
jeantet-dufourq-2023,annomate,zenodo.7828148-v1-251019-3,svl_label,1,"Paridae_Hypocnemis_hypoxantha,8",,
jeantet-dufourq-2023,annomate,zenodo.7828148-v1-251019-4,svl_label,1,"Paridae_Hypocnemis_hypoxantha,8",,
jeantet-dufourq-2023,annomate,zenodo.7828148-v1-251019-5,svl_label,1,"Paridae_Hypocnemis_hypoxantha,8",,
jeantet-dufourq-2023,annomate,zenodo.7828148-v1-251019-6,svl_label,1,"Paridae_Hypocnemis_hypoxantha,8",,
jeantet-dufourq-2023,annomate,zenodo.7828148-v1-251019-7,svl_label,1,"Paridae_Hypocnemis_hypoxantha,8",,
jeantet-dufourq-2023,annomate,zenodo.7828148-v1-251019-8,svl_label,1,"Paridae_Hypocnemis_hypoxantha,8",,
jeantet-dufourq-2023,annomate,zenodo.7828148-v1-251019-9,svl_label,1,"Paridae_Hypocnemis_hypoxantha,8",,
jeantet-dufourq-2023,annomate,zenodo.7828148-v1-251019-10,svl_label,1,"Paridae_Hypocnemis_hypoxantha,8",,
jeantet-dufourq-2023,annomate,zenodo.7828148-v1-251019-11,svl_label,1,"Paridae_Hypocnemis_hypoxantha,8",,
jeantet-dufourq-2023,annomate,zenodo.7828148-v1-251019-12,svl_label,1,"Paridae_Hypocnemis_hypoxantha,8",,
jeantet-dufourq-2023,annomate,zenodo.7828148-v1-251019-13,svl_label,1,"Paridae_Hypocnemis_hypoxantha,8",,
jeantet-dufourq-2023,annomate,zenodo.7828148-v1-251019-14,svl_label,1,"Paridae_Hypocnemis_hypoxantha,8",,
jeantet-dufourq-2023,annomate,zenodo.7828148-v1-252050-1,svl_label,1,"Paridae_Hypocnemis_striata,9",,
jeantet-dufourq-2023,annomate,zenodo.7828148-v1-252050-2,svl_label,1,"Paridae_Hypocnemis_striata,9",,
jeantet-dufourq-2023,annomate,zenodo.7828148-v1-252050-3,svl_label,1,"Paridae_Hypocnemis_striata,9",,
jeantet-dufourq-2023,annomate,zenodo.7828148-v1-252050-4,svl_label,1,"Paridae_Hypocnemis_striata,9",,
jeantet-dufourq-2023,annomate,zenodo.7828148-v1-252078-1,svl_label,1,"Paridae_Hypocnemis_striata,9",,
jeantet-dufourq-2023,annomate,zenodo.7828148-v1-252078-2,svl_label,1,"Paridae_Hypocnemis_striata,9",,
jeantet-dufourq-2023,annomate,zenodo.7828148-v1-252078-3,svl_label,1,"Paridae_Hypocnemis_striata,9",,
jeantet-dufourq-2023,annomate,zenodo.7828148-v1-252330-1,svl_label,1,"Turdidae_Catharus_aurantiirostris,9",,
jeantet-dufourq-2023,annomate,zenodo.7828148-v1-253259-1,svl_label,1,"Paridae_Saxicola_rubicola,9",,
jeantet-dufourq-2023,annomate,zenodo.7828148-v1-253259-2,svl_label,1,"Paridae_Saxicola_rubicola,9",,
jeantet-dufourq-2023,annomate,zenodo.7828148-v1-253259-3,svl_label,1,"Paridae_Saxicola_rubicola,9",,
jeantet-dufourq-2023,annomate,zenodo.7828148-v1-253259-4,svl_label,1,"Paridae_Saxicola_rubicola,9",,
jeantet-dufourq-2023,annomate,zenodo.7828148-v1-253259-5,svl_label,1,"Paridae_Saxicola_rubicola,9",,
jeantet-dufourq-2023,annomate,zenodo.7828148-v1-253259-6,svl_label,1,"Paridae_Saxicola_rubicola,9",,
jeantet-dufourq-2023,annomate,zenodo.7828148-v1-253319-1,svl_label,1,"Troglodytidae_Troglodytes_aedon,9",,
jeantet-dufourq-2023,annomate,zenodo.7828148-v1-253319-2,svl_label,1,"Troglodytidae_Troglodytes_aedon,9",,
jeantet-dufourq-2023,annomate,zenodo.7828148-v1-253319-3,svl_label,1,"Troglodytidae_Troglodytes_aedon,9",,
jeantet-dufourq-2023,annomate,zenodo.7828148-v1-253319-4,svl_label,1,"Troglodytidae_Troglodytes_aedon,9",,
jeantet-dufourq-2023,annomate,zenodo.7828148-v1-253319-5,svl_label,1,"Troglodytidae_Troglodytes_aedon,9",,
jeantet-dufourq-2023,annomate,zenodo.7828148-v1-253319-6,svl_label,1,"Troglodytidae_Troglodytes_aedon,9",,
jeantet-dufourq-2023,annomate,zenodo.7828148-v1-253319-7,svl_label,1,"Troglodytidae_Troglodytes_aedon,9",,
jeantet-dufourq-2023,annomate,zenodo.7828148-v1-253319-8,svl_label,1,"Troglodytidae_Troglodytes_aedon,9",,
jeantet-dufourq-2023,annomate,zenodo.7828148-v1-253319-9,svl_label,1,"Troglodytidae_Troglodytes_aedon,9",,
jeantet-dufourq-2023,annomate,zenodo.7828148-v1-253319-10,svl_label,1,"Troglodytidae_Troglodytes_aedon,9",,
jeantet-dufourq-2023,annomate,zenodo.7828148-v1-253319-11,svl_label,1,"Troglodytidae_Troglodytes_aedon,9",,
jeantet-dufourq-2023,annomate,zenodo.7828148-v1-253319-12,svl_label,1,"Troglodytidae_Troglodytes_aedon,9",,
jeantet-dufourq-2023,annomate,zenodo.7828148-v1-253319-13,svl_label,1,"Troglodytidae_Troglodytes_aedon,9",,
jeantet-dufourq-2023,annomate,zenodo.7828148-v1-253319-14,svl_label,1,"Troglodytidae_Troglodytes_aedon,9",,
jeantet-dufourq-2023,annomate,zenodo.7828148-v1-253319-15,svl_label,1,"Troglodytidae_Troglodytes_aedon,9",,
jeantet-dufourq-2023,annomate,zenodo.7828148-v1-256140-1,svl_label,1,"Turdidae_Catharus_aurantiirostris,8",,
jeantet-dufourq-2023,annomate,zenodo.7828148-v1-256140-2,svl_label,1,"Turdidae_Catharus_aurantiirostris,8",,
jeantet-dufourq-2023,annomate,zenodo.7828148-v1-256140-3,svl_label,1,"Turdidae_Catharus_aurantiirostris,8",,
jeantet-dufourq-2023,annomate,zenodo.7828148-v1-256140-4,svl_label,1,"Turdidae_Catharus_aurantiirostris,8",,
jeantet-dufourq-2023,annomate,zenodo.7828148-v1-258476-1,svl_label,1,"Paridae_Hypocnemis_peruviana,9",,
jeantet-dufourq-2023,annomate,zenodo.7828148-v1-258476-2,svl_label,1,"Paridae_Hypocnemis_peruviana,9",,
jeantet-dufourq-2023,annomate,zenodo.7828148-v1-258477-1,svl_label,1,"Paridae_Hypocnemis_peruviana,9",,
jeantet-dufourq-2023,annomate,zenodo.7828148-v1-258477-2,svl_label,1,"Paridae_Hypocnemis_peruviana,9",,
jeantet-dufourq-2023,annomate,zenodo.7828148-v1-258477-3,svl_label,1,"Paridae_Hypocnemis_peruviana,9",,
jeantet-dufourq-2023,annomate,zenodo.7828148-v1-258477-4,svl_label,1,"Paridae_Hypocnemis_peruviana,9",,
jeantet-dufourq-2023,annomate,zenodo.7828148-v1-259183-1,svl_label,1,"Turdidae_Catharus_fuscater,9",,
jeantet-dufourq-2023,annomate,zenodo.7828148-v1-259183-2,svl_label,1,"Turdidae_Catharus_fuscater,9",,
jeantet-dufourq-2023,annomate,zenodo.7828148-v1-259183-3,svl_label,1,"Turdidae_Catharus_fuscater,9",,
jeantet-dufourq-2023,annomate,zenodo.7828148-v1-259183-4,svl_label,1,"Turdidae_Catharus_fuscater,9",,
jeantet-dufourq-2023,annomate,zenodo.7828148-v1-259183-5,svl_label,1,"Turdidae_Catharus_fuscater,9",,
jeantet-dufourq-2023,annomate,zenodo.7828148-v1-259183-6,svl_label,1,"Turdidae_Catharus_fuscater,9",,
jeantet-dufourq-2023,annomate,zenodo.7828148-v1-259183-7,svl_label,1,"Turdidae_Catharus_fuscater,9",,
jeantet-dufourq-2023,annomate,zenodo.7828148-v1-259183-8,svl_label,1,"Turdidae_Catharus_fuscater,9",,
jeantet-dufourq-2023,annomate,zenodo.7828148-v1-259183-9,svl_label,1,"Turdidae_Catharus_fuscater,9",,
jeantet-dufourq-2023,annomate,zenodo.7828148-v1-259360-1,svl_label,1,"Troglodytidae_Troglodytes_aedon,9",,
jeantet-dufourq-2023,annomate,zenodo.7828148-v1-259360-2,svl_label,1,"Troglodytidae_Troglodytes_aedon,9",,
jeantet-dufourq-2023,annomate,zenodo.7828148-v1-259360-3,svl_label,1,"Troglodytidae_Troglodytes_aedon,9",,
jeantet-dufourq-2023,annomate,zenodo.7828148-v1-259360-4,svl_label,1,"Troglodytidae_Troglodytes_aedon,9",,
jeantet-dufourq-2023,annomate,zenodo.7828148-v1-259361-1,svl_label,1,"Troglodytidae_Troglodytes_aedon,8",,
jeantet-dufourq-2023,annomate,zenodo.7828148-v1-259361-2,svl_label,1,"Troglodytidae_Troglodytes_aedon,8",,
jeantet-dufourq-2023,annomate,zenodo.7828148-v1-259361-3,svl_label,1,"Troglodytidae_Troglodytes_aedon,8",,
jeantet-dufourq-2023,annomate,zenodo.7828148-v1-259361-4,svl_label,1,"Troglodytidae_Troglodytes_aedon,8",,
jeantet-dufourq-2023,annomate,zenodo.7828148-v1-259362-1,svl_label,1,"Troglodytidae_Troglodytes_aedon,8",,
jeantet-dufourq-2023,annomate,zenodo.7828148-v1-259362-2,svl_label,1,"Troglodytidae_Troglodytes_aedon,8",,
jeantet-dufourq-2023,annomate,zenodo.7828148-v1-259362-3,svl_label,1,"Troglodytidae_Troglodytes_aedon,8",,
jeantet-dufourq-2023,annomate,zenodo.7828148-v1-259363-1,svl_label,1,"Troglodytidae_Troglodytes_aedon,8",,
jeantet-dufourq-2023,annomate,zenodo.7828148-v1-259363-2,svl_label,1,"Troglodytidae_Troglodytes_aedon,8",,
jeantet-dufourq-2023,annomate,zenodo.7828148-v1-259363-3,svl_label,1,"Troglodytidae_Troglodytes_aedon,8",,
jeantet-dufourq-2023,annomate,zenodo.7828148-v1-259363-4,svl_label,1,"Troglodytidae_Troglodytes_aedon,8",,
jeantet-dufourq-2023,annomate,zenodo.7828148-v1-259363-5,svl_label,1,"Troglodytidae_Troglodytes_aedon,8",,
jeantet-dufourq-2023,annomate,zenodo.7828148-v1-259364-1,svl_label,1,"Troglodytidae_Troglodytes_aedon,9",,
jeantet-dufourq-2023,annomate,zenodo.7828148-v1-259364-2,svl_label,1,"Troglodytidae_Troglodytes_aedon,9",,
jeantet-dufourq-2023,annomate,zenodo.7828148-v1-259364-3,svl_label,1,"Troglodytidae_Troglodytes_aedon,9",,
jeantet-dufourq-2023,annomate,zenodo.7828148-v1-259364-4,svl_label,1,"Troglodytidae_Troglodytes_aedon,9",,
jeantet-dufourq-2023,annomate,zenodo.7828148-v1-259366-1,svl_label,1,"Troglodytidae_Troglodytes_aedon,8",,
jeantet-dufourq-2023,annomate,zenodo.7828148-v1-259366-2,svl_label,1,"Troglodytidae_Troglodytes_aedon,8",,
jeantet-dufourq-2023,annomate,zenodo.7828148-v1-259366-3,svl_label,1,"Troglodytidae_Troglodytes_aedon,8",,
jeantet-dufourq-2023,annomate,zenodo.7828148-v1-259368-1,svl_label,1,"Troglodytidae_Troglodytes_aedon,9",,
jeantet-dufourq-2023,annomate,zenodo.7828148-v1-259368-2,svl_label,1,"Troglodytidae_Troglodytes_aedon,9",,
jeantet-dufourq-2023,annomate,zenodo.7828148-v1-259368-3,svl_label,1,"Troglodytidae_Troglodytes_aedon,9",,
jeantet-dufourq-2023,annomate,zenodo.7828148-v1-260806-1,svl_label,1,"Paridae_Hypocnemis_hypoxantha,9",,
jeantet-dufourq-2023,annomate,zenodo.7828148-v1-260806-2,svl_label,1,"Paridae_Hypocnemis_hypoxantha,9",,
jeantet-dufourq-2023,annomate,zenodo.7828148-v1-260806-3,svl_label,1,"Paridae_Hypocnemis_hypoxantha,9",,
jeantet-dufourq-2023,annomate,zenodo.7828148-v1-260806-4,svl_label,1,"Paridae_Hypocnemis_hypoxantha,9",,
jeantet-dufourq-2023,annomate,zenodo.7828148-v1-260806-5,svl_label,1,"Paridae_Hypocnemis_hypoxantha,9",,
jeantet-dufourq-2023,annomate,zenodo.7828148-v1-26220-1,svl_label,1,"Paridae_Saxicola_tectes,9",,
jeantet-dufourq-2023,annomate,zenodo.7828148-v1-26220-2,svl_label,1,"Paridae_Saxicola_tectes,9",,
jeantet-dufourq-2023,annomate,zenodo.7828148-v1-26220-3,svl_label,1,"Paridae_Saxicola_tectes,9",,
jeantet-dufourq-2023,annomate,zenodo.7828148-v1-262414-1,svl_label,1,"Troglodytidae_Troglodytes_aedon,9",,
jeantet-dufourq-2023,annomate,zenodo.7828148-v1-262414-2,svl_label,1,"Troglodytidae_Troglodytes_aedon,9",,
jeantet-dufourq-2023,annomate,zenodo.7828148-v1-263416-1,svl_label,1,"Turdidae_Catharus_aurantiirostris,9",,
jeantet-dufourq-2023,annomate,zenodo.7828148-v1-263416-2,svl_label,1,"Turdidae_Catharus_aurantiirostris,9",,
jeantet-dufourq-2023,annomate,zenodo.7828148-v1-263416-3,svl_label,1,"Turdidae_Catharus_aurantiirostris,9",,
jeantet-dufourq-2023,annomate,zenodo.7828148-v1-263416-4,svl_label,1,"Turdidae_Catharus_aurantiirostris,9",,
jeantet-dufourq-2023,annomate,zenodo.7828148-v1-263416-5,svl_label,1,"Turdidae_Catharus_aurantiirostris,9",,
jeantet-dufourq-2023,annomate,zenodo.7828148-v1-263416-6,svl_label,1,"Turdidae_Catharus_aurantiirostris,9",,
jeantet-dufourq-2023,annomate,zenodo.7828148-v1-263416-7,svl_label,1,"Turdidae_Catharus_aurantiirostris,9",,
jeantet-dufourq-2023,annomate,zenodo.7828148-v1-263416-8,svl_label,1,"Turdidae_Catharus_aurantiirostris,9",,
jeantet-dufourq-2023,annomate,zenodo.7828148-v1-263416-9,svl_label,1,"Turdidae_Catharus_aurantiirostris,9",,
jeantet-dufourq-2023,annomate,zenodo.7828148-v1-263416-10,svl_label,1,"Turdidae_Catharus_aurantiirostris,9",,
jeantet-dufourq-2023,annomate,zenodo.7828148-v1-265809-1,svl_label,1,"Troglodytidae_Troglodytes_aedon,9",,
jeantet-dufourq-2023,annomate,zenodo.7828148-v1-265809-2,svl_label,1,"Troglodytidae_Troglodytes_aedon,9",,
jeantet-dufourq-2023,annomate,zenodo.7828148-v1-265809-3,svl_label,1,"Troglodytidae_Troglodytes_aedon,9",,
jeantet-dufourq-2023,annomate,zenodo.7828148-v1-265809-4,svl_label,1,"Troglodytidae_Troglodytes_aedon,9",,
jeantet-dufourq-2023,annomate,zenodo.7828148-v1-265809-5,svl_label,1,"Troglodytidae_Troglodytes_aedon,9",,
jeantet-dufourq-2023,annomate,zenodo.7828148-v1-265809-6,svl_label,1,"Troglodytidae_Troglodytes_aedon,9",,
jeantet-dufourq-2023,annomate,zenodo.7828148-v1-266693-1,svl_label,1,"Paridae_Saxicola_rubetra,9",,
jeantet-dufourq-2023,annomate,zenodo.7828148-v1-266693-2,svl_label,1,"Paridae_Saxicola_rubetra,9",,
jeantet-dufourq-2023,annomate,zenodo.7828148-v1-266693-3,svl_label,1,"Paridae_Saxicola_rubetra,9",,
jeantet-dufourq-2023,annomate,zenodo.7828148-v1-266693-4,svl_label,1,"Paridae_Saxicola_rubetra,9",,
jeantet-dufourq-2023,annomate,zenodo.7828148-v1-266693-5,svl_label,1,"Paridae_Saxicola_rubetra,9",,
jeantet-dufourq-2023,annomate,zenodo.7828148-v1-266693-6,svl_label,1,"Paridae_Saxicola_rubetra,9",,
jeantet-dufourq-2023,annomate,zenodo.7828148-v1-266693-7,svl_label,1,"Paridae_Saxicola_rubetra,9",,
jeantet-dufourq-2023,annomate,zenodo.7828148-v1-266693-8,svl_label,1,"Paridae_Saxicola_rubetra,9",,
jeantet-dufourq-2023,annomate,zenodo.7828148-v1-266693-9,svl_label,1,"Paridae_Saxicola_rubetra,9",,
jeantet-dufourq-2023,annomate,zenodo.7828148-v1-266693-10,svl_label,1,"Paridae_Saxicola_rubetra,9",,
jeantet-dufourq-2023,annomate,zenodo.7828148-v1-266693-11,svl_label,1,"Paridae_Saxicola_rubetra,9",,
jeantet-dufourq-2023,annomate,zenodo.7828148-v1-266693-12,svl_label,1,"Paridae_Saxicola_rubetra,9",,
jeantet-dufourq-2023,annomate,zenodo.7828148-v1-266693-13,svl_label,1,"Paridae_Saxicola_rubetra,9",,
jeantet-dufourq-2023,annomate,zenodo.7828148-v1-266693-14,svl_label,1,"Paridae_Saxicola_rubetra,9",,
jeantet-dufourq-2023,annomate,zenodo.7828148-v1-266693-15,svl_label,1,"Paridae_Saxicola_rubetra,9",,
jeantet-dufourq-2023,annomate,zenodo.7828148-v1-266693-16,svl_label,1,"Paridae_Saxicola_rubetra,9",,
jeantet-dufourq-2023,annomate,zenodo.7828148-v1-266693-17,svl_label,1,"Paridae_Saxicola_rubetra,9",,
jeantet-dufourq-2023,annomate,zenodo.7828148-v1-266693-18,svl_label,1,"Paridae_Saxicola_rubetra,9",,
jeantet-dufourq-2023,annomate,zenodo.7828148-v1-266693-19,svl_label,1,"Paridae_Saxicola_rubetra,9",,
jeantet-dufourq-2023,annomate,zenodo.7828148-v1-266693-20,svl_label,1,"Paridae_Saxicola_rubetra,9",,
jeantet-dufourq-2023,annomate,zenodo.7828148-v1-268050-1,svl_label,1,"Paridae_Saxicola_gutturalis,9",,
jeantet-dufourq-2023,annomate,zenodo.7828148-v1-268050-2,svl_label,1,"Paridae_Saxicola_gutturalis,9",,
jeantet-dufourq-2023,annomate,zenodo.7828148-v1-268050-3,svl_label,1,"Paridae_Saxicola_gutturalis,8",,
jeantet-dufourq-2023,annomate,zenodo.7828148-v1-268050-4,svl_label,1,"Paridae_Saxicola_gutturalis,9",,
jeantet-dufourq-2023,annomate,zenodo.7828148-v1-268050-5,svl_label,1,"Paridae_Saxicola_gutturalis,8",,
jeantet-dufourq-2023,annomate,zenodo.7828148-v1-269024-1,svl_label,1,"Turdidae_Catharus_ustulatus,9",,
jeantet-dufourq-2023,annomate,zenodo.7828148-v1-269024-2,svl_label,1,"Turdidae_Catharus_ustulatus,9",,
jeantet-dufourq-2023,annomate,zenodo.7828148-v1-269024-3,svl_label,1,"Turdidae_Catharus_ustulatus,9",,
jeantet-dufourq-2023,annomate,zenodo.7828148-v1-269024-4,svl_label,1,"Turdidae_Catharus_ustulatus,9",,
jeantet-dufourq-2023,annomate,zenodo.7828148-v1-269024-5,svl_label,1,"Turdidae_Catharus_ustulatus,9",,
jeantet-dufourq-2023,annomate,zenodo.7828148-v1-269024-6,svl_label,1,"Turdidae_Catharus_ustulatus,9",,
jeantet-dufourq-2023,annomate,zenodo.7828148-v1-269024-7,svl_label,1,"Turdidae_Catharus_ustulatus,9",,
jeantet-dufourq-2023,annomate,zenodo.7828148-v1-269024-8,svl_label,1,"Turdidae_Catharus_ustulatus,9",,
jeantet-dufourq-2023,annomate,zenodo.7828148-v1-269024-9,svl_label,1,"Turdidae_Catharus_ustulatus,9",,
jeantet-dufourq-2023,annomate,zenodo.7828148-v1-269024-10,svl_label,1,"Turdidae_Catharus_ustulatus,9",,
jeantet-dufourq-2023,annomate,zenodo.7828148-v1-269024-11,svl_label,1,"Turdidae_Catharus_ustulatus,9",,
jeantet-dufourq-2023,annomate,zenodo.7828148-v1-269027-1,svl_label,1,"Turdidae_Catharus_ustulatus,9",,
jeantet-dufourq-2023,annomate,zenodo.7828148-v1-269027-2,svl_label,1,"Turdidae_Catharus_ustulatus,9",,
jeantet-dufourq-2023,annomate,zenodo.7828148-v1-269027-3,svl_label,1,"Turdidae_Catharus_ustulatus,9",,
jeantet-dufourq-2023,annomate,zenodo.7828148-v1-269027-4,svl_label,1,"Turdidae_Catharus_ustulatus,9",,
jeantet-dufourq-2023,annomate,zenodo.7828148-v1-26975-1,svl_label,1,"Paridae_Hypocnemis_hypoxantha,8",,
jeantet-dufourq-2023,annomate,zenodo.7828148-v1-26975-2,svl_label,1,"Paridae_Hypocnemis_hypoxantha,8",,
jeantet-dufourq-2023,annomate,zenodo.7828148-v1-26975-3,svl_label,1,"Paridae_Hypocnemis_hypoxantha,8",,
jeantet-dufourq-2023,annomate,zenodo.7828148-v1-26975-4,svl_label,1,"Paridae_Hypocnemis_hypoxantha,8",,
jeantet-dufourq-2023,annomate,zenodo.7828148-v1-26975-5,svl_label,1,"Paridae_Hypocnemis_hypoxantha,8",,
jeantet-dufourq-2023,annomate,zenodo.7828148-v1-26975-6,svl_label,1,"Paridae_Hypocnemis_hypoxantha,8",,
jeantet-dufourq-2023,annomate,zenodo.7828148-v1-270061-1,svl_label,1,"Paridae_Saxicola_rubetra,9",,
jeantet-dufourq-2023,annomate,zenodo.7828148-v1-270061-2,svl_label,1,"Paridae_Saxicola_rubetra,9",,
jeantet-dufourq-2023,annomate,zenodo.7828148-v1-270061-3,svl_label,1,"Paridae_Saxicola_rubetra,9",,
jeantet-dufourq-2023,annomate,zenodo.7828148-v1-270061-4,svl_label,1,"Paridae_Saxicola_rubetra,9",,
jeantet-dufourq-2023,annomate,zenodo.7828148-v1-270061-5,svl_label,1,"Paridae_Saxicola_rubetra,9",,
jeantet-dufourq-2023,annomate,zenodo.7828148-v1-270064-1,svl_label,1,"Paridae_Saxicola_rubetra,9",,
jeantet-dufourq-2023,annomate,zenodo.7828148-v1-270064-2,svl_label,1,"Paridae_Saxicola_rubetra,9",,
jeantet-dufourq-2023,annomate,zenodo.7828148-v1-270064-3,svl_label,1,"Paridae_Saxicola_rubetra,9",,
jeantet-dufourq-2023,annomate,zenodo.7828148-v1-270064-4,svl_label,1,"Paridae_Saxicola_rubetra,9",,
jeantet-dufourq-2023,annomate,zenodo.7828148-v1-270064-5,svl_label,1,"Paridae_Saxicola_rubetra,9",,
jeantet-dufourq-2023,annomate,zenodo.7828148-v1-270064-6,svl_label,1,"Paridae_Saxicola_rubetra,9",,
jeantet-dufourq-2023,annomate,zenodo.7828148-v1-270064-7,svl_label,1,"Paridae_Saxicola_rubetra,9",,
jeantet-dufourq-2023,annomate,zenodo.7828148-v1-270064-8,svl_label,1,"Paridae_Saxicola_rubetra,9",,
jeantet-dufourq-2023,annomate,zenodo.7828148-v1-270064-9,svl_label,1,"Paridae_Saxicola_rubetra,9",,
jeantet-dufourq-2023,annomate,zenodo.7828148-v1-270064-10,svl_label,1,"Paridae_Saxicola_rubetra,9",,
jeantet-dufourq-2023,annomate,zenodo.7828148-v1-270065-1,svl_label,1,"Paridae_Saxicola_rubetra,9",,
jeantet-dufourq-2023,annomate,zenodo.7828148-v1-270065-2,svl_label,1,"Paridae_Saxicola_rubetra,9",,
jeantet-dufourq-2023,annomate,zenodo.7828148-v1-270065-3,svl_label,1,"Paridae_Saxicola_rubetra,9",,
jeantet-dufourq-2023,annomate,zenodo.7828148-v1-270065-4,svl_label,1,"Paridae_Saxicola_rubetra,9",,
jeantet-dufourq-2023,annomate,zenodo.7828148-v1-270065-5,svl_label,1,"Paridae_Saxicola_rubetra,9",,
jeantet-dufourq-2023,annomate,zenodo.7828148-v1-270065-6,svl_label,1,"Paridae_Saxicola_rubetra,9",,
jeantet-dufourq-2023,annomate,zenodo.7828148-v1-270065-7,svl_label,1,"Paridae_Saxicola_rubetra,9",,
jeantet-dufourq-2023,annomate,zenodo.7828148-v1-270065-8,svl_label,1,"Paridae_Saxicola_rubetra,9",,
jeantet-dufourq-2023,annomate,zenodo.7828148-v1-270065-9,svl_label,1,"Paridae_Saxicola_rubetra,9",,
jeantet-dufourq-2023,annomate,zenodo.7828148-v1-270065-10,svl_label,1,"Paridae_Saxicola_rubetra,9",,
jeantet-dufourq-2023,annomate,zenodo.7828148-v1-270065-11,svl_label,1,"Paridae_Saxicola_rubetra,9",,
jeantet-dufourq-2023,annomate,zenodo.7828148-v1-270065-12,svl_label,1,"Paridae_Saxicola_rubetra,9",,
jeantet-dufourq-2023,annomate,zenodo.7828148-v1-270065-13,svl_label,1,"Paridae_Saxicola_rubetra,9",,
jeantet-dufourq-2023,annomate,zenodo.7828148-v1-270065-14,svl_label,1,"Paridae_Saxicola_rubetra,9",,
jeantet-dufourq-2023,annomate,zenodo.7828148-v1-270065-15,svl_label,1,"Paridae_Saxicola_rubetra,9",,
jeantet-dufourq-2023,annomate,zenodo.7828148-v1-270065-16,svl_label,1,"Paridae_Saxicola_rubetra,9",,
jeantet-dufourq-2023,annomate,zenodo.7828148-v1-270065-17,svl_label,1,"Paridae_Saxicola_rubetra,9",,
jeantet-dufourq-2023,annomate,zenodo.7828148-v1-270065-18,svl_label,1,"Paridae_Saxicola_rubetra,9",,
jeantet-dufourq-2023,annomate,zenodo.7828148-v1-270065-19,svl_label,1,"Paridae_Saxicola_rubetra,9",,
jeantet-dufourq-2023,annomate,zenodo.7828148-v1-270065-20,svl_label,1,"Paridae_Saxicola_rubetra,9",,
jeantet-dufourq-2023,annomate,zenodo.7828148-v1-270065-21,svl_label,1,"Paridae_Saxicola_rubetra,9",,
jeantet-dufourq-2023,annomate,zenodo.7828148-v1-270065-22,svl_label,1,"Paridae_Saxicola_rubetra,9",,
jeantet-dufourq-2023,annomate,zenodo.7828148-v1-270065-23,svl_label,1,"Paridae_Saxicola_rubetra,9",,
jeantet-dufourq-2023,annomate,zenodo.7828148-v1-270065-24,svl_label,1,"Paridae_Saxicola_rubetra,9",,
jeantet-dufourq-2023,annomate,zenodo.7828148-v1-270065-25,svl_label,1,"Paridae_Saxicola_rubetra,9",,
jeantet-dufourq-2023,annomate,zenodo.7828148-v1-270065-26,svl_label,1,"Paridae_Saxicola_rubetra,9",,
jeantet-dufourq-2023,annomate,zenodo.7828148-v1-270065-27,svl_label,1,"Paridae_Saxicola_rubetra,9",,
jeantet-dufourq-2023,annomate,zenodo.7828148-v1-270065-28,svl_label,1,"Paridae_Saxicola_rubetra,9",,
jeantet-dufourq-2023,annomate,zenodo.7828148-v1-270065-29,svl_label,1,"Paridae_Saxicola_rubetra,9",,
jeantet-dufourq-2023,annomate,zenodo.7828148-v1-270065-30,svl_label,1,"Paridae_Saxicola_rubetra,9",,
jeantet-dufourq-2023,annomate,zenodo.7828148-v1-270065-31,svl_label,1,"Paridae_Saxicola_rubetra,9",,
jeantet-dufourq-2023,annomate,zenodo.7828148-v1-270065-32,svl_label,1,"Paridae_Saxicola_rubetra,9",,
jeantet-dufourq-2023,annomate,zenodo.7828148-v1-270065-33,svl_label,1,"Paridae_Saxicola_rubetra,9",,
jeantet-dufourq-2023,annomate,zenodo.7828148-v1-270065-34,svl_label,1,"Paridae_Saxicola_rubetra,9",,
jeantet-dufourq-2023,annomate,zenodo.7828148-v1-270065-35,svl_label,1,"Paridae_Saxicola_rubetra,9",,
jeantet-dufourq-2023,annomate,zenodo.7828148-v1-270065-36,svl_label,1,"Paridae_Saxicola_rubetra,9",,
jeantet-dufourq-2023,annomate,zenodo.7828148-v1-270065-37,svl_label,1,"Paridae_Saxicola_rubetra,9",,
jeantet-dufourq-2023,annomate,zenodo.7828148-v1-270065-38,svl_label,1,"Paridae_Saxicola_rubetra,9",,
jeantet-dufourq-2023,annomate,zenodo.7828148-v1-270065-39,svl_label,1,"Paridae_Saxicola_rubetra,9",,
jeantet-dufourq-2023,annomate,zenodo.7828148-v1-270065-40,svl_label,1,"Paridae_Saxicola_rubetra,9",,
jeantet-dufourq-2023,annomate,zenodo.7828148-v1-270363-1,svl_label,1,"Paridae_Saxicola_rubetra,9",,
jeantet-dufourq-2023,annomate,zenodo.7828148-v1-270363-2,svl_label,1,"Paridae_Saxicola_rubetra,9",,
jeantet-dufourq-2023,annomate,zenodo.7828148-v1-270363-3,svl_label,1,"Paridae_Saxicola_rubetra,9",,
jeantet-dufourq-2023,annomate,zenodo.7828148-v1-270363-4,svl_label,1,"Paridae_Saxicola_rubetra,9",,
jeantet-dufourq-2023,annomate,zenodo.7828148-v1-270363-5,svl_label,1,"Paridae_Saxicola_rubetra,9",,
jeantet-dufourq-2023,annomate,zenodo.7828148-v1-270363-6,svl_label,1,"Paridae_Saxicola_rubetra,9",,
jeantet-dufourq-2023,annomate,zenodo.7828148-v1-270365-1,svl_label,1,"Paridae_Saxicola_rubetra,9",,
jeantet-dufourq-2023,annomate,zenodo.7828148-v1-270365-2,svl_label,1,"Paridae_Saxicola_rubetra,9",,
jeantet-dufourq-2023,annomate,zenodo.7828148-v1-270365-3,svl_label,1,"Paridae_Saxicola_rubetra,9",,
jeantet-dufourq-2023,annomate,zenodo.7828148-v1-270365-4,svl_label,1,"Paridae_Saxicola_rubetra,9",,
jeantet-dufourq-2023,annomate,zenodo.7828148-v1-270365-5,svl_label,1,"Paridae_Saxicola_rubetra,9",,
jeantet-dufourq-2023,annomate,zenodo.7828148-v1-270365-6,svl_label,1,"Paridae_Saxicola_rubetra,9",,
jeantet-dufourq-2023,annomate,zenodo.7828148-v1-270365-7,svl_label,1,"Paridae_Saxicola_rubetra,9",,
jeantet-dufourq-2023,annomate,zenodo.7828148-v1-270365-8,svl_label,1,"Paridae_Saxicola_rubetra,9",,
jeantet-dufourq-2023,annomate,zenodo.7828148-v1-270365-9,svl_label,1,"Paridae_Saxicola_rubetra,9",,
jeantet-dufourq-2023,annomate,zenodo.7828148-v1-270365-10,svl_label,1,"Paridae_Saxicola_rubetra,9",,
jeantet-dufourq-2023,annomate,zenodo.7828148-v1-270365-11,svl_label,1,"Paridae_Saxicola_rubetra,9",,
jeantet-dufourq-2023,annomate,zenodo.7828148-v1-270738-1,svl_label,1,"Paridae_Hypocnemis_hypoxantha,9",,
jeantet-dufourq-2023,annomate,zenodo.7828148-v1-270738-2,svl_label,1,"Paridae_Hypocnemis_hypoxantha,9",,
jeantet-dufourq-2023,annomate,zenodo.7828148-v1-270738-3,svl_label,1,"Paridae_Hypocnemis_hypoxantha,9",,
jeantet-dufourq-2023,annomate,zenodo.7828148-v1-270738-4,svl_label,1,"Paridae_Hypocnemis_hypoxantha,9",,
jeantet-dufourq-2023,annomate,zenodo.7828148-v1-270738-5,svl_label,1,"Paridae_Hypocnemis_hypoxantha,9",,
jeantet-dufourq-2023,annomate,zenodo.7828148-v1-270739-1,svl_label,1,"Paridae_Hypocnemis_hypoxantha,8",,
jeantet-dufourq-2023,annomate,zenodo.7828148-v1-270739-2,svl_label,1,"Paridae_Hypocnemis_hypoxantha,9",,
jeantet-dufourq-2023,annomate,zenodo.7828148-v1-270739-3,svl_label,1,"Paridae_Hypocnemis_hypoxantha,9",,
jeantet-dufourq-2023,annomate,zenodo.7828148-v1-270739-4,svl_label,1,"Paridae_Hypocnemis_hypoxantha,8",,
jeantet-dufourq-2023,annomate,zenodo.7828148-v1-270740-1,svl_label,1,"Paridae_Hypocnemis_hypoxantha,8",,
jeantet-dufourq-2023,annomate,zenodo.7828148-v1-270740-2,svl_label,1,"Paridae_Hypocnemis_hypoxantha,8",,
jeantet-dufourq-2023,annomate,zenodo.7828148-v1-270740-3,svl_label,1,"Paridae_Hypocnemis_hypoxantha,8",,
jeantet-dufourq-2023,annomate,zenodo.7828148-v1-270741-1,svl_label,1,"Paridae_Hypocnemis_hypoxantha,8",,
jeantet-dufourq-2023,annomate,zenodo.7828148-v1-270741-2,svl_label,1,"Paridae_Hypocnemis_hypoxantha,8",,
jeantet-dufourq-2023,annomate,zenodo.7828148-v1-270741-3,svl_label,1,"Paridae_Hypocnemis_hypoxantha,8",,
jeantet-dufourq-2023,annomate,zenodo.7828148-v1-270741-4,svl_label,1,"Paridae_Hypocnemis_hypoxantha,8",,
jeantet-dufourq-2023,annomate,zenodo.7828148-v1-270741-5,svl_label,1,"Paridae_Hypocnemis_hypoxantha,8",,
jeantet-dufourq-2023,annomate,zenodo.7828148-v1-270741-6,svl_label,1,"Paridae_Hypocnemis_hypoxantha,8",,
jeantet-dufourq-2023,annomate,zenodo.7828148-v1-270741-7,svl_label,1,"Paridae_Hypocnemis_hypoxantha,8",,
jeantet-dufourq-2023,annomate,zenodo.7828148-v1-271141-1,svl_label,1,"Turdidae_Catharus_aurantiirostris,9",,
jeantet-dufourq-2023,annomate,zenodo.7828148-v1-271141-2,svl_label,1,"Turdidae_Catharus_aurantiirostris,9",,
jeantet-dufourq-2023,annomate,zenodo.7828148-v1-271141-3,svl_label,1,"Turdidae_Catharus_aurantiirostris,9",,
jeantet-dufourq-2023,annomate,zenodo.7828148-v1-271141-4,svl_label,1,"Turdidae_Catharus_aurantiirostris,9",,
jeantet-dufourq-2023,annomate,zenodo.7828148-v1-271141-5,svl_label,1,"Turdidae_Catharus_aurantiirostris,9",,
jeantet-dufourq-2023,annomate,zenodo.7828148-v1-271141-6,svl_label,1,"Turdidae_Catharus_aurantiirostris,9",,
jeantet-dufourq-2023,annomate,zenodo.7828148-v1-271141-7,svl_label,1,"Turdidae_Catharus_aurantiirostris,9",,
jeantet-dufourq-2023,annomate,zenodo.7828148-v1-271141-8,svl_label,1,"Turdidae_Catharus_aurantiirostris,9",,
jeantet-dufourq-2023,annomate,zenodo.7828148-v1-271141-9,svl_label,1,"Turdidae_Catharus_aurantiirostris,9",,
jeantet-dufourq-2023,annomate,zenodo.7828148-v1-271141-10,svl_label,1,"Turdidae_Catharus_aurantiirostris,9",,
jeantet-dufourq-2023,annomate,zenodo.7828148-v1-271141-11,svl_label,1,"Turdidae_Catharus_aurantiirostris,9",,
jeantet-dufourq-2023,annomate,zenodo.7828148-v1-272046-1,svl_label,1,"Paridae_Hypocnemis_cantator,8",,
jeantet-dufourq-2023,annomate,zenodo.7828148-v1-272046-2,svl_label,1,"Paridae_Hypocnemis_cantator,8",,
jeantet-dufourq-2023,annomate,zenodo.7828148-v1-272046-3,svl_label,1,"Paridae_Hypocnemis_cantator,8",,
jeantet-dufourq-2023,annomate,zenodo.7828148-v1-272046-4,svl_label,1,"Paridae_Hypocnemis_cantator,8",,
jeantet-dufourq-2023,annomate,zenodo.7828148-v1-272046-5,svl_label,1,"Paridae_Hypocnemis_cantator,8",,
jeantet-dufourq-2023,annomate,zenodo.7828148-v1-272050-1,svl_label,1,"Paridae_Hypocnemis_cantator, 8",,
jeantet-dufourq-2023,annomate,zenodo.7828148-v1-272050-2,svl_label,1,"Paridae_Hypocnemis_cantator, 8",,
jeantet-dufourq-2023,annomate,zenodo.7828148-v1-272050-3,svl_label,1,"Paridae_Hypocnemis_cantator, 8",,
jeantet-dufourq-2023,annomate,zenodo.7828148-v1-272050-4,svl_label,1,"Paridae_Hypocnemis_cantator, 8",,
jeantet-dufourq-2023,annomate,zenodo.7828148-v1-272050-5,svl_label,1,"Paridae_Hypocnemis_cantator, 8",,
jeantet-dufourq-2023,annomate,zenodo.7828148-v1-272050-6,svl_label,1,"Paridae_Hypocnemis_cantator, 8",,
jeantet-dufourq-2023,annomate,zenodo.7828148-v1-272050-7,svl_label,1,"Paridae_Hypocnemis_cantator, 8",,
jeantet-dufourq-2023,annomate,zenodo.7828148-v1-272050-8,svl_label,1,"Paridae_Hypocnemis_cantator, 8",,
jeantet-dufourq-2023,annomate,zenodo.7828148-v1-272050-9,svl_label,1,"Paridae_Hypocnemis_cantator, 8",,
jeantet-dufourq-2023,annomate,zenodo.7828148-v1-272050-10,svl_label,1,"Paridae_Hypocnemis_cantator, 8",,
jeantet-dufourq-2023,annomate,zenodo.7828148-v1-272050-11,svl_label,1,"Paridae_Hypocnemis_cantator, 8",,
jeantet-dufourq-2023,annomate,zenodo.7828148-v1-272050-12,svl_label,1,"Paridae_Hypocnemis_cantator, 8",,
jeantet-dufourq-2023,annomate,zenodo.7828148-v1-272050-13,svl_label,1,"Paridae_Hypocnemis_cantator, 8",,
jeantet-dufourq-2023,annomate,zenodo.7828148-v1-272051-1,svl_label,1,"Paridae_Hypocnemis_cantator,8",,
jeantet-dufourq-2023,annomate,zenodo.7828148-v1-272051-2,svl_label,1,"Paridae_Hypocnemis_cantator,8",,
jeantet-dufourq-2023,annomate,zenodo.7828148-v1-272051-3,svl_label,1,"Paridae_Hypocnemis_cantator,8",,
jeantet-dufourq-2023,annomate,zenodo.7828148-v1-272051-4,svl_label,1,"Paridae_Hypocnemis_cantator,8",,
jeantet-dufourq-2023,annomate,zenodo.7828148-v1-272051-5,svl_label,1,"Paridae_Hypocnemis_cantator,8",,
jeantet-dufourq-2023,annomate,zenodo.7828148-v1-274444-1,svl_label,1,"Turdidae_Catharus_fuscater,9",,
jeantet-dufourq-2023,annomate,zenodo.7828148-v1-274444-2,svl_label,1,"Turdidae_Catharus_fuscater,9",,
jeantet-dufourq-2023,annomate,zenodo.7828148-v1-274444-3,svl_label,1,"Turdidae_Catharus_fuscater,9",,
jeantet-dufourq-2023,annomate,zenodo.7828148-v1-274444-4,svl_label,1,"Turdidae_Catharus_fuscater,9",,
jeantet-dufourq-2023,annomate,zenodo.7828148-v1-274444-5,svl_label,1,"Turdidae_Catharus_fuscater,9",,
jeantet-dufourq-2023,annomate,zenodo.7828148-v1-274444-6,svl_label,1,"Turdidae_Catharus_fuscater,9",,
jeantet-dufourq-2023,annomate,zenodo.7828148-v1-274444-7,svl_label,1,"Turdidae_Catharus_fuscater,9",,
jeantet-dufourq-2023,annomate,zenodo.7828148-v1-274444-8,svl_label,1,"Turdidae_Catharus_fuscater,9",,
jeantet-dufourq-2023,annomate,zenodo.7828148-v1-274444-9,svl_label,1,"Turdidae_Catharus_fuscater,9",,
jeantet-dufourq-2023,annomate,zenodo.7828148-v1-274444-10,svl_label,1,"Turdidae_Catharus_fuscater,9",,
jeantet-dufourq-2023,annomate,zenodo.7828148-v1-274444-11,svl_label,1,"Turdidae_Catharus_fuscater,9",,
jeantet-dufourq-2023,annomate,zenodo.7828148-v1-274444-12,svl_label,1,"Turdidae_Catharus_fuscater,9",,
jeantet-dufourq-2023,annomate,zenodo.7828148-v1-274444-13,svl_label,1,"Turdidae_Catharus_fuscater,9",,
jeantet-dufourq-2023,annomate,zenodo.7828148-v1-274444-14,svl_label,1,"Turdidae_Catharus_fuscater,9",,
jeantet-dufourq-2023,annomate,zenodo.7828148-v1-274444-15,svl_label,1,"Turdidae_Catharus_fuscater,9",,
jeantet-dufourq-2023,annomate,zenodo.7828148-v1-274444-16,svl_label,1,"Turdidae_Catharus_fuscater,9",,
jeantet-dufourq-2023,annomate,zenodo.7828148-v1-274444-17,svl_label,1,"Turdidae_Catharus_fuscater,9",,
jeantet-dufourq-2023,annomate,zenodo.7828148-v1-274444-18,svl_label,1,"Turdidae_Catharus_fuscater,9",,
jeantet-dufourq-2023,annomate,zenodo.7828148-v1-274444-19,svl_label,1,"Turdidae_Catharus_fuscater,9",,
jeantet-dufourq-2023,annomate,zenodo.7828148-v1-274444-20,svl_label,1,"Turdidae_Catharus_fuscater,9",,
jeantet-dufourq-2023,annomate,zenodo.7828148-v1-274444-21,svl_label,1,"Turdidae_Catharus_fuscater,9",,
jeantet-dufourq-2023,annomate,zenodo.7828148-v1-274445-1,svl_label,1,"Turdidae_Catharus_fuscater,9",,
jeantet-dufourq-2023,annomate,zenodo.7828148-v1-274445-2,svl_label,1,"Turdidae_Catharus_fuscater,9",,
jeantet-dufourq-2023,annomate,zenodo.7828148-v1-274445-3,svl_label,1,"Turdidae_Catharus_fuscater,9",,
jeantet-dufourq-2023,annomate,zenodo.7828148-v1-274445-4,svl_label,1,"Turdidae_Catharus_fuscater,9",,
jeantet-dufourq-2023,annomate,zenodo.7828148-v1-274445-5,svl_label,1,"Turdidae_Catharus_fuscater,9",,
jeantet-dufourq-2023,annomate,zenodo.7828148-v1-274445-6,svl_label,1,"Turdidae_Catharus_fuscater,9",,
jeantet-dufourq-2023,annomate,zenodo.7828148-v1-274445-7,svl_label,1,"Turdidae_Catharus_fuscater,9",,
jeantet-dufourq-2023,annomate,zenodo.7828148-v1-274445-8,svl_label,1,"Turdidae_Catharus_fuscater,9",,
jeantet-dufourq-2023,annomate,zenodo.7828148-v1-274445-9,svl_label,1,"Turdidae_Catharus_fuscater,9",,
jeantet-dufourq-2023,annomate,zenodo.7828148-v1-274445-10,svl_label,1,"Turdidae_Catharus_fuscater,9",,
jeantet-dufourq-2023,annomate,zenodo.7828148-v1-274446-1,svl_label,1,"Turdidae_Catharus_aurantiirostris,9",,
jeantet-dufourq-2023,annomate,zenodo.7828148-v1-274446-2,svl_label,1,"Turdidae_Catharus_aurantiirostris,9",,
jeantet-dufourq-2023,annomate,zenodo.7828148-v1-274446-3,svl_label,1,"Turdidae_Catharus_aurantiirostris,9",,
jeantet-dufourq-2023,annomate,zenodo.7828148-v1-274446-4,svl_label,1,"Turdidae_Catharus_aurantiirostris,9",,
jeantet-dufourq-2023,annomate,zenodo.7828148-v1-274446-5,svl_label,1,"Turdidae_Catharus_aurantiirostris,9",,
jeantet-dufourq-2023,annomate,zenodo.7828148-v1-274446-6,svl_label,1,"Turdidae_Catharus_aurantiirostris,9",,
jeantet-dufourq-2023,annomate,zenodo.7828148-v1-274446-7,svl_label,1,"Turdidae_Catharus_aurantiirostris,9",,
jeantet-dufourq-2023,annomate,zenodo.7828148-v1-274446-8,svl_label,1,"Turdidae_Catharus_aurantiirostris,9",,
jeantet-dufourq-2023,annomate,zenodo.7828148-v1-274446-9,svl_label,1,"Turdidae_Catharus_aurantiirostris,9",,
jeantet-dufourq-2023,annomate,zenodo.7828148-v1-274446-10,svl_label,1,"Turdidae_Catharus_aurantiirostris,9",,
jeantet-dufourq-2023,annomate,zenodo.7828148-v1-274447-1,svl_label,1,"Turdidae_Catharus_fuscater,9",,
jeantet-dufourq-2023,annomate,zenodo.7828148-v1-274447-2,svl_label,1,"Turdidae_Catharus_fuscater,9",,
jeantet-dufourq-2023,annomate,zenodo.7828148-v1-274447-3,svl_label,1,"Turdidae_Catharus_fuscater,9",,
jeantet-dufourq-2023,annomate,zenodo.7828148-v1-274447-4,svl_label,1,"Turdidae_Catharus_fuscater,9",,
jeantet-dufourq-2023,annomate,zenodo.7828148-v1-274447-5,svl_label,1,"Turdidae_Catharus_fuscater,9",,
jeantet-dufourq-2023,annomate,zenodo.7828148-v1-274447-6,svl_label,1,"Turdidae_Catharus_fuscater,9",,
jeantet-dufourq-2023,annomate,zenodo.7828148-v1-274447-7,svl_label,1,"Turdidae_Catharus_fuscater,9",,
jeantet-dufourq-2023,annomate,zenodo.7828148-v1-274447-8,svl_label,1,"Turdidae_Catharus_fuscater,9",,
jeantet-dufourq-2023,annomate,zenodo.7828148-v1-274447-9,svl_label,1,"Turdidae_Catharus_fuscater,9",,
jeantet-dufourq-2023,annomate,zenodo.7828148-v1-274447-10,svl_label,1,"Turdidae_Catharus_fuscater,9",,
jeantet-dufourq-2023,annomate,zenodo.7828148-v1-274447-11,svl_label,1,"Turdidae_Catharus_fuscater,9",,
jeantet-dufourq-2023,annomate,zenodo.7828148-v1-274447-12,svl_label,1,"Turdidae_Catharus_fuscater,9",,
jeantet-dufourq-2023,annomate,zenodo.7828148-v1-274447-13,svl_label,1,"Turdidae_Catharus_fuscater,9",,
jeantet-dufourq-2023,annomate,zenodo.7828148-v1-274447-14,svl_label,1,"Turdidae_Catharus_fuscater,9",,
jeantet-dufourq-2023,annomate,zenodo.7828148-v1-274447-15,svl_label,1,"Turdidae_Catharus_fuscater,9",,
jeantet-dufourq-2023,annomate,zenodo.7828148-v1-274447-16,svl_label,1,"Turdidae_Catharus_fuscater,9",,
jeantet-dufourq-2023,annomate,zenodo.7828148-v1-274447-17,svl_label,1,"Turdidae_Catharus_fuscater,9",,
jeantet-dufourq-2023,annomate,zenodo.7828148-v1-274447-18,svl_label,1,"Turdidae_Catharus_fuscater,9",,
jeantet-dufourq-2023,annomate,zenodo.7828148-v1-274447-19,svl_label,1,"Turdidae_Catharus_fuscater,9",,
jeantet-dufourq-2023,annomate,zenodo.7828148-v1-274447-20,svl_label,1,"Turdidae_Catharus_fuscater,9",,
jeantet-dufourq-2023,annomate,zenodo.7828148-v1-274447-21,svl_label,1,"Turdidae_Catharus_fuscater,9",,
jeantet-dufourq-2023,annomate,zenodo.7828148-v1-274447-22,svl_label,1,"Turdidae_Catharus_fuscater,9",,
jeantet-dufourq-2023,annomate,zenodo.7828148-v1-274447-23,svl_label,1,"Turdidae_Catharus_fuscater,9",,
jeantet-dufourq-2023,annomate,zenodo.7828148-v1-274447-24,svl_label,1,"Turdidae_Catharus_fuscater,9",,
jeantet-dufourq-2023,annomate,zenodo.7828148-v1-274447-25,svl_label,1,"Turdidae_Catharus_fuscater,9",,
jeantet-dufourq-2023,annomate,zenodo.7828148-v1-274447-26,svl_label,1,"Turdidae_Catharus_fuscater,9",,
jeantet-dufourq-2023,annomate,zenodo.7828148-v1-274448-1,svl_label,1,"Turdidae_Catharus_fuscater,9",,
jeantet-dufourq-2023,annomate,zenodo.7828148-v1-274448-2,svl_label,1,"Turdidae_Catharus_fuscater,9",,
jeantet-dufourq-2023,annomate,zenodo.7828148-v1-274448-3,svl_label,1,"Turdidae_Catharus_fuscater,9",,
jeantet-dufourq-2023,annomate,zenodo.7828148-v1-274448-4,svl_label,1,"Turdidae_Catharus_fuscater,9",,
jeantet-dufourq-2023,annomate,zenodo.7828148-v1-274448-5,svl_label,1,"Turdidae_Catharus_fuscater,9",,
jeantet-dufourq-2023,annomate,zenodo.7828148-v1-274448-6,svl_label,1,"Turdidae_Catharus_fuscater,9",,
jeantet-dufourq-2023,annomate,zenodo.7828148-v1-274448-7,svl_label,1,"Turdidae_Catharus_fuscater,9",,
jeantet-dufourq-2023,annomate,zenodo.7828148-v1-274448-8,svl_label,1,"Turdidae_Catharus_fuscater,9",,
jeantet-dufourq-2023,annomate,zenodo.7828148-v1-274448-9,svl_label,1,"Turdidae_Catharus_fuscater,9",,
jeantet-dufourq-2023,annomate,zenodo.7828148-v1-274448-10,svl_label,1,"Turdidae_Catharus_fuscater,9",,
jeantet-dufourq-2023,annomate,zenodo.7828148-v1-276112-1,svl_label,1,"Paridae_Hypocnemis_hypoxantha,9",,
jeantet-dufourq-2023,annomate,zenodo.7828148-v1-276112-2,svl_label,1,"Paridae_Hypocnemis_hypoxantha,9",,
jeantet-dufourq-2023,annomate,zenodo.7828148-v1-276112-3,svl_label,1,"Paridae_Hypocnemis_hypoxantha,9",,
jeantet-dufourq-2023,annomate,zenodo.7828148-v1-276593-1,svl_label,1,"Troglodytidae_Troglodytes_aedon,9",,
jeantet-dufourq-2023,annomate,zenodo.7828148-v1-276593-2,svl_label,1,"Troglodytidae_Troglodytes_aedon,9",,
jeantet-dufourq-2023,annomate,zenodo.7828148-v1-276593-3,svl_label,1,"Troglodytidae_Troglodytes_aedon,9",,
jeantet-dufourq-2023,annomate,zenodo.7828148-v1-276593-4,svl_label,1,"Troglodytidae_Troglodytes_aedon,9",,
jeantet-dufourq-2023,annomate,zenodo.7828148-v1-276593-5,svl_label,1,"Troglodytidae_Troglodytes_aedon,9",,
jeantet-dufourq-2023,annomate,zenodo.7828148-v1-276593-6,svl_label,1,"Troglodytidae_Troglodytes_aedon,9",,
jeantet-dufourq-2023,annomate,zenodo.7828148-v1-276593-7,svl_label,1,"Troglodytidae_Troglodytes_aedon,9",,
jeantet-dufourq-2023,annomate,zenodo.7828148-v1-276593-8,svl_label,1,"Troglodytidae_Troglodytes_aedon,9",,
jeantet-dufourq-2023,annomate,zenodo.7828148-v1-277707-1,svl_label,1,"Turdidae_Catharus_guttatus,9",,
jeantet-dufourq-2023,annomate,zenodo.7828148-v1-277707-2,svl_label,1,"Turdidae_Catharus_guttatus,9",,
jeantet-dufourq-2023,annomate,zenodo.7828148-v1-277707-3,svl_label,1,"Turdidae_Catharus_guttatus,9",,
jeantet-dufourq-2023,annomate,zenodo.7828148-v1-277707-4,svl_label,1,"Turdidae_Catharus_guttatus,9",,
jeantet-dufourq-2023,annomate,zenodo.7828148-v1-277707-5,svl_label,1,"Turdidae_Catharus_guttatus,9",,
jeantet-dufourq-2023,annomate,zenodo.7828148-v1-277707-6,svl_label,1,"Turdidae_Catharus_guttatus,9",,
jeantet-dufourq-2023,annomate,zenodo.7828148-v1-277707-7,svl_label,1,"Turdidae_Catharus_guttatus,9",,
jeantet-dufourq-2023,annomate,zenodo.7828148-v1-277707-8,svl_label,1,"Turdidae_Catharus_guttatus,9",,
jeantet-dufourq-2023,annomate,zenodo.7828148-v1-277707-9,svl_label,1,"Turdidae_Catharus_guttatus,9",,
jeantet-dufourq-2023,annomate,zenodo.7828148-v1-27847-1,svl_label,1,"Paridae_Hypocnemis_peruviana,9",,
jeantet-dufourq-2023,annomate,zenodo.7828148-v1-27847-2,svl_label,1,"Paridae_Hypocnemis_peruviana,9",,
jeantet-dufourq-2023,annomate,zenodo.7828148-v1-27847-3,svl_label,1,"Paridae_Hypocnemis_peruviana,9",,
jeantet-dufourq-2023,annomate,zenodo.7828148-v1-27847-4,svl_label,1,"Paridae_Hypocnemis_peruviana,9",,
jeantet-dufourq-2023,annomate,zenodo.7828148-v1-27847-5,svl_label,1,"Paridae_Hypocnemis_peruviana,9",,
jeantet-dufourq-2023,annomate,zenodo.7828148-v1-27847-6,svl_label,1,"Paridae_Hypocnemis_peruviana,9",,
jeantet-dufourq-2023,annomate,zenodo.7828148-v1-27862-1,svl_label,1,"Paridae_Hypocnemis_hypoxantha,9",,
jeantet-dufourq-2023,annomate,zenodo.7828148-v1-27862-2,svl_label,1,"Paridae_Hypocnemis_hypoxantha,9",,
jeantet-dufourq-2023,annomate,zenodo.7828148-v1-27862-3,svl_label,1,"Paridae_Hypocnemis_hypoxantha,9",,
jeantet-dufourq-2023,annomate,zenodo.7828148-v1-27862-4,svl_label,1,"Paridae_Hypocnemis_hypoxantha,9",,
jeantet-dufourq-2023,annomate,zenodo.7828148-v1-27931-1,svl_label,1,"Paridae_Hypocnemis_cantator,8",,
jeantet-dufourq-2023,annomate,zenodo.7828148-v1-27931-2,svl_label,1,"Paridae_Hypocnemis_cantator,8",,
jeantet-dufourq-2023,annomate,zenodo.7828148-v1-27931-3,svl_label,1,"Paridae_Hypocnemis_cantator,8",,
jeantet-dufourq-2023,annomate,zenodo.7828148-v1-280667-1,svl_label,1,"Fringillidae_Serinus_canicollis,9",,
jeantet-dufourq-2023,annomate,zenodo.7828148-v1-280667-2,svl_label,1,"Fringillidae_Serinus_canicollis,9",,
jeantet-dufourq-2023,annomate,zenodo.7828148-v1-280667-3,svl_label,1,"Fringillidae_Serinus_canicollis,9",,
jeantet-dufourq-2023,annomate,zenodo.7828148-v1-280667-4,svl_label,1,"Fringillidae_Serinus_canicollis,9",,
jeantet-dufourq-2023,annomate,zenodo.7828148-v1-280667-5,svl_label,1,"Fringillidae_Serinus_canicollis,9",,
jeantet-dufourq-2023,annomate,zenodo.7828148-v1-281426-1,svl_label,1,"Paridae_Saxicola_rubicola,7",,
jeantet-dufourq-2023,annomate,zenodo.7828148-v1-281426-2,svl_label,1,"Paridae_Saxicola_rubicola,7",,
jeantet-dufourq-2023,annomate,zenodo.7828148-v1-281426-3,svl_label,1,"Paridae_Saxicola_rubicola,7",,
jeantet-dufourq-2023,annomate,zenodo.7828148-v1-281426-4,svl_label,1,"Paridae_Saxicola_rubicola,7",,
jeantet-dufourq-2023,annomate,zenodo.7828148-v1-281426-5,svl_label,1,"Paridae_Saxicola_rubicola,7",,
jeantet-dufourq-2023,annomate,zenodo.7828148-v1-281426-6,svl_label,1,"Paridae_Saxicola_rubicola,7",,
jeantet-dufourq-2023,annomate,zenodo.7828148-v1-281426-7,svl_label,1,"Paridae_Saxicola_rubicola,7",,
jeantet-dufourq-2023,annomate,zenodo.7828148-v1-281426-8,svl_label,1,"Paridae_Saxicola_rubicola,7",,
jeantet-dufourq-2023,annomate,zenodo.7828148-v1-281426-9,svl_label,1,"Paridae_Saxicola_rubicola,7",,
jeantet-dufourq-2023,annomate,zenodo.7828148-v1-281426-10,svl_label,1,"Paridae_Saxicola_rubicola,7",,
jeantet-dufourq-2023,annomate,zenodo.7828148-v1-281426-11,svl_label,1,"Paridae_Saxicola_rubicola,7",,
jeantet-dufourq-2023,annomate,zenodo.7828148-v1-281426-12,svl_label,1,"Paridae_Saxicola_rubicola,7",,
jeantet-dufourq-2023,annomate,zenodo.7828148-v1-281427-1,svl_label,1,"Paridae_Saxicola_rubicola,8",,
jeantet-dufourq-2023,annomate,zenodo.7828148-v1-281427-2,svl_label,1,"Paridae_Saxicola_rubicola,8",,
jeantet-dufourq-2023,annomate,zenodo.7828148-v1-281427-3,svl_label,1,"Paridae_Saxicola_rubicola,8",,
jeantet-dufourq-2023,annomate,zenodo.7828148-v1-28147-1,svl_label,1,"Paridae_Hypocnemis_hypoxantha, 10",,
jeantet-dufourq-2023,annomate,zenodo.7828148-v1-28147-2,svl_label,1,"Paridae_Hypocnemis_hypoxantha, 10",,
jeantet-dufourq-2023,annomate,zenodo.7828148-v1-28147-3,svl_label,1,"Paridae_Hypocnemis_hypoxantha, 10",,
jeantet-dufourq-2023,annomate,zenodo.7828148-v1-282406-1,svl_label,1,"Troglodytidae_Troglodytes_aedon,9",,
jeantet-dufourq-2023,annomate,zenodo.7828148-v1-282406-2,svl_label,1,"Troglodytidae_Troglodytes_aedon,9",,
jeantet-dufourq-2023,annomate,zenodo.7828148-v1-282406-3,svl_label,1,"Troglodytidae_Troglodytes_aedon,9",,
jeantet-dufourq-2023,annomate,zenodo.7828148-v1-282406-4,svl_label,1,"Troglodytidae_Troglodytes_aedon,9",,
jeantet-dufourq-2023,annomate,zenodo.7828148-v1-282406-5,svl_label,1,"Troglodytidae_Troglodytes_aedon,9",,
jeantet-dufourq-2023,annomate,zenodo.7828148-v1-282406-6,svl_label,1,"Troglodytidae_Troglodytes_aedon,9",,
jeantet-dufourq-2023,annomate,zenodo.7828148-v1-282406-7,svl_label,1,"Troglodytidae_Troglodytes_aedon,9",,
jeantet-dufourq-2023,annomate,zenodo.7828148-v1-282561-1,svl_label,1,"Troglodytidae_Troglodytes_aedon,8",,
jeantet-dufourq-2023,annomate,zenodo.7828148-v1-282561-2,svl_label,1,"Troglodytidae_Troglodytes_aedon,8",,
jeantet-dufourq-2023,annomate,zenodo.7828148-v1-282561-3,svl_label,1,"Troglodytidae_Troglodytes_aedon,8",,
jeantet-dufourq-2023,annomate,zenodo.7828148-v1-282561-4,svl_label,1,"Troglodytidae_Troglodytes_aedon,8",,
jeantet-dufourq-2023,annomate,zenodo.7828148-v1-286686-1,svl_label,1,"Troglodytidae_Troglodytes_aedon,9",,
jeantet-dufourq-2023,annomate,zenodo.7828148-v1-286686-2,svl_label,1,"Troglodytidae_Troglodytes_aedon,9",,
jeantet-dufourq-2023,annomate,zenodo.7828148-v1-286686-3,svl_label,1,"Troglodytidae_Troglodytes_aedon,9",,
jeantet-dufourq-2023,annomate,zenodo.7828148-v1-286686-4,svl_label,1,"Troglodytidae_Troglodytes_aedon,9",,
jeantet-dufourq-2023,annomate,zenodo.7828148-v1-286686-5,svl_label,1,"Troglodytidae_Troglodytes_aedon,9",,
jeantet-dufourq-2023,annomate,zenodo.7828148-v1-287119-1,svl_label,1,"Paridae_Saxicola_rubetra,7",,
jeantet-dufourq-2023,annomate,zenodo.7828148-v1-287119-2,svl_label,1,"Paridae_Saxicola_rubetra,6",,
jeantet-dufourq-2023,annomate,zenodo.7828148-v1-287119-3,svl_label,1,"Paridae_Saxicola_rubetra,7",,
jeantet-dufourq-2023,annomate,zenodo.7828148-v1-289160-1,svl_label,1,"Troglodytidae_Troglodytes_aedon,8",,
jeantet-dufourq-2023,annomate,zenodo.7828148-v1-289160-2,svl_label,1,"Troglodytidae_Troglodytes_aedon,8",,
jeantet-dufourq-2023,annomate,zenodo.7828148-v1-289160-3,svl_label,1,"Troglodytidae_Troglodytes_aedon,8",,
jeantet-dufourq-2023,annomate,zenodo.7828148-v1-289160-4,svl_label,1,"Troglodytidae_Troglodytes_aedon,8",,
jeantet-dufourq-2023,annomate,zenodo.7828148-v1-289160-5,svl_label,1,"Troglodytidae_Troglodytes_aedon,8",,
jeantet-dufourq-2023,annomate,zenodo.7828148-v1-289160-6,svl_label,1,"Troglodytidae_Troglodytes_aedon,8",,
jeantet-dufourq-2023,annomate,zenodo.7828148-v1-292869-1,svl_label,1,"Fringillidae_Serinus_canicollis,9",,
jeantet-dufourq-2023,annomate,zenodo.7828148-v1-292869-2,svl_label,1,"Fringillidae_Serinus_canicollis,9",,
jeantet-dufourq-2023,annomate,zenodo.7828148-v1-292869-3,svl_label,1,"Fringillidae_Serinus_canicollis,9",,
jeantet-dufourq-2023,annomate,zenodo.7828148-v1-292869-4,svl_label,1,"Fringillidae_Serinus_canicollis,9",,
jeantet-dufourq-2023,annomate,zenodo.7828148-v1-292869-5,svl_label,1,"Fringillidae_Serinus_canicollis,9",,
jeantet-dufourq-2023,annomate,zenodo.7828148-v1-292869-6,svl_label,1,"Fringillidae_Serinus_canicollis,9",,
jeantet-dufourq-2023,annomate,zenodo.7828148-v1-292869-7,svl_label,1,"Fringillidae_Serinus_canicollis,9",,
jeantet-dufourq-2023,annomate,zenodo.7828148-v1-293438-1,svl_label,1,"Turdidae_Catharus_fuscescens,7",,
jeantet-dufourq-2023,annomate,zenodo.7828148-v1-293438-2,svl_label,1,"Turdidae_Catharus_fuscescens,7",,
jeantet-dufourq-2023,annomate,zenodo.7828148-v1-293438-3,svl_label,1,"Turdidae_Catharus_fuscescens,7",,
jeantet-dufourq-2023,annomate,zenodo.7828148-v1-293438-4,svl_label,1,"Turdidae_Catharus_fuscescens,7",,
jeantet-dufourq-2023,annomate,zenodo.7828148-v1-293438-5,svl_label,1,"Turdidae_Catharus_fuscescens,7",,
jeantet-dufourq-2023,annomate,zenodo.7828148-v1-294700-1,svl_label,1,"Paridae_Saxicola_rubetra,9",,
jeantet-dufourq-2023,annomate,zenodo.7828148-v1-294700-2,svl_label,1,"Paridae_Saxicola_rubetra,9",,
jeantet-dufourq-2023,annomate,zenodo.7828148-v1-294700-3,svl_label,1,"Paridae_Saxicola_rubetra,9",,
jeantet-dufourq-2023,annomate,zenodo.7828148-v1-294700-4,svl_label,1,"Paridae_Saxicola_rubetra,9",,
jeantet-dufourq-2023,annomate,zenodo.7828148-v1-294700-5,svl_label,1,"Paridae_Saxicola_rubetra,9",,
jeantet-dufourq-2023,annomate,zenodo.7828148-v1-294700-6,svl_label,1,"Paridae_Saxicola_rubetra,9",,
jeantet-dufourq-2023,annomate,zenodo.7828148-v1-294700-7,svl_label,1,"Paridae_Saxicola_rubetra,9",,
jeantet-dufourq-2023,annomate,zenodo.7828148-v1-294700-8,svl_label,1,"Paridae_Saxicola_rubetra,9",,
jeantet-dufourq-2023,annomate,zenodo.7828148-v1-29473-1,svl_label,1,"Fringillidae_Serinus_serinus,8",,
jeantet-dufourq-2023,annomate,zenodo.7828148-v1-29473-2,svl_label,1,"Fringillidae_Serinus_serinus,8",,
jeantet-dufourq-2023,annomate,zenodo.7828148-v1-29473-3,svl_label,1,"Fringillidae_Serinus_serinus,8",,
jeantet-dufourq-2023,annomate,zenodo.7828148-v1-29473-4,svl_label,1,"Fringillidae_Serinus_serinus,8",,
jeantet-dufourq-2023,annomate,zenodo.7828148-v1-29473-5,svl_label,1,"Fringillidae_Serinus_serinus,8",,
jeantet-dufourq-2023,annomate,zenodo.7828148-v1-29473-6,svl_label,1,"Fringillidae_Serinus_serinus,8",,
jeantet-dufourq-2023,annomate,zenodo.7828148-v1-29473-7,svl_label,1,"Fringillidae_Serinus_serinus,8",,
jeantet-dufourq-2023,annomate,zenodo.7828148-v1-29473-8,svl_label,1,"Fringillidae_Serinus_serinus,8",,
jeantet-dufourq-2023,annomate,zenodo.7828148-v1-29473-9,svl_label,1,"Fringillidae_Serinus_serinus,8",,
jeantet-dufourq-2023,annomate,zenodo.7828148-v1-29473-10,svl_label,1,"Fringillidae_Serinus_serinus,9",,
jeantet-dufourq-2023,annomate,zenodo.7828148-v1-29473-11,svl_label,1,"Fringillidae_Serinus_serinus,8",,
jeantet-dufourq-2023,annomate,zenodo.7828148-v1-29473-12,svl_label,1,"Fringillidae_Serinus_serinus,8",,
jeantet-dufourq-2023,annomate,zenodo.7828148-v1-29473-13,svl_label,1,"Fringillidae_Serinus_serinus,8",,
jeantet-dufourq-2023,annomate,zenodo.7828148-v1-296757-1,svl_label,1,"Troglodytidae_Troglodytes_aedon,9",,
jeantet-dufourq-2023,annomate,zenodo.7828148-v1-296757-2,svl_label,1,"Troglodytidae_Troglodytes_aedon,9",,
jeantet-dufourq-2023,annomate,zenodo.7828148-v1-296757-3,svl_label,1,"Troglodytidae_Troglodytes_aedon,9",,
jeantet-dufourq-2023,annomate,zenodo.7828148-v1-296757-4,svl_label,1,"Troglodytidae_Troglodytes_aedon,9",,
jeantet-dufourq-2023,annomate,zenodo.7828148-v1-2976-1,svl_label,1,"Turdidae_Catharus_fuscater,9",,
jeantet-dufourq-2023,annomate,zenodo.7828148-v1-2976-2,svl_label,1,"Turdidae_Catharus_fuscater,9",,
jeantet-dufourq-2023,annomate,zenodo.7828148-v1-2976-3,svl_label,1,"Turdidae_Catharus_fuscater,9",,
jeantet-dufourq-2023,annomate,zenodo.7828148-v1-2976-4,svl_label,1,"Turdidae_Catharus_fuscater,9",,
jeantet-dufourq-2023,annomate,zenodo.7828148-v1-2978-1,svl_label,1,"Turdidae_Catharus_fuscater,9",,
jeantet-dufourq-2023,annomate,zenodo.7828148-v1-2978-2,svl_label,1,"Turdidae_Catharus_fuscater,9",,
jeantet-dufourq-2023,annomate,zenodo.7828148-v1-2978-3,svl_label,1,"Turdidae_Catharus_fuscater,9",,
jeantet-dufourq-2023,annomate,zenodo.7828148-v1-2978-4,svl_label,1,"Turdidae_Catharus_fuscater,9",,
jeantet-dufourq-2023,annomate,zenodo.7828148-v1-2978-5,svl_label,1,"Turdidae_Catharus_fuscater,9",,
jeantet-dufourq-2023,annomate,zenodo.7828148-v1-2978-6,svl_label,1,"Turdidae_Catharus_fuscater,9",,
jeantet-dufourq-2023,annomate,zenodo.7828148-v1-2978-7,svl_label,1,"Turdidae_Catharus_fuscater,9",,
jeantet-dufourq-2023,annomate,zenodo.7828148-v1-298077-1,svl_label,1,"Troglodytidae_Troglodytes_aedon,9",,
jeantet-dufourq-2023,annomate,zenodo.7828148-v1-298077-2,svl_label,1,"Troglodytidae_Troglodytes_aedon,9",,
jeantet-dufourq-2023,annomate,zenodo.7828148-v1-298077-3,svl_label,1,"Troglodytidae_Troglodytes_aedon,9",,
jeantet-dufourq-2023,annomate,zenodo.7828148-v1-298077-4,svl_label,1,"Troglodytidae_Troglodytes_aedon,9",,
jeantet-dufourq-2023,annomate,zenodo.7828148-v1-298077-5,svl_label,1,"Troglodytidae_Troglodytes_aedon,9",,
jeantet-dufourq-2023,annomate,zenodo.7828148-v1-298077-6,svl_label,1,"Troglodytidae_Troglodytes_aedon,9",,
jeantet-dufourq-2023,annomate,zenodo.7828148-v1-298077-7,svl_label,1,"Troglodytidae_Troglodytes_aedon,9",,
jeantet-dufourq-2023,annomate,zenodo.7828148-v1-298077-8,svl_label,1,"Troglodytidae_Troglodytes_aedon,9",,
jeantet-dufourq-2023,annomate,zenodo.7828148-v1-298077-9,svl_label,1,"Troglodytidae_Troglodytes_aedon,9",,
jeantet-dufourq-2023,annomate,zenodo.7828148-v1-298077-10,svl_label,1,"Troglodytidae_Troglodytes_aedon,9",,
jeantet-dufourq-2023,annomate,zenodo.7828148-v1-298077-11,svl_label,1,"Troglodytidae_Troglodytes_aedon,9",,
jeantet-dufourq-2023,annomate,zenodo.7828148-v1-298077-12,svl_label,1,"Troglodytidae_Troglodytes_aedon,9",,
jeantet-dufourq-2023,annomate,zenodo.7828148-v1-298077-13,svl_label,1,"Troglodytidae_Troglodytes_aedon,9",,
jeantet-dufourq-2023,annomate,zenodo.7828148-v1-30076-1,svl_label,1,"Paridae_Hypocnemis_hypoxantha,9",,
jeantet-dufourq-2023,annomate,zenodo.7828148-v1-30076-2,svl_label,1,"Paridae_Hypocnemis_hypoxantha,9",,
jeantet-dufourq-2023,annomate,zenodo.7828148-v1-30076-3,svl_label,1,"Paridae_Hypocnemis_hypoxantha,9",,
jeantet-dufourq-2023,annomate,zenodo.7828148-v1-301937-1,svl_label,1,"Fringillidae_Serinus_serinus, 10",,
jeantet-dufourq-2023,annomate,zenodo.7828148-v1-301937-2,svl_label,1,"Fringillidae_Serinus_serinus, 10",,
jeantet-dufourq-2023,annomate,zenodo.7828148-v1-301937-3,svl_label,1,"Fringillidae_Serinus_serinus, 10",,
jeantet-dufourq-2023,annomate,zenodo.7828148-v1-301937-4,svl_label,1,"Fringillidae_Serinus_serinus, 10",,
jeantet-dufourq-2023,annomate,zenodo.7828148-v1-301937-5,svl_label,1,"Fringillidae_Serinus_serinus, 10",,
jeantet-dufourq-2023,annomate,zenodo.7828148-v1-301937-6,svl_label,1,"Fringillidae_Serinus_serinus, 10",,
jeantet-dufourq-2023,annomate,zenodo.7828148-v1-301937-7,svl_label,1,"Fringillidae_Serinus_serinus, 10",,
jeantet-dufourq-2023,annomate,zenodo.7828148-v1-302233-1,svl_label,1,"Troglodytidae_Troglodytes_aedon,9",,
jeantet-dufourq-2023,annomate,zenodo.7828148-v1-302233-2,svl_label,1,"Troglodytidae_Troglodytes_aedon,9",,
jeantet-dufourq-2023,annomate,zenodo.7828148-v1-302233-3,svl_label,1,"Troglodytidae_Troglodytes_aedon,9",,
jeantet-dufourq-2023,annomate,zenodo.7828148-v1-302233-4,svl_label,1,"Troglodytidae_Troglodytes_aedon,9",,
jeantet-dufourq-2023,annomate,zenodo.7828148-v1-302625-1,svl_label,1,"Paridae_Saxicola_gutturalis,9",,
jeantet-dufourq-2023,annomate,zenodo.7828148-v1-302625-2,svl_label,1,"Paridae_Saxicola_gutturalis,9",,
jeantet-dufourq-2023,annomate,zenodo.7828148-v1-302625-3,svl_label,1,"Paridae_Saxicola_gutturalis,9",,
jeantet-dufourq-2023,annomate,zenodo.7828148-v1-302625-4,svl_label,1,"Paridae_Saxicola_gutturalis,9",,
jeantet-dufourq-2023,annomate,zenodo.7828148-v1-302625-5,svl_label,1,"Paridae_Saxicola_gutturalis,9",,
jeantet-dufourq-2023,annomate,zenodo.7828148-v1-303926-1,svl_label,1,"Troglodytidae_Troglodytes_aedon,9",,
jeantet-dufourq-2023,annomate,zenodo.7828148-v1-303926-2,svl_label,1,"Troglodytidae_Troglodytes_aedon,9",,
jeantet-dufourq-2023,annomate,zenodo.7828148-v1-303926-3,svl_label,1,"Troglodytidae_Troglodytes_aedon,9",,
jeantet-dufourq-2023,annomate,zenodo.7828148-v1-303926-4,svl_label,1,"Troglodytidae_Troglodytes_aedon,9",,
jeantet-dufourq-2023,annomate,zenodo.7828148-v1-303926-5,svl_label,1,"Troglodytidae_Troglodytes_aedon,9",,
jeantet-dufourq-2023,annomate,zenodo.7828148-v1-303926-6,svl_label,1,"Troglodytidae_Troglodytes_aedon,9",,
jeantet-dufourq-2023,annomate,zenodo.7828148-v1-304858-1,svl_label,1,"Troglodytidae_Troglodytes_aedon,9",,
jeantet-dufourq-2023,annomate,zenodo.7828148-v1-304858-2,svl_label,1,"Troglodytidae_Troglodytes_aedon,9",,
jeantet-dufourq-2023,annomate,zenodo.7828148-v1-304858-3,svl_label,1,"Troglodytidae_Troglodytes_aedon,9",,
jeantet-dufourq-2023,annomate,zenodo.7828148-v1-304858-4,svl_label,1,"Troglodytidae_Troglodytes_aedon,9",,
jeantet-dufourq-2023,annomate,zenodo.7828148-v1-305877-1,svl_label,1,"Troglodytidae_Troglodytes_aedon,9",,
jeantet-dufourq-2023,annomate,zenodo.7828148-v1-305877-2,svl_label,1,"Troglodytidae_Troglodytes_aedon,9",,
jeantet-dufourq-2023,annomate,zenodo.7828148-v1-305877-3,svl_label,1,"Troglodytidae_Troglodytes_aedon,9",,
jeantet-dufourq-2023,annomate,zenodo.7828148-v1-305877-4,svl_label,1,"Troglodytidae_Troglodytes_aedon,9",,
jeantet-dufourq-2023,annomate,zenodo.7828148-v1-305877-5,svl_label,1,"Troglodytidae_Troglodytes_aedon,9",,
jeantet-dufourq-2023,annomate,zenodo.7828148-v1-30777-1,svl_label,1,"Turdidae_Catharus_ustulatus,9",,
jeantet-dufourq-2023,annomate,zenodo.7828148-v1-30777-2,svl_label,1,"Turdidae_Catharus_ustulatus,9",,
jeantet-dufourq-2023,annomate,zenodo.7828148-v1-30777-3,svl_label,1,"Turdidae_Catharus_ustulatus,9",,
jeantet-dufourq-2023,annomate,zenodo.7828148-v1-30777-4,svl_label,1,"Turdidae_Catharus_ustulatus,9",,
jeantet-dufourq-2023,annomate,zenodo.7828148-v1-30777-5,svl_label,1,"Turdidae_Catharus_ustulatus,9",,
jeantet-dufourq-2023,annomate,zenodo.7828148-v1-30777-6,svl_label,1,"Turdidae_Catharus_ustulatus,9",,
jeantet-dufourq-2023,annomate,zenodo.7828148-v1-30777-7,svl_label,1,"Turdidae_Catharus_ustulatus,9",,
jeantet-dufourq-2023,annomate,zenodo.7828148-v1-30777-8,svl_label,1,"Turdidae_Catharus_ustulatus,9",,
jeantet-dufourq-2023,annomate,zenodo.7828148-v1-30777-9,svl_label,1,"Turdidae_Catharus_ustulatus,9",,
jeantet-dufourq-2023,annomate,zenodo.7828148-v1-30777-10,svl_label,1,"Turdidae_Catharus_ustulatus,9",,
jeantet-dufourq-2023,annomate,zenodo.7828148-v1-307944-1,svl_label,1,"Fringillidae_Serinus_serinus, 10",,
jeantet-dufourq-2023,annomate,zenodo.7828148-v1-307944-2,svl_label,1,"Fringillidae_Serinus_serinus, 10",,
jeantet-dufourq-2023,annomate,zenodo.7828148-v1-307944-3,svl_label,1,"Fringillidae_Serinus_serinus, 10",,
jeantet-dufourq-2023,annomate,zenodo.7828148-v1-307944-4,svl_label,1,"Fringillidae_Serinus_serinus, 10",,
jeantet-dufourq-2023,annomate,zenodo.7828148-v1-30933-1,svl_label,1,"Turdidae_Catharus_fuscater,9",,
jeantet-dufourq-2023,annomate,zenodo.7828148-v1-30933-2,svl_label,1,"Turdidae_Catharus_fuscater,9",,
jeantet-dufourq-2023,annomate,zenodo.7828148-v1-30933-3,svl_label,1,"Turdidae_Catharus_fuscater,9",,
jeantet-dufourq-2023,annomate,zenodo.7828148-v1-30933-4,svl_label,1,"Turdidae_Catharus_fuscater,9",,
jeantet-dufourq-2023,annomate,zenodo.7828148-v1-30933-5,svl_label,1,"Turdidae_Catharus_fuscater,9",,
jeantet-dufourq-2023,annomate,zenodo.7828148-v1-30933-6,svl_label,1,"Turdidae_Catharus_fuscater,9",,
jeantet-dufourq-2023,annomate,zenodo.7828148-v1-30933-7,svl_label,1,"Turdidae_Catharus_fuscater,9",,
jeantet-dufourq-2023,annomate,zenodo.7828148-v1-30933-8,svl_label,1,"Turdidae_Catharus_fuscater,9",,
jeantet-dufourq-2023,annomate,zenodo.7828148-v1-30933-9,svl_label,1,"Turdidae_Catharus_fuscater,9",,
jeantet-dufourq-2023,annomate,zenodo.7828148-v1-30933-10,svl_label,1,"Turdidae_Catharus_fuscater,9",,
jeantet-dufourq-2023,annomate,zenodo.7828148-v1-30933-11,svl_label,1,"Turdidae_Catharus_fuscater,9",,
jeantet-dufourq-2023,annomate,zenodo.7828148-v1-30933-12,svl_label,1,"Turdidae_Catharus_fuscater,9",,
jeantet-dufourq-2023,annomate,zenodo.7828148-v1-30933-13,svl_label,1,"Turdidae_Catharus_fuscater,9",,
jeantet-dufourq-2023,annomate,zenodo.7828148-v1-30933-14,svl_label,1,"Turdidae_Catharus_fuscater,9",,
jeantet-dufourq-2023,annomate,zenodo.7828148-v1-30966-1,svl_label,1,"Paridae_Hypocnemis_hypoxantha,8",,
jeantet-dufourq-2023,annomate,zenodo.7828148-v1-30966-2,svl_label,1,"Paridae_Hypocnemis_hypoxantha,8",,
jeantet-dufourq-2023,annomate,zenodo.7828148-v1-30966-3,svl_label,1,"Paridae_Hypocnemis_hypoxantha,8",,
jeantet-dufourq-2023,annomate,zenodo.7828148-v1-312021-1,svl_label,1,"Troglodytidae_Troglodytes_aedon,9",,
jeantet-dufourq-2023,annomate,zenodo.7828148-v1-312021-2,svl_label,1,"Troglodytidae_Troglodytes_aedon,9",,
jeantet-dufourq-2023,annomate,zenodo.7828148-v1-312021-3,svl_label,1,"Troglodytidae_Troglodytes_aedon,9",,
jeantet-dufourq-2023,annomate,zenodo.7828148-v1-312021-4,svl_label,1,"Troglodytidae_Troglodytes_aedon,9",,
jeantet-dufourq-2023,annomate,zenodo.7828148-v1-312021-5,svl_label,1,"Troglodytidae_Troglodytes_aedon,9",,
jeantet-dufourq-2023,annomate,zenodo.7828148-v1-312021-6,svl_label,1,"Troglodytidae_Troglodytes_aedon,9",,
jeantet-dufourq-2023,annomate,zenodo.7828148-v1-312021-7,svl_label,1,"Troglodytidae_Troglodytes_aedon,9",,
jeantet-dufourq-2023,annomate,zenodo.7828148-v1-312021-8,svl_label,1,"Troglodytidae_Troglodytes_aedon,9",,
jeantet-dufourq-2023,annomate,zenodo.7828148-v1-312635-1,svl_label,1,"Fringillidae_Serinus_serinus,9",,
jeantet-dufourq-2023,annomate,zenodo.7828148-v1-312635-2,svl_label,1,"Fringillidae_Serinus_serinus,9",,
jeantet-dufourq-2023,annomate,zenodo.7828148-v1-312635-3,svl_label,1,"Fringillidae_Serinus_serinus,9",,
jeantet-dufourq-2023,annomate,zenodo.7828148-v1-312975-1,svl_label,1,"Turdidae_Catharus_fuscater,9",,
jeantet-dufourq-2023,annomate,zenodo.7828148-v1-312975-2,svl_label,1,"Turdidae_Catharus_fuscater,9",,
jeantet-dufourq-2023,annomate,zenodo.7828148-v1-312975-3,svl_label,1,"Turdidae_Catharus_fuscater,9",,
jeantet-dufourq-2023,annomate,zenodo.7828148-v1-312975-4,svl_label,1,"Turdidae_Catharus_fuscater,9",,
jeantet-dufourq-2023,annomate,zenodo.7828148-v1-312975-5,svl_label,1,"Turdidae_Catharus_fuscater,9",,
jeantet-dufourq-2023,annomate,zenodo.7828148-v1-312975-6,svl_label,1,"Turdidae_Catharus_fuscater,9",,
jeantet-dufourq-2023,annomate,zenodo.7828148-v1-312975-7,svl_label,1,"Turdidae_Catharus_fuscater,9",,
jeantet-dufourq-2023,annomate,zenodo.7828148-v1-312975-8,svl_label,1,"Turdidae_Catharus_fuscater,9",,
jeantet-dufourq-2023,annomate,zenodo.7828148-v1-314415-1,svl_label,1,"Troglodytidae_Troglodytes_aedon,9",,
jeantet-dufourq-2023,annomate,zenodo.7828148-v1-314415-2,svl_label,1,"Troglodytidae_Troglodytes_aedon,9",,
jeantet-dufourq-2023,annomate,zenodo.7828148-v1-314415-3,svl_label,1,"Troglodytidae_Troglodytes_aedon,9",,
jeantet-dufourq-2023,annomate,zenodo.7828148-v1-314415-4,svl_label,1,"Troglodytidae_Troglodytes_aedon,9",,
jeantet-dufourq-2023,annomate,zenodo.7828148-v1-31488-1,svl_label,1,"Turdidae_Catharus_aurantiirostris,9",,
jeantet-dufourq-2023,annomate,zenodo.7828148-v1-31488-2,svl_label,1,"Turdidae_Catharus_aurantiirostris,9",,
jeantet-dufourq-2023,annomate,zenodo.7828148-v1-31488-3,svl_label,1,"Turdidae_Catharus_aurantiirostris,9",,
jeantet-dufourq-2023,annomate,zenodo.7828148-v1-31488-4,svl_label,1,"Turdidae_Catharus_aurantiirostris,9",,
jeantet-dufourq-2023,annomate,zenodo.7828148-v1-31488-5,svl_label,1,"Turdidae_Catharus_aurantiirostris,9",,
jeantet-dufourq-2023,annomate,zenodo.7828148-v1-31488-6,svl_label,1,"Turdidae_Catharus_aurantiirostris,9",,
jeantet-dufourq-2023,annomate,zenodo.7828148-v1-315534-1,svl_label,1,"Fringillidae_Serinus_serinus, 10",,
jeantet-dufourq-2023,annomate,zenodo.7828148-v1-315912-1,svl_label,1,"Paridae_Saxicola_rubetra,8",,
jeantet-dufourq-2023,annomate,zenodo.7828148-v1-315912-2,svl_label,1,"Paridae_Saxicola_rubetra,8",,
jeantet-dufourq-2023,annomate,zenodo.7828148-v1-315912-3,svl_label,1,"Paridae_Saxicola_rubetra,8",,
jeantet-dufourq-2023,annomate,zenodo.7828148-v1-315912-4,svl_label,1,"Paridae_Saxicola_rubetra,8",,
jeantet-dufourq-2023,annomate,zenodo.7828148-v1-315912-5,svl_label,1,"Paridae_Saxicola_rubetra,8",,
jeantet-dufourq-2023,annomate,zenodo.7828148-v1-315912-6,svl_label,1,"Paridae_Saxicola_rubetra,8",,
jeantet-dufourq-2023,annomate,zenodo.7828148-v1-316751-1,svl_label,1,"Turdidae_Catharus_fuscater,8",,
jeantet-dufourq-2023,annomate,zenodo.7828148-v1-316751-2,svl_label,1,"Turdidae_Catharus_fuscater,8",,
jeantet-dufourq-2023,annomate,zenodo.7828148-v1-316751-3,svl_label,1,"Turdidae_Catharus_fuscater,8",,
jeantet-dufourq-2023,annomate,zenodo.7828148-v1-316751-4,svl_label,1,"Turdidae_Catharus_fuscater,8",,
jeantet-dufourq-2023,annomate,zenodo.7828148-v1-316751-5,svl_label,1,"Turdidae_Catharus_fuscater,8",,
jeantet-dufourq-2023,annomate,zenodo.7828148-v1-316751-6,svl_label,1,"Turdidae_Catharus_fuscater,8",,
jeantet-dufourq-2023,annomate,zenodo.7828148-v1-316751-7,svl_label,1,"Turdidae_Catharus_fuscater,8",,
jeantet-dufourq-2023,annomate,zenodo.7828148-v1-316751-8,svl_label,1,"Turdidae_Catharus_fuscater,8",,
jeantet-dufourq-2023,annomate,zenodo.7828148-v1-316751-9,svl_label,1,"Turdidae_Catharus_fuscater,8",,
jeantet-dufourq-2023,annomate,zenodo.7828148-v1-316751-10,svl_label,1,"Turdidae_Catharus_fuscater,8",,
jeantet-dufourq-2023,annomate,zenodo.7828148-v1-316751-11,svl_label,1,"Turdidae_Catharus_fuscater,8",,
jeantet-dufourq-2023,annomate,zenodo.7828148-v1-316751-12,svl_label,1,"Turdidae_Catharus_fuscater,8",,
jeantet-dufourq-2023,annomate,zenodo.7828148-v1-316751-13,svl_label,1,"Turdidae_Catharus_fuscater,8",,
jeantet-dufourq-2023,annomate,zenodo.7828148-v1-316751-14,svl_label,1,"Turdidae_Catharus_fuscater,8",,
jeantet-dufourq-2023,annomate,zenodo.7828148-v1-316751-15,svl_label,1,"Turdidae_Catharus_fuscater,8",,
jeantet-dufourq-2023,annomate,zenodo.7828148-v1-316751-16,svl_label,1,"Turdidae_Catharus_fuscater,8",,
jeantet-dufourq-2023,annomate,zenodo.7828148-v1-316751-17,svl_label,1,"Turdidae_Catharus_fuscater,8",,
jeantet-dufourq-2023,annomate,zenodo.7828148-v1-316751-18,svl_label,1,"Turdidae_Catharus_fuscater,8",,
jeantet-dufourq-2023,annomate,zenodo.7828148-v1-316751-19,svl_label,1,"Turdidae_Catharus_fuscater,8",,
jeantet-dufourq-2023,annomate,zenodo.7828148-v1-317789-1,svl_label,1,"Paridae_Saxicola_rubetra,9",,
jeantet-dufourq-2023,annomate,zenodo.7828148-v1-317789-2,svl_label,1,"Paridae_Saxicola_rubetra,9",,
jeantet-dufourq-2023,annomate,zenodo.7828148-v1-317789-3,svl_label,1,"Paridae_Saxicola_rubetra,9",,
jeantet-dufourq-2023,annomate,zenodo.7828148-v1-317789-4,svl_label,1,"Paridae_Saxicola_rubetra,9",,
jeantet-dufourq-2023,annomate,zenodo.7828148-v1-317789-5,svl_label,1,"Paridae_Saxicola_rubetra,9",,
jeantet-dufourq-2023,annomate,zenodo.7828148-v1-317789-6,svl_label,1,"Paridae_Saxicola_rubetra,9",,
jeantet-dufourq-2023,annomate,zenodo.7828148-v1-317789-7,svl_label,1,"Paridae_Saxicola_rubetra,9",,
jeantet-dufourq-2023,annomate,zenodo.7828148-v1-317789-8,svl_label,1,"Paridae_Saxicola_rubetra,9",,
jeantet-dufourq-2023,annomate,zenodo.7828148-v1-317789-9,svl_label,1,"Paridae_Saxicola_rubetra,9",,
jeantet-dufourq-2023,annomate,zenodo.7828148-v1-317789-10,svl_label,1,"Paridae_Saxicola_rubetra,9",,
jeantet-dufourq-2023,annomate,zenodo.7828148-v1-317789-11,svl_label,1,"Paridae_Saxicola_rubetra,9",,
jeantet-dufourq-2023,annomate,zenodo.7828148-v1-317789-12,svl_label,1,"Paridae_Saxicola_rubetra,9",,
jeantet-dufourq-2023,annomate,zenodo.7828148-v1-317789-13,svl_label,1,"Paridae_Saxicola_rubetra,9",,
jeantet-dufourq-2023,annomate,zenodo.7828148-v1-317789-14,svl_label,1,"Paridae_Saxicola_rubetra,9",,
jeantet-dufourq-2023,annomate,zenodo.7828148-v1-317789-15,svl_label,1,"Paridae_Saxicola_rubetra,9",,
jeantet-dufourq-2023,annomate,zenodo.7828148-v1-317789-16,svl_label,1,"Paridae_Saxicola_rubetra,9",,
jeantet-dufourq-2023,annomate,zenodo.7828148-v1-317789-17,svl_label,1,"Paridae_Saxicola_rubetra,9",,
jeantet-dufourq-2023,annomate,zenodo.7828148-v1-317789-18,svl_label,1,"Paridae_Saxicola_rubetra,9",,
jeantet-dufourq-2023,annomate,zenodo.7828148-v1-317789-19,svl_label,1,"Paridae_Saxicola_rubetra,9",,
jeantet-dufourq-2023,annomate,zenodo.7828148-v1-317789-20,svl_label,1,"Paridae_Saxicola_rubetra,9",,
jeantet-dufourq-2023,annomate,zenodo.7828148-v1-317789-21,svl_label,1,"Paridae_Saxicola_rubetra,9",,
jeantet-dufourq-2023,annomate,zenodo.7828148-v1-317789-22,svl_label,1,"Paridae_Saxicola_rubetra,9",,
jeantet-dufourq-2023,annomate,zenodo.7828148-v1-317789-23,svl_label,1,"Paridae_Saxicola_rubetra,9",,
jeantet-dufourq-2023,annomate,zenodo.7828148-v1-317789-24,svl_label,1,"Paridae_Saxicola_rubetra,9",,
jeantet-dufourq-2023,annomate,zenodo.7828148-v1-317789-25,svl_label,1,"Paridae_Saxicola_rubetra,9",,
jeantet-dufourq-2023,annomate,zenodo.7828148-v1-317896-1,svl_label,1,"Paridae_Saxicola_rubetra,6",,
jeantet-dufourq-2023,annomate,zenodo.7828148-v1-317896-2,svl_label,1,"Paridae_Saxicola_rubetra,6",,
jeantet-dufourq-2023,annomate,zenodo.7828148-v1-317896-3,svl_label,1,"Paridae_Saxicola_rubetra,6",,
jeantet-dufourq-2023,annomate,zenodo.7828148-v1-317896-4,svl_label,1,"Paridae_Saxicola_rubetra,6",,
jeantet-dufourq-2023,annomate,zenodo.7828148-v1-317896-5,svl_label,1,"Paridae_Saxicola_rubetra,6",,
jeantet-dufourq-2023,annomate,zenodo.7828148-v1-317896-6,svl_label,1,"Paridae_Saxicola_rubetra,6",,
jeantet-dufourq-2023,annomate,zenodo.7828148-v1-317896-7,svl_label,1,"Paridae_Saxicola_rubetra,6",,
jeantet-dufourq-2023,annomate,zenodo.7828148-v1-317896-8,svl_label,1,"Paridae_Saxicola_rubetra,6",,
jeantet-dufourq-2023,annomate,zenodo.7828148-v1-317896-9,svl_label,1,"Paridae_Saxicola_rubetra,6",,
jeantet-dufourq-2023,annomate,zenodo.7828148-v1-317896-10,svl_label,1,"Paridae_Saxicola_rubetra,6",,
jeantet-dufourq-2023,annomate,zenodo.7828148-v1-317962-1,svl_label,1,"Troglodytidae_Troglodytes_aedon,9",,
jeantet-dufourq-2023,annomate,zenodo.7828148-v1-317962-2,svl_label,1,"Troglodytidae_Troglodytes_aedon,9",,
jeantet-dufourq-2023,annomate,zenodo.7828148-v1-317962-3,svl_label,1,"Troglodytidae_Troglodytes_aedon,9",,
jeantet-dufourq-2023,annomate,zenodo.7828148-v1-317962-4,svl_label,1,"Troglodytidae_Troglodytes_aedon,9",,
jeantet-dufourq-2023,annomate,zenodo.7828148-v1-317962-5,svl_label,1,"Troglodytidae_Troglodytes_aedon,9",,
jeantet-dufourq-2023,annomate,zenodo.7828148-v1-317962-6,svl_label,1,"Troglodytidae_Troglodytes_aedon,9",,
jeantet-dufourq-2023,annomate,zenodo.7828148-v1-317962-7,svl_label,1,"Troglodytidae_Troglodytes_aedon,9",,
jeantet-dufourq-2023,annomate,zenodo.7828148-v1-317962-8,svl_label,1,"Troglodytidae_Troglodytes_aedon,9",,
jeantet-dufourq-2023,annomate,zenodo.7828148-v1-317962-9,svl_label,1,"Troglodytidae_Troglodytes_aedon,9",,
jeantet-dufourq-2023,annomate,zenodo.7828148-v1-317962-10,svl_label,1,"Troglodytidae_Troglodytes_aedon,9",,
jeantet-dufourq-2023,annomate,zenodo.7828148-v1-317962-11,svl_label,1,"Troglodytidae_Troglodytes_aedon,9",,
jeantet-dufourq-2023,annomate,zenodo.7828148-v1-317962-12,svl_label,1,"Troglodytidae_Troglodytes_aedon,9",,
jeantet-dufourq-2023,annomate,zenodo.7828148-v1-317962-13,svl_label,1,"Troglodytidae_Troglodytes_aedon,9",,
jeantet-dufourq-2023,annomate,zenodo.7828148-v1-317962-14,svl_label,1,"Troglodytidae_Troglodytes_aedon,9",,
jeantet-dufourq-2023,annomate,zenodo.7828148-v1-318627-1,svl_label,1,"Paridae_Hypocnemis_cantator, 10",,
jeantet-dufourq-2023,annomate,zenodo.7828148-v1-318627-2,svl_label,1,"Paridae_Hypocnemis_cantator, 10",,
jeantet-dufourq-2023,annomate,zenodo.7828148-v1-318627-3,svl_label,1,"Paridae_Hypocnemis_cantator, 10",,
jeantet-dufourq-2023,annomate,zenodo.7828148-v1-318627-4,svl_label,1,"Paridae_Hypocnemis_cantator, 10",,
jeantet-dufourq-2023,annomate,zenodo.7828148-v1-318627-5,svl_label,1,"Paridae_Hypocnemis_cantator, 10",,
jeantet-dufourq-2023,annomate,zenodo.7828148-v1-318628-1,svl_label,1,"Paridae_Hypocnemis_cantator,8",,
jeantet-dufourq-2023,annomate,zenodo.7828148-v1-318628-2,svl_label,1,"Paridae_Hypocnemis_cantator,8",,
jeantet-dufourq-2023,annomate,zenodo.7828148-v1-318628-3,svl_label,1,"Paridae_Hypocnemis_cantator,8",,
jeantet-dufourq-2023,annomate,zenodo.7828148-v1-318628-4,svl_label,1,"Paridae_Hypocnemis_cantator,8",,
jeantet-dufourq-2023,annomate,zenodo.7828148-v1-318628-5,svl_label,1,"Paridae_Hypocnemis_cantator,8",,
jeantet-dufourq-2023,annomate,zenodo.7828148-v1-318702-1,svl_label,1,"Troglodytidae_Troglodytes_aedon,8",,
jeantet-dufourq-2023,annomate,zenodo.7828148-v1-318702-2,svl_label,1,"Troglodytidae_Troglodytes_aedon,8",,
jeantet-dufourq-2023,annomate,zenodo.7828148-v1-318853-1,svl_label,1,"Troglodytidae_Troglodytes_hiemalis,9",,
jeantet-dufourq-2023,annomate,zenodo.7828148-v1-318853-2,svl_label,1,"Troglodytidae_Troglodytes_hiemalis,9",,
jeantet-dufourq-2023,annomate,zenodo.7828148-v1-318853-3,svl_label,1,"Troglodytidae_Troglodytes_hiemalis,9",,
jeantet-dufourq-2023,annomate,zenodo.7828148-v1-318853-4,svl_label,1,"Troglodytidae_Troglodytes_hiemalis,9",,
jeantet-dufourq-2023,annomate,zenodo.7828148-v1-318853-5,svl_label,1,"Troglodytidae_Troglodytes_hiemalis,9",,
jeantet-dufourq-2023,annomate,zenodo.7828148-v1-318853-6,svl_label,1,"Troglodytidae_Troglodytes_hiemalis,9",,
jeantet-dufourq-2023,annomate,zenodo.7828148-v1-319330-1,svl_label,1,"Paridae_Saxicola_rubetra,9",,
jeantet-dufourq-2023,annomate,zenodo.7828148-v1-319330-2,svl_label,1,"Paridae_Saxicola_rubetra,9",,
jeantet-dufourq-2023,annomate,zenodo.7828148-v1-319330-3,svl_label,1,"Paridae_Saxicola_rubetra,9",,
jeantet-dufourq-2023,annomate,zenodo.7828148-v1-319330-4,svl_label,1,"Paridae_Saxicola_rubetra,9",,
jeantet-dufourq-2023,annomate,zenodo.7828148-v1-319330-5,svl_label,1,"Paridae_Saxicola_rubetra,9",,
jeantet-dufourq-2023,annomate,zenodo.7828148-v1-319330-6,svl_label,1,"Paridae_Saxicola_rubetra,9",,
jeantet-dufourq-2023,annomate,zenodo.7828148-v1-319330-7,svl_label,1,"Paridae_Saxicola_rubetra,9",,
jeantet-dufourq-2023,annomate,zenodo.7828148-v1-319330-8,svl_label,1,"Paridae_Saxicola_rubetra,9",,
jeantet-dufourq-2023,annomate,zenodo.7828148-v1-319330-9,svl_label,1,"Paridae_Saxicola_rubetra,9",,
jeantet-dufourq-2023,annomate,zenodo.7828148-v1-319330-10,svl_label,1,"Paridae_Saxicola_rubetra,9",,
jeantet-dufourq-2023,annomate,zenodo.7828148-v1-319330-11,svl_label,1,"Paridae_Saxicola_rubetra,9",,
jeantet-dufourq-2023,annomate,zenodo.7828148-v1-319330-12,svl_label,1,"Paridae_Saxicola_rubetra,9",,
jeantet-dufourq-2023,annomate,zenodo.7828148-v1-319330-13,svl_label,1,"Paridae_Saxicola_rubetra,9",,
jeantet-dufourq-2023,annomate,zenodo.7828148-v1-319330-14,svl_label,1,"Paridae_Saxicola_rubetra,9",,
jeantet-dufourq-2023,annomate,zenodo.7828148-v1-319330-15,svl_label,1,"Paridae_Saxicola_rubetra,9",,
jeantet-dufourq-2023,annomate,zenodo.7828148-v1-319330-16,svl_label,1,"Paridae_Saxicola_rubetra,9",,
jeantet-dufourq-2023,annomate,zenodo.7828148-v1-319330-17,svl_label,1,"Paridae_Saxicola_rubetra,9",,
jeantet-dufourq-2023,annomate,zenodo.7828148-v1-319382-1,svl_label,1,"Troglodytidae_Troglodytes_aedon,8",,
jeantet-dufourq-2023,annomate,zenodo.7828148-v1-319382-2,svl_label,1,"Troglodytidae_Troglodytes_aedon,9",,
jeantet-dufourq-2023,annomate,zenodo.7828148-v1-319397-1,svl_label,1,"Paridae_Saxicola_rubetra,6",,
jeantet-dufourq-2023,annomate,zenodo.7828148-v1-319397-2,svl_label,1,"Paridae_Saxicola_rubetra,6",,
jeantet-dufourq-2023,annomate,zenodo.7828148-v1-319397-3,svl_label,1,"Paridae_Saxicola_rubetra,6",,
jeantet-dufourq-2023,annomate,zenodo.7828148-v1-319397-4,svl_label,1,"Paridae_Saxicola_rubetra,6",,
jeantet-dufourq-2023,annomate,zenodo.7828148-v1-319397-5,svl_label,1,"Paridae_Saxicola_rubetra,6",,
jeantet-dufourq-2023,annomate,zenodo.7828148-v1-319397-6,svl_label,1,"Paridae_Saxicola_rubetra,6",,
jeantet-dufourq-2023,annomate,zenodo.7828148-v1-319397-7,svl_label,1,"Paridae_Saxicola_rubetra,6",,
jeantet-dufourq-2023,annomate,zenodo.7828148-v1-319397-8,svl_label,1,"Paridae_Saxicola_rubetra,6",,
jeantet-dufourq-2023,annomate,zenodo.7828148-v1-319397-9,svl_label,1,"Paridae_Saxicola_rubetra,6",,
jeantet-dufourq-2023,annomate,zenodo.7828148-v1-319397-10,svl_label,1,"Paridae_Saxicola_rubetra,6",,
jeantet-dufourq-2023,annomate,zenodo.7828148-v1-319397-11,svl_label,1,"Paridae_Saxicola_rubetra,6",,
jeantet-dufourq-2023,annomate,zenodo.7828148-v1-319397-12,svl_label,1,"Paridae_Saxicola_rubetra,6",,
jeantet-dufourq-2023,annomate,zenodo.7828148-v1-319397-13,svl_label,1,"Paridae_Saxicola_rubetra,6",,
jeantet-dufourq-2023,annomate,zenodo.7828148-v1-319397-14,svl_label,1,"Paridae_Saxicola_rubetra,6",,
jeantet-dufourq-2023,annomate,zenodo.7828148-v1-319397-15,svl_label,1,"Paridae_Saxicola_rubetra,6",,
jeantet-dufourq-2023,annomate,zenodo.7828148-v1-319397-16,svl_label,1,"Paridae_Saxicola_rubetra,6",,
jeantet-dufourq-2023,annomate,zenodo.7828148-v1-319397-17,svl_label,1,"Paridae_Saxicola_rubetra,6",,
jeantet-dufourq-2023,annomate,zenodo.7828148-v1-319397-18,svl_label,1,"Paridae_Saxicola_rubetra,6",,
jeantet-dufourq-2023,annomate,zenodo.7828148-v1-319397-19,svl_label,1,"Paridae_Saxicola_rubetra,6",,
jeantet-dufourq-2023,annomate,zenodo.7828148-v1-319397-20,svl_label,1,"Paridae_Saxicola_rubetra,6",,
jeantet-dufourq-2023,annomate,zenodo.7828148-v1-319397-21,svl_label,1,"Paridae_Saxicola_rubetra,6",,
jeantet-dufourq-2023,annomate,zenodo.7828148-v1-319397-22,svl_label,1,"Paridae_Saxicola_rubetra,6",,
jeantet-dufourq-2023,annomate,zenodo.7828148-v1-319397-23,svl_label,1,"Paridae_Saxicola_rubetra,6",,
jeantet-dufourq-2023,annomate,zenodo.7828148-v1-319397-24,svl_label,1,"Paridae_Saxicola_rubetra,6",,
jeantet-dufourq-2023,annomate,zenodo.7828148-v1-319397-25,svl_label,1,"Paridae_Saxicola_rubetra,6",,
jeantet-dufourq-2023,annomate,zenodo.7828148-v1-319397-26,svl_label,1,"Paridae_Saxicola_rubetra,6",,
jeantet-dufourq-2023,annomate,zenodo.7828148-v1-319397-27,svl_label,1,"Paridae_Saxicola_rubetra,6",,
jeantet-dufourq-2023,annomate,zenodo.7828148-v1-319397-28,svl_label,1,"Paridae_Saxicola_rubetra,6",,
jeantet-dufourq-2023,annomate,zenodo.7828148-v1-319397-29,svl_label,1,"Paridae_Saxicola_rubetra,6",,
jeantet-dufourq-2023,annomate,zenodo.7828148-v1-319398-1,svl_label,1,"Paridae_Saxicola_rubetra,8",,
jeantet-dufourq-2023,annomate,zenodo.7828148-v1-319398-2,svl_label,1,"Paridae_Saxicola_rubetra,8",,
jeantet-dufourq-2023,annomate,zenodo.7828148-v1-319398-3,svl_label,1,"Paridae_Saxicola_rubetra,8",,
jeantet-dufourq-2023,annomate,zenodo.7828148-v1-319398-4,svl_label,1,"Paridae_Saxicola_rubetra,7",,
jeantet-dufourq-2023,annomate,zenodo.7828148-v1-319398-5,svl_label,1,"Paridae_Saxicola_rubetra,6",,
jeantet-dufourq-2023,annomate,zenodo.7828148-v1-319398-6,svl_label,1,"Paridae_Saxicola_rubetra,8",,
jeantet-dufourq-2023,annomate,zenodo.7828148-v1-319398-7,svl_label,1,"Paridae_Saxicola_rubetra,7",,
jeantet-dufourq-2023,annomate,zenodo.7828148-v1-319398-8,svl_label,1,"Paridae_Saxicola_rubetra,7",,
jeantet-dufourq-2023,annomate,zenodo.7828148-v1-319398-9,svl_label,1,"Paridae_Saxicola_rubetra,8",,
jeantet-dufourq-2023,annomate,zenodo.7828148-v1-319398-10,svl_label,1,"Paridae_Saxicola_rubetra,8",,
jeantet-dufourq-2023,annomate,zenodo.7828148-v1-319398-11,svl_label,1,"Paridae_Saxicola_rubetra,8",,
jeantet-dufourq-2023,annomate,zenodo.7828148-v1-319398-12,svl_label,1,"Paridae_Saxicola_rubetra,8",,
jeantet-dufourq-2023,annomate,zenodo.7828148-v1-319398-13,svl_label,1,"Paridae_Saxicola_rubetra,8",,
jeantet-dufourq-2023,annomate,zenodo.7828148-v1-319398-14,svl_label,1,"Paridae_Saxicola_rubetra,7",,
jeantet-dufourq-2023,annomate,zenodo.7828148-v1-319398-15,svl_label,1,"Paridae_Saxicola_rubetra,8",,
jeantet-dufourq-2023,annomate,zenodo.7828148-v1-319398-16,svl_label,1,"Paridae_Saxicola_rubetra,8",,
jeantet-dufourq-2023,annomate,zenodo.7828148-v1-319398-17,svl_label,1,"Paridae_Saxicola_rubetra,8",,
jeantet-dufourq-2023,annomate,zenodo.7828148-v1-319398-18,svl_label,1,"Paridae_Saxicola_rubetra,8",,
jeantet-dufourq-2023,annomate,zenodo.7828148-v1-319398-19,svl_label,1,"Paridae_Saxicola_rubetra,8",,
jeantet-dufourq-2023,annomate,zenodo.7828148-v1-319398-20,svl_label,1,"Paridae_Saxicola_rubetra,8",,
jeantet-dufourq-2023,annomate,zenodo.7828148-v1-319398-21,svl_label,1,"Paridae_Saxicola_rubetra,8",,
jeantet-dufourq-2023,annomate,zenodo.7828148-v1-319398-22,svl_label,1,"Paridae_Saxicola_rubetra,8",,
jeantet-dufourq-2023,annomate,zenodo.7828148-v1-319398-23,svl_label,1,"Paridae_Saxicola_rubetra,8",,
jeantet-dufourq-2023,annomate,zenodo.7828148-v1-319398-24,svl_label,1,"Paridae_Saxicola_rubetra,8",,
jeantet-dufourq-2023,annomate,zenodo.7828148-v1-319398-25,svl_label,1,"Paridae_Saxicola_rubetra,7",,
jeantet-dufourq-2023,annomate,zenodo.7828148-v1-319398-26,svl_label,1,"Paridae_Saxicola_rubetra,6",,
jeantet-dufourq-2023,annomate,zenodo.7828148-v1-319398-27,svl_label,1,"Paridae_Saxicola_rubetra,7",,
jeantet-dufourq-2023,annomate,zenodo.7828148-v1-319398-28,svl_label,1,"Paridae_Saxicola_rubetra,7",,
jeantet-dufourq-2023,annomate,zenodo.7828148-v1-319398-29,svl_label,1,"Paridae_Saxicola_rubetra,7",,
jeantet-dufourq-2023,annomate,zenodo.7828148-v1-319398-30,svl_label,1,"Paridae_Saxicola_rubetra,7",,
jeantet-dufourq-2023,annomate,zenodo.7828148-v1-319398-31,svl_label,1,"Paridae_Saxicola_rubetra,7",,
jeantet-dufourq-2023,annomate,zenodo.7828148-v1-319398-32,svl_label,1,"Paridae_Saxicola_rubetra,7",,
jeantet-dufourq-2023,annomate,zenodo.7828148-v1-319398-33,svl_label,1,"Paridae_Saxicola_rubetra,7",,
jeantet-dufourq-2023,annomate,zenodo.7828148-v1-319398-34,svl_label,1,"Paridae_Saxicola_rubetra,7",,
jeantet-dufourq-2023,annomate,zenodo.7828148-v1-319399-1,svl_label,1,"Paridae_Saxicola_rubetra,8",,
jeantet-dufourq-2023,annomate,zenodo.7828148-v1-319399-2,svl_label,1,"Paridae_Saxicola_rubetra,8",,
jeantet-dufourq-2023,annomate,zenodo.7828148-v1-319399-3,svl_label,1,"Paridae_Saxicola_rubetra,8",,
jeantet-dufourq-2023,annomate,zenodo.7828148-v1-319399-4,svl_label,1,"Paridae_Saxicola_rubetra,8",,
jeantet-dufourq-2023,annomate,zenodo.7828148-v1-319399-5,svl_label,1,"Paridae_Saxicola_rubetra,8",,
jeantet-dufourq-2023,annomate,zenodo.7828148-v1-319399-6,svl_label,1,"Paridae_Saxicola_rubetra,8",,
jeantet-dufourq-2023,annomate,zenodo.7828148-v1-319399-7,svl_label,1,"Paridae_Saxicola_rubetra,8",,
jeantet-dufourq-2023,annomate,zenodo.7828148-v1-319399-8,svl_label,1,"Paridae_Saxicola_rubetra,8",,
jeantet-dufourq-2023,annomate,zenodo.7828148-v1-319399-9,svl_label,1,"Paridae_Saxicola_rubetra,8",,
jeantet-dufourq-2023,annomate,zenodo.7828148-v1-319399-10,svl_label,1,"Paridae_Saxicola_rubetra,8",,
jeantet-dufourq-2023,annomate,zenodo.7828148-v1-319399-11,svl_label,1,"Paridae_Saxicola_rubetra,8",,
jeantet-dufourq-2023,annomate,zenodo.7828148-v1-319399-12,svl_label,1,"Paridae_Saxicola_rubetra,8",,
jeantet-dufourq-2023,annomate,zenodo.7828148-v1-319399-13,svl_label,1,"Paridae_Saxicola_rubetra,8",,
jeantet-dufourq-2023,annomate,zenodo.7828148-v1-319399-14,svl_label,1,"Paridae_Saxicola_rubetra,8",,
jeantet-dufourq-2023,annomate,zenodo.7828148-v1-319399-15,svl_label,1,"Paridae_Saxicola_rubetra,8",,
jeantet-dufourq-2023,annomate,zenodo.7828148-v1-319399-16,svl_label,1,"Paridae_Saxicola_rubetra,8",,
jeantet-dufourq-2023,annomate,zenodo.7828148-v1-319399-17,svl_label,1,"Paridae_Saxicola_rubetra,7",,
jeantet-dufourq-2023,annomate,zenodo.7828148-v1-319399-18,svl_label,1,"Paridae_Saxicola_rubetra,7",,
jeantet-dufourq-2023,annomate,zenodo.7828148-v1-319399-19,svl_label,1,"Paridae_Saxicola_rubetra,7",,
jeantet-dufourq-2023,annomate,zenodo.7828148-v1-319399-20,svl_label,1,"Paridae_Saxicola_rubetra,7",,
jeantet-dufourq-2023,annomate,zenodo.7828148-v1-319399-21,svl_label,1,"Paridae_Saxicola_rubetra,7",,
jeantet-dufourq-2023,annomate,zenodo.7828148-v1-319399-22,svl_label,1,"Paridae_Saxicola_rubetra,7",,
jeantet-dufourq-2023,annomate,zenodo.7828148-v1-319399-23,svl_label,1,"Paridae_Saxicola_rubetra,7",,
jeantet-dufourq-2023,annomate,zenodo.7828148-v1-319399-24,svl_label,1,"Paridae_Saxicola_rubetra,7",,
jeantet-dufourq-2023,annomate,zenodo.7828148-v1-319399-25,svl_label,1,"Paridae_Saxicola_rubetra,7",,
jeantet-dufourq-2023,annomate,zenodo.7828148-v1-319399-26,svl_label,1,"Paridae_Saxicola_rubetra,7",,
jeantet-dufourq-2023,annomate,zenodo.7828148-v1-319399-27,svl_label,1,"Paridae_Saxicola_rubetra,7",,
jeantet-dufourq-2023,annomate,zenodo.7828148-v1-319399-28,svl_label,1,"Paridae_Saxicola_rubetra,7",,
jeantet-dufourq-2023,annomate,zenodo.7828148-v1-319399-29,svl_label,1,"Paridae_Saxicola_rubetra,7",,
jeantet-dufourq-2023,annomate,zenodo.7828148-v1-319399-30,svl_label,1,"Paridae_Saxicola_rubetra,7",,
jeantet-dufourq-2023,annomate,zenodo.7828148-v1-319399-31,svl_label,1,"Paridae_Saxicola_rubetra,7",,
jeantet-dufourq-2023,annomate,zenodo.7828148-v1-319399-32,svl_label,1,"Paridae_Saxicola_rubetra,7",,
jeantet-dufourq-2023,annomate,zenodo.7828148-v1-319399-33,svl_label,1,"Paridae_Saxicola_rubetra,7",,
jeantet-dufourq-2023,annomate,zenodo.7828148-v1-319399-34,svl_label,1,"Paridae_Saxicola_rubetra,7",,
jeantet-dufourq-2023,annomate,zenodo.7828148-v1-319399-35,svl_label,1,"Paridae_Saxicola_rubetra,6",,
jeantet-dufourq-2023,annomate,zenodo.7828148-v1-319399-36,svl_label,1,"Paridae_Saxicola_rubetra,6",,
jeantet-dufourq-2023,annomate,zenodo.7828148-v1-319399-37,svl_label,1,"Paridae_Saxicola_rubetra,7",,
jeantet-dufourq-2023,annomate,zenodo.7828148-v1-319399-38,svl_label,1,"Paridae_Saxicola_rubetra,7",,
jeantet-dufourq-2023,annomate,zenodo.7828148-v1-319399-39,svl_label,1,"Paridae_Saxicola_rubetra,7",,
jeantet-dufourq-2023,annomate,zenodo.7828148-v1-319399-40,svl_label,1,"Paridae_Saxicola_rubetra,6",,
jeantet-dufourq-2023,annomate,zenodo.7828148-v1-319399-41,svl_label,1,"Paridae_Saxicola_rubetra,7",,
jeantet-dufourq-2023,annomate,zenodo.7828148-v1-319399-42,svl_label,1,"Paridae_Saxicola_rubetra,7",,
jeantet-dufourq-2023,annomate,zenodo.7828148-v1-319399-43,svl_label,1,"Paridae_Saxicola_rubetra,7",,
jeantet-dufourq-2023,annomate,zenodo.7828148-v1-319399-44,svl_label,1,"Paridae_Saxicola_rubetra,7",,
jeantet-dufourq-2023,annomate,zenodo.7828148-v1-319399-45,svl_label,1,"Paridae_Saxicola_rubetra,7",,
jeantet-dufourq-2023,annomate,zenodo.7828148-v1-319399-46,svl_label,1,"Paridae_Saxicola_rubetra,7",,
jeantet-dufourq-2023,annomate,zenodo.7828148-v1-319399-47,svl_label,1,"Paridae_Saxicola_rubetra,7",,
jeantet-dufourq-2023,annomate,zenodo.7828148-v1-319399-48,svl_label,1,"Paridae_Saxicola_rubetra,7",,
jeantet-dufourq-2023,annomate,zenodo.7828148-v1-319399-49,svl_label,1,"Paridae_Saxicola_rubetra,7",,
jeantet-dufourq-2023,annomate,zenodo.7828148-v1-319399-50,svl_label,1,"Paridae_Saxicola_rubetra,7",,
jeantet-dufourq-2023,annomate,zenodo.7828148-v1-319399-51,svl_label,1,"Paridae_Saxicola_rubetra,7",,
jeantet-dufourq-2023,annomate,zenodo.7828148-v1-319399-52,svl_label,1,"Paridae_Saxicola_rubetra,7",,
jeantet-dufourq-2023,annomate,zenodo.7828148-v1-319399-53,svl_label,1,"Paridae_Saxicola_rubetra,7",,
jeantet-dufourq-2023,annomate,zenodo.7828148-v1-319399-54,svl_label,1,"Paridae_Saxicola_rubetra,7",,
jeantet-dufourq-2023,annomate,zenodo.7828148-v1-319399-55,svl_label,1,"Paridae_Saxicola_rubetra,7",,
jeantet-dufourq-2023,annomate,zenodo.7828148-v1-319399-56,svl_label,1,"Paridae_Saxicola_rubetra,7",,
jeantet-dufourq-2023,annomate,zenodo.7828148-v1-319399-57,svl_label,1,"Paridae_Saxicola_rubetra,7",,
jeantet-dufourq-2023,annomate,zenodo.7828148-v1-319399-58,svl_label,1,"Paridae_Saxicola_rubetra,7",,
jeantet-dufourq-2023,annomate,zenodo.7828148-v1-319399-59,svl_label,1,"Paridae_Saxicola_rubetra,6",,
jeantet-dufourq-2023,annomate,zenodo.7828148-v1-319399-60,svl_label,1,"Paridae_Saxicola_rubetra,6",,
jeantet-dufourq-2023,annomate,zenodo.7828148-v1-319399-61,svl_label,1,"Paridae_Saxicola_rubetra,7",,
jeantet-dufourq-2023,annomate,zenodo.7828148-v1-319399-62,svl_label,1,"Paridae_Saxicola_rubetra,7",,
jeantet-dufourq-2023,annomate,zenodo.7828148-v1-319399-63,svl_label,1,"Paridae_Saxicola_rubetra,7",,
jeantet-dufourq-2023,annomate,zenodo.7828148-v1-319399-64,svl_label,1,"Paridae_Saxicola_rubetra,7",,
jeantet-dufourq-2023,annomate,zenodo.7828148-v1-319399-65,svl_label,1,"Paridae_Saxicola_rubetra,6",,
jeantet-dufourq-2023,annomate,zenodo.7828148-v1-319399-66,svl_label,1,"Paridae_Saxicola_rubetra,6",,
jeantet-dufourq-2023,annomate,zenodo.7828148-v1-319399-67,svl_label,1,"Paridae_Saxicola_rubetra,7",,
jeantet-dufourq-2023,annomate,zenodo.7828148-v1-319399-68,svl_label,1,"Paridae_Saxicola_rubetra,7",,
jeantet-dufourq-2023,annomate,zenodo.7828148-v1-319399-69,svl_label,1,"Paridae_Saxicola_rubetra,6",,
jeantet-dufourq-2023,annomate,zenodo.7828148-v1-319399-70,svl_label,1,"Paridae_Saxicola_rubetra,7",,
jeantet-dufourq-2023,annomate,zenodo.7828148-v1-319399-71,svl_label,1,"Paridae_Saxicola_rubetra,7",,
jeantet-dufourq-2023,annomate,zenodo.7828148-v1-319399-72,svl_label,1,"Paridae_Saxicola_rubetra,7",,
jeantet-dufourq-2023,annomate,zenodo.7828148-v1-319399-73,svl_label,1,"Paridae_Saxicola_rubetra,7",,
jeantet-dufourq-2023,annomate,zenodo.7828148-v1-319399-74,svl_label,1,"Paridae_Saxicola_rubetra,7",,
jeantet-dufourq-2023,annomate,zenodo.7828148-v1-319399-75,svl_label,1,"Paridae_Saxicola_rubetra,7",,
jeantet-dufourq-2023,annomate,zenodo.7828148-v1-319399-76,svl_label,1,"Paridae_Saxicola_rubetra,7",,
jeantet-dufourq-2023,annomate,zenodo.7828148-v1-319986-1,svl_label,1,"Fringillidae_Serinus_serinus,9",,
jeantet-dufourq-2023,annomate,zenodo.7828148-v1-319986-2,svl_label,1,"Fringillidae_Serinus_serinus,9",,
jeantet-dufourq-2023,annomate,zenodo.7828148-v1-319986-3,svl_label,1,"Fringillidae_Serinus_serinus,9",,
jeantet-dufourq-2023,annomate,zenodo.7828148-v1-319986-4,svl_label,1,"Fringillidae_Serinus_serinus,9",,
jeantet-dufourq-2023,annomate,zenodo.7828148-v1-319986-5,svl_label,1,"Fringillidae_Serinus_serinus,9",,
jeantet-dufourq-2023,annomate,zenodo.7828148-v1-319986-6,svl_label,1,"Fringillidae_Serinus_serinus,9",,
jeantet-dufourq-2023,annomate,zenodo.7828148-v1-319986-7,svl_label,1,"Fringillidae_Serinus_serinus,9",,
jeantet-dufourq-2023,annomate,zenodo.7828148-v1-320180-1,svl_label,1,"Troglodytidae_Troglodytes_aedon,9",,
jeantet-dufourq-2023,annomate,zenodo.7828148-v1-320180-2,svl_label,1,"Troglodytidae_Troglodytes_aedon,9",,
jeantet-dufourq-2023,annomate,zenodo.7828148-v1-320180-3,svl_label,1,"Troglodytidae_Troglodytes_aedon,9",,
jeantet-dufourq-2023,annomate,zenodo.7828148-v1-320180-4,svl_label,1,"Troglodytidae_Troglodytes_aedon,9",,
jeantet-dufourq-2023,annomate,zenodo.7828148-v1-320180-5,svl_label,1,"Troglodytidae_Troglodytes_aedon,9",,
jeantet-dufourq-2023,annomate,zenodo.7828148-v1-320180-6,svl_label,1,"Troglodytidae_Troglodytes_aedon,9",,
jeantet-dufourq-2023,annomate,zenodo.7828148-v1-320180-7,svl_label,1,"Troglodytidae_Troglodytes_aedon,9",,
jeantet-dufourq-2023,annomate,zenodo.7828148-v1-320180-8,svl_label,1,"Troglodytidae_Troglodytes_aedon,9",,
jeantet-dufourq-2023,annomate,zenodo.7828148-v1-320180-9,svl_label,1,"Troglodytidae_Troglodytes_aedon,9",,
jeantet-dufourq-2023,annomate,zenodo.7828148-v1-320180-10,svl_label,1,"Troglodytidae_Troglodytes_aedon,9",,
jeantet-dufourq-2023,annomate,zenodo.7828148-v1-320180-11,svl_label,1,"Troglodytidae_Troglodytes_aedon,9",,
jeantet-dufourq-2023,annomate,zenodo.7828148-v1-320180-12,svl_label,1,"Troglodytidae_Troglodytes_aedon,9",,
jeantet-dufourq-2023,annomate,zenodo.7828148-v1-320180-13,svl_label,1,"Troglodytidae_Troglodytes_aedon,9",,
jeantet-dufourq-2023,annomate,zenodo.7828148-v1-320180-14,svl_label,1,"Troglodytidae_Troglodytes_aedon,9",,
jeantet-dufourq-2023,annomate,zenodo.7828148-v1-320180-15,svl_label,1,"Troglodytidae_Troglodytes_aedon,9",,
jeantet-dufourq-2023,annomate,zenodo.7828148-v1-320180-16,svl_label,1,"Troglodytidae_Troglodytes_aedon,9",,
jeantet-dufourq-2023,annomate,zenodo.7828148-v1-320180-17,svl_label,1,"Troglodytidae_Troglodytes_aedon,9",,
jeantet-dufourq-2023,annomate,zenodo.7828148-v1-320180-18,svl_label,1,"Troglodytidae_Troglodytes_aedon,9",,
jeantet-dufourq-2023,annomate,zenodo.7828148-v1-320180-19,svl_label,1,"Troglodytidae_Troglodytes_aedon,9",,
jeantet-dufourq-2023,annomate,zenodo.7828148-v1-320265-1,svl_label,1,"Troglodytidae_Troglodytes_aedon,8",,
jeantet-dufourq-2023,annomate,zenodo.7828148-v1-320265-2,svl_label,1,"Troglodytidae_Troglodytes_aedon,8",,
jeantet-dufourq-2023,annomate,zenodo.7828148-v1-320265-3,svl_label,1,"Troglodytidae_Troglodytes_aedon,8",,
jeantet-dufourq-2023,annomate,zenodo.7828148-v1-320265-4,svl_label,1,"Troglodytidae_Troglodytes_aedon,8",,
jeantet-dufourq-2023,annomate,zenodo.7828148-v1-320265-5,svl_label,1,"Troglodytidae_Troglodytes_aedon,8",,
jeantet-dufourq-2023,annomate,zenodo.7828148-v1-320493-1,svl_label,1,"Turdidae_Catharus_guttatus,9",,
jeantet-dufourq-2023,annomate,zenodo.7828148-v1-320493-2,svl_label,1,"Turdidae_Catharus_guttatus,9",,
jeantet-dufourq-2023,annomate,zenodo.7828148-v1-320493-3,svl_label,1,"Turdidae_Catharus_guttatus,9",,
jeantet-dufourq-2023,annomate,zenodo.7828148-v1-320493-4,svl_label,1,"Turdidae_Catharus_guttatus,9",,
jeantet-dufourq-2023,annomate,zenodo.7828148-v1-32165-1,svl_label,1,"Turdidae_Catharus_aurantiirostris,9",,
jeantet-dufourq-2023,annomate,zenodo.7828148-v1-32165-2,svl_label,1,"Turdidae_Catharus_aurantiirostris,9",,
jeantet-dufourq-2023,annomate,zenodo.7828148-v1-32165-3,svl_label,1,"Turdidae_Catharus_aurantiirostris,9",,
jeantet-dufourq-2023,annomate,zenodo.7828148-v1-32165-4,svl_label,1,"Turdidae_Catharus_aurantiirostris,9",,
jeantet-dufourq-2023,annomate,zenodo.7828148-v1-322083-1,svl_label,1,"Troglodytidae_Troglodytes_pacificus,9",,
jeantet-dufourq-2023,annomate,zenodo.7828148-v1-322083-2,svl_label,1,"Troglodytidae_Troglodytes_pacificus,9",,
jeantet-dufourq-2023,annomate,zenodo.7828148-v1-322083-3,svl_label,1,"Troglodytidae_Troglodytes_pacificus,9",,
jeantet-dufourq-2023,annomate,zenodo.7828148-v1-322083-4,svl_label,1,"Troglodytidae_Troglodytes_pacificus,9",,
jeantet-dufourq-2023,annomate,zenodo.7828148-v1-322083-5,svl_label,1,"Troglodytidae_Troglodytes_pacificus,9",,
jeantet-dufourq-2023,annomate,zenodo.7828148-v1-322675-1,svl_label,1,"Turdidae_Catharus_minimus,9",,
jeantet-dufourq-2023,annomate,zenodo.7828148-v1-322675-2,svl_label,1,"Turdidae_Catharus_minimus,9",,
jeantet-dufourq-2023,annomate,zenodo.7828148-v1-322675-3,svl_label,1,"Turdidae_Catharus_minimus,9",,
jeantet-dufourq-2023,annomate,zenodo.7828148-v1-322675-4,svl_label,1,"Turdidae_Catharus_minimus,9",,
jeantet-dufourq-2023,annomate,zenodo.7828148-v1-322725-1,svl_label,1,"Turdidae_Catharus_aurantiirostris,9",,
jeantet-dufourq-2023,annomate,zenodo.7828148-v1-322725-2,svl_label,1,"Turdidae_Catharus_aurantiirostris,9",,
jeantet-dufourq-2023,annomate,zenodo.7828148-v1-322852-1,svl_label,1,"Turdidae_Catharus_minimus,9",,
jeantet-dufourq-2023,annomate,zenodo.7828148-v1-322852-2,svl_label,1,"Turdidae_Catharus_minimus,9",,
jeantet-dufourq-2023,annomate,zenodo.7828148-v1-322852-3,svl_label,1,"Turdidae_Catharus_minimus,9",,
jeantet-dufourq-2023,annomate,zenodo.7828148-v1-322852-4,svl_label,1,"Turdidae_Catharus_minimus,9",,
jeantet-dufourq-2023,annomate,zenodo.7828148-v1-322852-5,svl_label,1,"Turdidae_Catharus_minimus,9",,
jeantet-dufourq-2023,annomate,zenodo.7828148-v1-322852-6,svl_label,1,"Turdidae_Catharus_minimus,9",,
jeantet-dufourq-2023,annomate,zenodo.7828148-v1-322852-7,svl_label,1,"Turdidae_Catharus_minimus,9",,
jeantet-dufourq-2023,annomate,zenodo.7828148-v1-322852-8,svl_label,1,"Turdidae_Catharus_minimus,9",,
jeantet-dufourq-2023,annomate,zenodo.7828148-v1-322852-9,svl_label,1,"Turdidae_Catharus_minimus,9",,
jeantet-dufourq-2023,annomate,zenodo.7828148-v1-322852-10,svl_label,1,"Turdidae_Catharus_minimus,9",,
jeantet-dufourq-2023,annomate,zenodo.7828148-v1-322852-11,svl_label,1,"Turdidae_Catharus_minimus,9",,
jeantet-dufourq-2023,annomate,zenodo.7828148-v1-322853-1,svl_label,1,"Turdidae_Catharus_minimus,9",,
jeantet-dufourq-2023,annomate,zenodo.7828148-v1-322853-2,svl_label,1,"Turdidae_Catharus_minimus,9",,
jeantet-dufourq-2023,annomate,zenodo.7828148-v1-322853-3,svl_label,1,"Turdidae_Catharus_minimus,9",,
jeantet-dufourq-2023,annomate,zenodo.7828148-v1-322853-4,svl_label,1,"Turdidae_Catharus_minimus,9",,
jeantet-dufourq-2023,annomate,zenodo.7828148-v1-322853-5,svl_label,1,"Turdidae_Catharus_minimus,9",,
jeantet-dufourq-2023,annomate,zenodo.7828148-v1-322853-6,svl_label,1,"Turdidae_Catharus_minimus,9",,
jeantet-dufourq-2023,annomate,zenodo.7828148-v1-322853-7,svl_label,1,"Turdidae_Catharus_minimus,9",,
jeantet-dufourq-2023,annomate,zenodo.7828148-v1-322856-1,svl_label,1,"Turdidae_Catharus_minimus,8",,
jeantet-dufourq-2023,annomate,zenodo.7828148-v1-322856-2,svl_label,1,"Turdidae_Catharus_minimus,8",,
jeantet-dufourq-2023,annomate,zenodo.7828148-v1-322856-3,svl_label,1,"Turdidae_Catharus_minimus,8",,
jeantet-dufourq-2023,annomate,zenodo.7828148-v1-322856-4,svl_label,1,"Turdidae_Catharus_minimus,8",,
jeantet-dufourq-2023,annomate,zenodo.7828148-v1-322856-5,svl_label,1,"Turdidae_Catharus_minimus,8",,
jeantet-dufourq-2023,annomate,zenodo.7828148-v1-322856-6,svl_label,1,"Turdidae_Catharus_minimus,8",,
jeantet-dufourq-2023,annomate,zenodo.7828148-v1-322856-7,svl_label,1,"Turdidae_Catharus_minimus,8",,
jeantet-dufourq-2023,annomate,zenodo.7828148-v1-322952-1,svl_label,1,"Troglodytidae_Troglodytes_pacificus,9",,
jeantet-dufourq-2023,annomate,zenodo.7828148-v1-322952-2,svl_label,1,"Troglodytidae_Troglodytes_pacificus,9",,
jeantet-dufourq-2023,annomate,zenodo.7828148-v1-322952-3,svl_label,1,"Troglodytidae_Troglodytes_pacificus,9",,
jeantet-dufourq-2023,annomate,zenodo.7828148-v1-322952-4,svl_label,1,"Troglodytidae_Troglodytes_pacificus,9",,
jeantet-dufourq-2023,annomate,zenodo.7828148-v1-322982-1,svl_label,1,"Turdidae_Catharus_ustulatus,9",,
jeantet-dufourq-2023,annomate,zenodo.7828148-v1-322982-2,svl_label,1,"Turdidae_Catharus_ustulatus,9",,
jeantet-dufourq-2023,annomate,zenodo.7828148-v1-322982-3,svl_label,1,"Turdidae_Catharus_ustulatus,9",,
jeantet-dufourq-2023,annomate,zenodo.7828148-v1-322982-4,svl_label,1,"Turdidae_Catharus_ustulatus,9",,
jeantet-dufourq-2023,annomate,zenodo.7828148-v1-322982-5,svl_label,1,"Turdidae_Catharus_ustulatus,9",,
jeantet-dufourq-2023,annomate,zenodo.7828148-v1-322982-6,svl_label,1,"Turdidae_Catharus_ustulatus,9",,
jeantet-dufourq-2023,annomate,zenodo.7828148-v1-322982-7,svl_label,1,"Turdidae_Catharus_ustulatus,9",,
jeantet-dufourq-2023,annomate,zenodo.7828148-v1-322991-1,svl_label,1,"Turdidae_Catharus_ustulatus,9",,
jeantet-dufourq-2023,annomate,zenodo.7828148-v1-322991-2,svl_label,1,"Turdidae_Catharus_ustulatus,9",,
jeantet-dufourq-2023,annomate,zenodo.7828148-v1-322991-3,svl_label,1,"Turdidae_Catharus_ustulatus,9",,
jeantet-dufourq-2023,annomate,zenodo.7828148-v1-322991-4,svl_label,1,"Turdidae_Catharus_ustulatus,9",,
jeantet-dufourq-2023,annomate,zenodo.7828148-v1-322991-5,svl_label,1,"Turdidae_Catharus_ustulatus,8",,
jeantet-dufourq-2023,annomate,zenodo.7828148-v1-322991-6,svl_label,1,"Turdidae_Catharus_ustulatus,9",,
jeantet-dufourq-2023,annomate,zenodo.7828148-v1-322991-7,svl_label,1,"Turdidae_Catharus_ustulatus,9",,
jeantet-dufourq-2023,annomate,zenodo.7828148-v1-322991-8,svl_label,1,"Turdidae_Catharus_ustulatus,9",,
jeantet-dufourq-2023,annomate,zenodo.7828148-v1-322992-1,svl_label,1,"Turdidae_Catharus_ustulatus,9",,
jeantet-dufourq-2023,annomate,zenodo.7828148-v1-322992-2,svl_label,1,"Turdidae_Catharus_ustulatus,9",,
jeantet-dufourq-2023,annomate,zenodo.7828148-v1-322992-3,svl_label,1,"Turdidae_Catharus_ustulatus,9",,
jeantet-dufourq-2023,annomate,zenodo.7828148-v1-322992-4,svl_label,1,"Turdidae_Catharus_ustulatus,9",,
jeantet-dufourq-2023,annomate,zenodo.7828148-v1-322992-5,svl_label,1,"Turdidae_Catharus_ustulatus,9",,
jeantet-dufourq-2023,annomate,zenodo.7828148-v1-322992-6,svl_label,1,"Turdidae_Catharus_ustulatus,9",,
jeantet-dufourq-2023,annomate,zenodo.7828148-v1-322992-7,svl_label,1,"Turdidae_Catharus_ustulatus,9",,
jeantet-dufourq-2023,annomate,zenodo.7828148-v1-322992-8,svl_label,1,"Turdidae_Catharus_ustulatus,9",,
jeantet-dufourq-2023,annomate,zenodo.7828148-v1-322992-9,svl_label,1,"Turdidae_Catharus_ustulatus,9",,
jeantet-dufourq-2023,annomate,zenodo.7828148-v1-322992-10,svl_label,1,"Turdidae_Catharus_ustulatus,9",,
jeantet-dufourq-2023,annomate,zenodo.7828148-v1-322992-11,svl_label,1,"Turdidae_Catharus_ustulatus,9",,
jeantet-dufourq-2023,annomate,zenodo.7828148-v1-323009-1,svl_label,1,"Turdidae_Catharus_minimus,8",,
jeantet-dufourq-2023,annomate,zenodo.7828148-v1-323009-2,svl_label,1,"Turdidae_Catharus_minimus,8",,
jeantet-dufourq-2023,annomate,zenodo.7828148-v1-323009-3,svl_label,1,"Turdidae_Catharus_minimus,8",,
jeantet-dufourq-2023,annomate,zenodo.7828148-v1-323009-4,svl_label,1,"Turdidae_Catharus_minimus,8",,
jeantet-dufourq-2023,annomate,zenodo.7828148-v1-323009-5,svl_label,1,"Turdidae_Catharus_minimus,8",,
jeantet-dufourq-2023,annomate,zenodo.7828148-v1-323009-6,svl_label,1,"Turdidae_Catharus_minimus,8",,
jeantet-dufourq-2023,annomate,zenodo.7828148-v1-323009-7,svl_label,1,"Turdidae_Catharus_minimus,8",,
jeantet-dufourq-2023,annomate,zenodo.7828148-v1-323268-1,svl_label,1,"Troglodytidae_Troglodytes_aedon,9",,
jeantet-dufourq-2023,annomate,zenodo.7828148-v1-323268-2,svl_label,1,"Troglodytidae_Troglodytes_aedon,9",,
jeantet-dufourq-2023,annomate,zenodo.7828148-v1-323268-3,svl_label,1,"Troglodytidae_Troglodytes_aedon,9",,
jeantet-dufourq-2023,annomate,zenodo.7828148-v1-323268-4,svl_label,1,"Troglodytidae_Troglodytes_aedon,9",,
jeantet-dufourq-2023,annomate,zenodo.7828148-v1-323268-5,svl_label,1,"Troglodytidae_Troglodytes_aedon,9",,
jeantet-dufourq-2023,annomate,zenodo.7828148-v1-323268-6,svl_label,1,"Troglodytidae_Troglodytes_aedon,9",,
jeantet-dufourq-2023,annomate,zenodo.7828148-v1-323268-7,svl_label,1,"Troglodytidae_Troglodytes_aedon,9",,
jeantet-dufourq-2023,annomate,zenodo.7828148-v1-323268-8,svl_label,1,"Troglodytidae_Troglodytes_aedon,9",,
jeantet-dufourq-2023,annomate,zenodo.7828148-v1-323268-9,svl_label,1,"Troglodytidae_Troglodytes_aedon,9",,
jeantet-dufourq-2023,annomate,zenodo.7828148-v1-32386-1,svl_label,1,"Turdidae_Catharus_fuscater,9",,
jeantet-dufourq-2023,annomate,zenodo.7828148-v1-32386-2,svl_label,1,"Turdidae_Catharus_fuscater,9",,
jeantet-dufourq-2023,annomate,zenodo.7828148-v1-32386-3,svl_label,1,"Turdidae_Catharus_fuscater,9",,
jeantet-dufourq-2023,annomate,zenodo.7828148-v1-32386-4,svl_label,1,"Turdidae_Catharus_fuscater,9",,
jeantet-dufourq-2023,annomate,zenodo.7828148-v1-32386-5,svl_label,1,"Turdidae_Catharus_fuscater,9",,
jeantet-dufourq-2023,annomate,zenodo.7828148-v1-32386-6,svl_label,1,"Turdidae_Catharus_fuscater,9",,
jeantet-dufourq-2023,annomate,zenodo.7828148-v1-32386-7,svl_label,1,"Turdidae_Catharus_fuscater,9",,
jeantet-dufourq-2023,annomate,zenodo.7828148-v1-32386-8,svl_label,1,"Turdidae_Catharus_fuscater,9",,
jeantet-dufourq-2023,annomate,zenodo.7828148-v1-32386-9,svl_label,1,"Turdidae_Catharus_fuscater,9",,
jeantet-dufourq-2023,annomate,zenodo.7828148-v1-32386-10,svl_label,1,"Turdidae_Catharus_fuscater,9",,
jeantet-dufourq-2023,annomate,zenodo.7828148-v1-32386-11,svl_label,1,"Turdidae_Catharus_fuscater,9",,
jeantet-dufourq-2023,annomate,zenodo.7828148-v1-32386-12,svl_label,1,"Turdidae_Catharus_fuscater,9",,
jeantet-dufourq-2023,annomate,zenodo.7828148-v1-32386-13,svl_label,1,"Turdidae_Catharus_fuscater,9",,
jeantet-dufourq-2023,annomate,zenodo.7828148-v1-32386-14,svl_label,1,"Turdidae_Catharus_fuscater,9",,
jeantet-dufourq-2023,annomate,zenodo.7828148-v1-32386-15,svl_label,1,"Turdidae_Catharus_fuscater,9",,
jeantet-dufourq-2023,annomate,zenodo.7828148-v1-32386-16,svl_label,1,"Turdidae_Catharus_fuscater,9",,
jeantet-dufourq-2023,annomate,zenodo.7828148-v1-32386-17,svl_label,1,"Turdidae_Catharus_fuscater,9",,
jeantet-dufourq-2023,annomate,zenodo.7828148-v1-32386-18,svl_label,1,"Turdidae_Catharus_fuscater,9",,
jeantet-dufourq-2023,annomate,zenodo.7828148-v1-32386-19,svl_label,1,"Turdidae_Catharus_fuscater,9",,
jeantet-dufourq-2023,annomate,zenodo.7828148-v1-324098-1,svl_label,1,"Troglodytidae_Troglodytes_aedon,9",,
jeantet-dufourq-2023,annomate,zenodo.7828148-v1-324098-2,svl_label,1,"Troglodytidae_Troglodytes_aedon,9",,
jeantet-dufourq-2023,annomate,zenodo.7828148-v1-324098-3,svl_label,1,"Troglodytidae_Troglodytes_aedon,9",,
jeantet-dufourq-2023,annomate,zenodo.7828148-v1-324098-4,svl_label,1,"Troglodytidae_Troglodytes_aedon,9",,
jeantet-dufourq-2023,annomate,zenodo.7828148-v1-324098-5,svl_label,1,"Troglodytidae_Troglodytes_aedon,9",,
jeantet-dufourq-2023,annomate,zenodo.7828148-v1-324098-6,svl_label,1,"Troglodytidae_Troglodytes_aedon,9",,
jeantet-dufourq-2023,annomate,zenodo.7828148-v1-324098-7,svl_label,1,"Troglodytidae_Troglodytes_aedon,9",,
jeantet-dufourq-2023,annomate,zenodo.7828148-v1-324098-8,svl_label,1,"Troglodytidae_Troglodytes_aedon,9",,
jeantet-dufourq-2023,annomate,zenodo.7828148-v1-324098-9,svl_label,1,"Troglodytidae_Troglodytes_aedon,9",,
jeantet-dufourq-2023,annomate,zenodo.7828148-v1-324098-10,svl_label,1,"Troglodytidae_Troglodytes_aedon,9",,
jeantet-dufourq-2023,annomate,zenodo.7828148-v1-324098-11,svl_label,1,"Troglodytidae_Troglodytes_aedon,9",,
jeantet-dufourq-2023,annomate,zenodo.7828148-v1-324098-12,svl_label,1,"Troglodytidae_Troglodytes_aedon,9",,
jeantet-dufourq-2023,annomate,zenodo.7828148-v1-3242-1,svl_label,1,"Turdidae_Catharus_aurantiirostris,9",,
jeantet-dufourq-2023,annomate,zenodo.7828148-v1-3242-2,svl_label,1,"Turdidae_Catharus_aurantiirostris,9",,
jeantet-dufourq-2023,annomate,zenodo.7828148-v1-3242-3,svl_label,1,"Turdidae_Catharus_aurantiirostris,9",,
jeantet-dufourq-2023,annomate,zenodo.7828148-v1-3242-4,svl_label,1,"Turdidae_Catharus_aurantiirostris,9",,
jeantet-dufourq-2023,annomate,zenodo.7828148-v1-324444-1,svl_label,1,"Troglodytidae_Troglodytes_aedon,9",,
jeantet-dufourq-2023,annomate,zenodo.7828148-v1-324444-2,svl_label,1,"Troglodytidae_Troglodytes_aedon,9",,
jeantet-dufourq-2023,annomate,zenodo.7828148-v1-324444-3,svl_label,1,"Troglodytidae_Troglodytes_aedon,9",,
jeantet-dufourq-2023,annomate,zenodo.7828148-v1-324444-4,svl_label,1,"Troglodytidae_Troglodytes_aedon,9",,
jeantet-dufourq-2023,annomate,zenodo.7828148-v1-324444-5,svl_label,1,"Troglodytidae_Troglodytes_aedon,9",,
jeantet-dufourq-2023,annomate,zenodo.7828148-v1-324456-1,svl_label,1,"Troglodytidae_Troglodytes_aedon,9",,
jeantet-dufourq-2023,annomate,zenodo.7828148-v1-324456-2,svl_label,1,"Troglodytidae_Troglodytes_aedon,9",,
jeantet-dufourq-2023,annomate,zenodo.7828148-v1-324456-3,svl_label,1,"Troglodytidae_Troglodytes_aedon,9",,
jeantet-dufourq-2023,annomate,zenodo.7828148-v1-324456-4,svl_label,1,"Troglodytidae_Troglodytes_aedon,9",,
jeantet-dufourq-2023,annomate,zenodo.7828148-v1-324456-5,svl_label,1,"Troglodytidae_Troglodytes_aedon,9",,
jeantet-dufourq-2023,annomate,zenodo.7828148-v1-324456-6,svl_label,1,"Troglodytidae_Troglodytes_aedon,9",,
jeantet-dufourq-2023,annomate,zenodo.7828148-v1-324456-7,svl_label,1,"Troglodytidae_Troglodytes_aedon,9",,
jeantet-dufourq-2023,annomate,zenodo.7828148-v1-324456-8,svl_label,1,"Troglodytidae_Troglodytes_aedon,9",,
jeantet-dufourq-2023,annomate,zenodo.7828148-v1-324456-9,svl_label,1,"Troglodytidae_Troglodytes_aedon,9",,
jeantet-dufourq-2023,annomate,zenodo.7828148-v1-325253-1,svl_label,1,"Turdidae_Catharus_ustulatus,9",,
jeantet-dufourq-2023,annomate,zenodo.7828148-v1-325253-2,svl_label,1,"Turdidae_Catharus_ustulatus,9",,
jeantet-dufourq-2023,annomate,zenodo.7828148-v1-325253-3,svl_label,1,"Turdidae_Catharus_ustulatus,9",,
jeantet-dufourq-2023,annomate,zenodo.7828148-v1-325253-4,svl_label,1,"Turdidae_Catharus_ustulatus,9",,
jeantet-dufourq-2023,annomate,zenodo.7828148-v1-325253-5,svl_label,1,"Turdidae_Catharus_ustulatus,9",,
jeantet-dufourq-2023,annomate,zenodo.7828148-v1-325520-1,svl_label,1,"Turdidae_Catharus_fuscescens,9",,
jeantet-dufourq-2023,annomate,zenodo.7828148-v1-325520-2,svl_label,1,"Turdidae_Catharus_fuscescens,9",,
jeantet-dufourq-2023,annomate,zenodo.7828148-v1-325520-3,svl_label,1,"Turdidae_Catharus_fuscescens,9",,
jeantet-dufourq-2023,annomate,zenodo.7828148-v1-325520-4,svl_label,1,"Turdidae_Catharus_fuscescens,9",,
jeantet-dufourq-2023,annomate,zenodo.7828148-v1-325520-5,svl_label,1,"Turdidae_Catharus_fuscescens,9",,
jeantet-dufourq-2023,annomate,zenodo.7828148-v1-32704-1,svl_label,1,"Paridae_Saxicola_gutturalis,9",,
jeantet-dufourq-2023,annomate,zenodo.7828148-v1-32704-2,svl_label,1,"Paridae_Saxicola_gutturalis,9",,
jeantet-dufourq-2023,annomate,zenodo.7828148-v1-32704-3,svl_label,1,"Paridae_Saxicola_gutturalis,9",,
jeantet-dufourq-2023,annomate,zenodo.7828148-v1-32704-4,svl_label,1,"Paridae_Saxicola_gutturalis,9",,
jeantet-dufourq-2023,annomate,zenodo.7828148-v1-32704-5,svl_label,1,"Paridae_Saxicola_gutturalis,9",,
jeantet-dufourq-2023,annomate,zenodo.7828148-v1-32704-6,svl_label,1,"Paridae_Saxicola_gutturalis,9",,
jeantet-dufourq-2023,annomate,zenodo.7828148-v1-32704-7,svl_label,1,"Paridae_Saxicola_gutturalis,9",,
jeantet-dufourq-2023,annomate,zenodo.7828148-v1-32704-8,svl_label,1,"Paridae_Saxicola_gutturalis,9",,
jeantet-dufourq-2023,annomate,zenodo.7828148-v1-328585-1,svl_label,1,"Paridae_Saxicola_rubetra,9",,
jeantet-dufourq-2023,annomate,zenodo.7828148-v1-328585-2,svl_label,1,"Paridae_Saxicola_rubetra,9",,
jeantet-dufourq-2023,annomate,zenodo.7828148-v1-328585-3,svl_label,1,"Paridae_Saxicola_rubetra,9",,
jeantet-dufourq-2023,annomate,zenodo.7828148-v1-328585-4,svl_label,1,"Paridae_Saxicola_rubetra,9",,
jeantet-dufourq-2023,annomate,zenodo.7828148-v1-328585-5,svl_label,1,"Paridae_Saxicola_rubetra,9",,
jeantet-dufourq-2023,annomate,zenodo.7828148-v1-328623-1,svl_label,1,"Turdidae_Catharus_guttatus,9",,
jeantet-dufourq-2023,annomate,zenodo.7828148-v1-328623-2,svl_label,1,"Turdidae_Catharus_guttatus,9",,
jeantet-dufourq-2023,annomate,zenodo.7828148-v1-328623-3,svl_label,1,"Turdidae_Catharus_guttatus,9",,
jeantet-dufourq-2023,annomate,zenodo.7828148-v1-328623-4,svl_label,1,"Turdidae_Catharus_guttatus,9",,
jeantet-dufourq-2023,annomate,zenodo.7828148-v1-328623-5,svl_label,1,"Turdidae_Catharus_guttatus,9",,
jeantet-dufourq-2023,annomate,zenodo.7828148-v1-328623-6,svl_label,1,"Turdidae_Catharus_guttatus,9",,
jeantet-dufourq-2023,annomate,zenodo.7828148-v1-328623-7,svl_label,1,"Turdidae_Catharus_guttatus,9",,
jeantet-dufourq-2023,annomate,zenodo.7828148-v1-328623-8,svl_label,1,"Turdidae_Catharus_guttatus,9",,
jeantet-dufourq-2023,annomate,zenodo.7828148-v1-328623-9,svl_label,1,"Turdidae_Catharus_guttatus,9",,
jeantet-dufourq-2023,annomate,zenodo.7828148-v1-328623-10,svl_label,1,"Turdidae_Catharus_guttatus,9",,
jeantet-dufourq-2023,annomate,zenodo.7828148-v1-328623-11,svl_label,1,"Turdidae_Catharus_guttatus,9",,
jeantet-dufourq-2023,annomate,zenodo.7828148-v1-328623-12,svl_label,1,"Turdidae_Catharus_guttatus,9",,
jeantet-dufourq-2023,annomate,zenodo.7828148-v1-328623-13,svl_label,1,"Turdidae_Catharus_guttatus,9",,
jeantet-dufourq-2023,annomate,zenodo.7828148-v1-328851-1,svl_label,1,"Troglodytidae_Troglodytes_hiemalis,9",,
jeantet-dufourq-2023,annomate,zenodo.7828148-v1-328851-2,svl_label,1,"Troglodytidae_Troglodytes_hiemalis,9",,
jeantet-dufourq-2023,annomate,zenodo.7828148-v1-328851-3,svl_label,1,"Troglodytidae_Troglodytes_hiemalis,9",,
jeantet-dufourq-2023,annomate,zenodo.7828148-v1-328851-4,svl_label,1,"Troglodytidae_Troglodytes_hiemalis,9",,
jeantet-dufourq-2023,annomate,zenodo.7828148-v1-328922-1,svl_label,1,"Troglodytidae_Troglodytes_aedon,8",,
jeantet-dufourq-2023,annomate,zenodo.7828148-v1-328922-2,svl_label,1,"Troglodytidae_Troglodytes_aedon,8",,
jeantet-dufourq-2023,annomate,zenodo.7828148-v1-331284-1,svl_label,1,"Troglodytidae_Troglodytes_aedon,9",,
jeantet-dufourq-2023,annomate,zenodo.7828148-v1-331284-2,svl_label,1,"Troglodytidae_Troglodytes_aedon,9",,
jeantet-dufourq-2023,annomate,zenodo.7828148-v1-331308-1,svl_label,1,"Troglodytidae_Troglodytes_aedon,9",,
jeantet-dufourq-2023,annomate,zenodo.7828148-v1-331308-2,svl_label,1,"Troglodytidae_Troglodytes_aedon,9",,
jeantet-dufourq-2023,annomate,zenodo.7828148-v1-331308-3,svl_label,1,"Troglodytidae_Troglodytes_aedon,9",,
jeantet-dufourq-2023,annomate,zenodo.7828148-v1-331308-4,svl_label,1,"Troglodytidae_Troglodytes_aedon,9",,
jeantet-dufourq-2023,annomate,zenodo.7828148-v1-335013-1,svl_label,1,"Troglodytidae_Troglodytes_aedon,9",,
jeantet-dufourq-2023,annomate,zenodo.7828148-v1-335013-2,svl_label,1,"Troglodytidae_Troglodytes_aedon,9",,
jeantet-dufourq-2023,annomate,zenodo.7828148-v1-335013-3,svl_label,1,"Troglodytidae_Troglodytes_aedon,9",,
jeantet-dufourq-2023,annomate,zenodo.7828148-v1-335013-4,svl_label,1,"Troglodytidae_Troglodytes_aedon,9",,
jeantet-dufourq-2023,annomate,zenodo.7828148-v1-335020-1,svl_label,1,"Troglodytidae_Troglodytes_aedon,9",,
jeantet-dufourq-2023,annomate,zenodo.7828148-v1-335020-2,svl_label,1,"Troglodytidae_Troglodytes_aedon,9",,
jeantet-dufourq-2023,annomate,zenodo.7828148-v1-335020-3,svl_label,1,"Troglodytidae_Troglodytes_aedon,9",,
jeantet-dufourq-2023,annomate,zenodo.7828148-v1-335020-4,svl_label,1,"Troglodytidae_Troglodytes_aedon,9",,
jeantet-dufourq-2023,annomate,zenodo.7828148-v1-335020-5,svl_label,1,"Troglodytidae_Troglodytes_aedon,9",,
jeantet-dufourq-2023,annomate,zenodo.7828148-v1-335020-6,svl_label,1,"Troglodytidae_Troglodytes_aedon,9",,
jeantet-dufourq-2023,annomate,zenodo.7828148-v1-335020-7,svl_label,1,"Troglodytidae_Troglodytes_aedon,9",,
jeantet-dufourq-2023,annomate,zenodo.7828148-v1-335020-8,svl_label,1,"Troglodytidae_Troglodytes_aedon,9",,
jeantet-dufourq-2023,annomate,zenodo.7828148-v1-335020-9,svl_label,1,"Troglodytidae_Troglodytes_aedon,9",,
jeantet-dufourq-2023,annomate,zenodo.7828148-v1-335020-10,svl_label,1,"Troglodytidae_Troglodytes_aedon,9",,
jeantet-dufourq-2023,annomate,zenodo.7828148-v1-335020-11,svl_label,1,"Troglodytidae_Troglodytes_aedon,9",,
jeantet-dufourq-2023,annomate,zenodo.7828148-v1-335020-12,svl_label,1,"Troglodytidae_Troglodytes_aedon,9",,
jeantet-dufourq-2023,annomate,zenodo.7828148-v1-335020-13,svl_label,1,"Troglodytidae_Troglodytes_aedon,9",,
jeantet-dufourq-2023,annomate,zenodo.7828148-v1-335020-14,svl_label,1,"Troglodytidae_Troglodytes_aedon,9",,
jeantet-dufourq-2023,annomate,zenodo.7828148-v1-335020-15,svl_label,1,"Troglodytidae_Troglodytes_aedon,9",,
jeantet-dufourq-2023,annomate,zenodo.7828148-v1-335020-16,svl_label,1,"Troglodytidae_Troglodytes_aedon,9",,
jeantet-dufourq-2023,annomate,zenodo.7828148-v1-335020-17,svl_label,1,"Troglodytidae_Troglodytes_aedon,9",,
jeantet-dufourq-2023,annomate,zenodo.7828148-v1-335020-18,svl_label,1,"Troglodytidae_Troglodytes_aedon,9",,
jeantet-dufourq-2023,annomate,zenodo.7828148-v1-335020-19,svl_label,1,"Troglodytidae_Troglodytes_aedon,8",,
jeantet-dufourq-2023,annomate,zenodo.7828148-v1-336062-1,svl_label,1,"Troglodytidae_Troglodytes_aedon,9",,
jeantet-dufourq-2023,annomate,zenodo.7828148-v1-336062-2,svl_label,1,"Troglodytidae_Troglodytes_aedon,9",,
jeantet-dufourq-2023,annomate,zenodo.7828148-v1-336062-3,svl_label,1,"Troglodytidae_Troglodytes_aedon,9",,
jeantet-dufourq-2023,annomate,zenodo.7828148-v1-336062-4,svl_label,1,"Troglodytidae_Troglodytes_aedon,9",,
jeantet-dufourq-2023,annomate,zenodo.7828148-v1-336062-5,svl_label,1,"Troglodytidae_Troglodytes_aedon,9",,
jeantet-dufourq-2023,annomate,zenodo.7828148-v1-336062-6,svl_label,1,"Troglodytidae_Troglodytes_aedon,9",,
jeantet-dufourq-2023,annomate,zenodo.7828148-v1-336062-7,svl_label,1,"Troglodytidae_Troglodytes_aedon,9",,
jeantet-dufourq-2023,annomate,zenodo.7828148-v1-336062-8,svl_label,1,"Troglodytidae_Troglodytes_aedon,9",,
jeantet-dufourq-2023,annomate,zenodo.7828148-v1-336062-9,svl_label,1,"Troglodytidae_Troglodytes_aedon,9",,
jeantet-dufourq-2023,annomate,zenodo.7828148-v1-336409-1,svl_label,1,"Troglodytidae_Troglodytes_aedon,9",,
jeantet-dufourq-2023,annomate,zenodo.7828148-v1-336409-2,svl_label,1,"Troglodytidae_Troglodytes_aedon,9",,
jeantet-dufourq-2023,annomate,zenodo.7828148-v1-336409-3,svl_label,1,"Troglodytidae_Troglodytes_aedon,9",,
jeantet-dufourq-2023,annomate,zenodo.7828148-v1-336409-4,svl_label,1,"Troglodytidae_Troglodytes_aedon,9",,
jeantet-dufourq-2023,annomate,zenodo.7828148-v1-336409-5,svl_label,1,"Troglodytidae_Troglodytes_aedon,9",,
jeantet-dufourq-2023,annomate,zenodo.7828148-v1-336409-6,svl_label,1,"Troglodytidae_Troglodytes_aedon,9",,
jeantet-dufourq-2023,annomate,zenodo.7828148-v1-336409-7,svl_label,1,"Troglodytidae_Troglodytes_aedon,9",,
jeantet-dufourq-2023,annomate,zenodo.7828148-v1-336409-8,svl_label,1,"Troglodytidae_Troglodytes_aedon,9",,
jeantet-dufourq-2023,annomate,zenodo.7828148-v1-336409-9,svl_label,1,"Troglodytidae_Troglodytes_aedon,9",,
jeantet-dufourq-2023,annomate,zenodo.7828148-v1-336409-10,svl_label,1,"Troglodytidae_Troglodytes_aedon,9",,
jeantet-dufourq-2023,annomate,zenodo.7828148-v1-336415-1,svl_label,1,"Troglodytidae_Troglodytes_aedon,9",,
jeantet-dufourq-2023,annomate,zenodo.7828148-v1-336415-2,svl_label,1,"Troglodytidae_Troglodytes_aedon,8",,
jeantet-dufourq-2023,annomate,zenodo.7828148-v1-336415-3,svl_label,1,"Troglodytidae_Troglodytes_aedon,8",,
jeantet-dufourq-2023,annomate,zenodo.7828148-v1-336415-4,svl_label,1,"Troglodytidae_Troglodytes_aedon,9",,
jeantet-dufourq-2023,annomate,zenodo.7828148-v1-336415-5,svl_label,1,"Troglodytidae_Troglodytes_aedon,9",,
jeantet-dufourq-2023,annomate,zenodo.7828148-v1-336415-6,svl_label,1,"Troglodytidae_Troglodytes_aedon,9",,
jeantet-dufourq-2023,annomate,zenodo.7828148-v1-336415-7,svl_label,1,"Troglodytidae_Troglodytes_aedon,9",,
jeantet-dufourq-2023,annomate,zenodo.7828148-v1-336415-8,svl_label,1,"Troglodytidae_Troglodytes_aedon,9",,
jeantet-dufourq-2023,annomate,zenodo.7828148-v1-336415-9,svl_label,1,"Troglodytidae_Troglodytes_aedon,8",,
jeantet-dufourq-2023,annomate,zenodo.7828148-v1-336415-10,svl_label,1,"Troglodytidae_Troglodytes_aedon,9",,
jeantet-dufourq-2023,annomate,zenodo.7828148-v1-337627-1,svl_label,1,"Turdidae_Catharus_aurantiirostris,9",,
jeantet-dufourq-2023,annomate,zenodo.7828148-v1-337627-2,svl_label,1,"Turdidae_Catharus_aurantiirostris,9",,
jeantet-dufourq-2023,annomate,zenodo.7828148-v1-337627-3,svl_label,1,"Turdidae_Catharus_aurantiirostris,9",,
jeantet-dufourq-2023,annomate,zenodo.7828148-v1-337627-4,svl_label,1,"Turdidae_Catharus_aurantiirostris,9",,
jeantet-dufourq-2023,annomate,zenodo.7828148-v1-337627-5,svl_label,1,"Turdidae_Catharus_aurantiirostris,9",,
jeantet-dufourq-2023,annomate,zenodo.7828148-v1-337627-6,svl_label,1,"Turdidae_Catharus_aurantiirostris,9",,
jeantet-dufourq-2023,annomate,zenodo.7828148-v1-337627-7,svl_label,1,"Turdidae_Catharus_aurantiirostris,9",,
jeantet-dufourq-2023,annomate,zenodo.7828148-v1-34070-1,svl_label,1,"Paridae_Saxicola_rubicola,9",,
jeantet-dufourq-2023,annomate,zenodo.7828148-v1-34070-2,svl_label,1,"Paridae_Saxicola_rubicola,9",,
jeantet-dufourq-2023,annomate,zenodo.7828148-v1-34070-3,svl_label,1,"Paridae_Saxicola_rubicola,9",,
jeantet-dufourq-2023,annomate,zenodo.7828148-v1-34070-4,svl_label,1,"Paridae_Saxicola_rubicola,9",,
jeantet-dufourq-2023,annomate,zenodo.7828148-v1-343091-1,svl_label,1,"Troglodytidae_Troglodytes_aedon,8",,
jeantet-dufourq-2023,annomate,zenodo.7828148-v1-343091-2,svl_label,1,"Troglodytidae_Troglodytes_aedon,8",,
jeantet-dufourq-2023,annomate,zenodo.7828148-v1-343091-3,svl_label,1,"Troglodytidae_Troglodytes_aedon,8",,
jeantet-dufourq-2023,annomate,zenodo.7828148-v1-343091-4,svl_label,1,"Troglodytidae_Troglodytes_aedon,8",,
jeantet-dufourq-2023,annomate,zenodo.7828148-v1-343515-1,svl_label,1,"Paridae_Hypocnemis_striata,9",,
jeantet-dufourq-2023,annomate,zenodo.7828148-v1-343515-2,svl_label,1,"Paridae_Hypocnemis_striata,9",,
jeantet-dufourq-2023,annomate,zenodo.7828148-v1-343515-3,svl_label,1,"Paridae_Hypocnemis_striata,9",,
jeantet-dufourq-2023,annomate,zenodo.7828148-v1-343515-4,svl_label,1,"Paridae_Hypocnemis_striata,9",,
jeantet-dufourq-2023,annomate,zenodo.7828148-v1-343515-5,svl_label,1,"Paridae_Hypocnemis_striata,9",,
jeantet-dufourq-2023,annomate,zenodo.7828148-v1-34355-1,svl_label,1,"Paridae_Hypocnemis_peruviana,9",,
jeantet-dufourq-2023,annomate,zenodo.7828148-v1-34355-2,svl_label,1,"Paridae_Hypocnemis_peruviana,9",,
jeantet-dufourq-2023,annomate,zenodo.7828148-v1-34355-3,svl_label,1,"Paridae_Hypocnemis_peruviana,9",,
jeantet-dufourq-2023,annomate,zenodo.7828148-v1-34355-4,svl_label,1,"Paridae_Hypocnemis_peruviana,9",,
jeantet-dufourq-2023,annomate,zenodo.7828148-v1-34355-5,svl_label,1,"Paridae_Hypocnemis_peruviana,9",,
jeantet-dufourq-2023,annomate,zenodo.7828148-v1-34355-6,svl_label,1,"Paridae_Hypocnemis_peruviana,9",,
jeantet-dufourq-2023,annomate,zenodo.7828148-v1-34355-7,svl_label,1,"Paridae_Hypocnemis_peruviana,9",,
jeantet-dufourq-2023,annomate,zenodo.7828148-v1-34355-8,svl_label,1,"Paridae_Hypocnemis_peruviana,9",,
jeantet-dufourq-2023,annomate,zenodo.7828148-v1-34355-9,svl_label,1,"Paridae_Hypocnemis_peruviana,9",,
jeantet-dufourq-2023,annomate,zenodo.7828148-v1-34355-10,svl_label,1,"Paridae_Hypocnemis_peruviana,9",,
jeantet-dufourq-2023,annomate,zenodo.7828148-v1-34355-11,svl_label,1,"Paridae_Hypocnemis_peruviana,9",,
jeantet-dufourq-2023,annomate,zenodo.7828148-v1-34356-1,svl_label,1,"Paridae_Hypocnemis_peruviana,9",,
jeantet-dufourq-2023,annomate,zenodo.7828148-v1-34356-2,svl_label,1,"Paridae_Hypocnemis_peruviana,9",,
jeantet-dufourq-2023,annomate,zenodo.7828148-v1-34356-3,svl_label,1,"Paridae_Hypocnemis_peruviana,9",,
jeantet-dufourq-2023,annomate,zenodo.7828148-v1-34356-4,svl_label,1,"Paridae_Hypocnemis_peruviana,9",,
jeantet-dufourq-2023,annomate,zenodo.7828148-v1-344337-1,svl_label,1,"Troglodytidae_Troglodytes_aedon,9",,
jeantet-dufourq-2023,annomate,zenodo.7828148-v1-344337-2,svl_label,1,"Troglodytidae_Troglodytes_aedon,9",,
jeantet-dufourq-2023,annomate,zenodo.7828148-v1-344337-3,svl_label,1,"Troglodytidae_Troglodytes_aedon,9",,
jeantet-dufourq-2023,annomate,zenodo.7828148-v1-344337-4,svl_label,1,"Troglodytidae_Troglodytes_aedon,9",,
jeantet-dufourq-2023,annomate,zenodo.7828148-v1-346207-1,svl_label,1,"Troglodytidae_Troglodytes_aedon,9",,
jeantet-dufourq-2023,annomate,zenodo.7828148-v1-346207-2,svl_label,1,"Troglodytidae_Troglodytes_aedon,9",,
jeantet-dufourq-2023,annomate,zenodo.7828148-v1-346207-3,svl_label,1,"Troglodytidae_Troglodytes_aedon,9",,
jeantet-dufourq-2023,annomate,zenodo.7828148-v1-346207-4,svl_label,1,"Troglodytidae_Troglodytes_aedon,9",,
jeantet-dufourq-2023,annomate,zenodo.7828148-v1-346207-5,svl_label,1,"Troglodytidae_Troglodytes_aedon,9",,
jeantet-dufourq-2023,annomate,zenodo.7828148-v1-346342-1,svl_label,1,"Troglodytidae_Troglodytes_aedon,9",,
jeantet-dufourq-2023,annomate,zenodo.7828148-v1-346342-2,svl_label,1,"Troglodytidae_Troglodytes_aedon,9",,
jeantet-dufourq-2023,annomate,zenodo.7828148-v1-346342-3,svl_label,1,"Troglodytidae_Troglodytes_aedon,9",,
jeantet-dufourq-2023,annomate,zenodo.7828148-v1-346342-4,svl_label,1,"Troglodytidae_Troglodytes_aedon,9",,
jeantet-dufourq-2023,annomate,zenodo.7828148-v1-346342-5,svl_label,1,"Troglodytidae_Troglodytes_aedon,9",,
jeantet-dufourq-2023,annomate,zenodo.7828148-v1-346342-6,svl_label,1,"Troglodytidae_Troglodytes_aedon,9",,
jeantet-dufourq-2023,annomate,zenodo.7828148-v1-346342-7,svl_label,1,"Troglodytidae_Troglodytes_aedon,9",,
jeantet-dufourq-2023,annomate,zenodo.7828148-v1-346342-8,svl_label,1,"Troglodytidae_Troglodytes_aedon,9",,
jeantet-dufourq-2023,annomate,zenodo.7828148-v1-346342-9,svl_label,1,"Troglodytidae_Troglodytes_aedon,9",,
jeantet-dufourq-2023,annomate,zenodo.7828148-v1-346342-10,svl_label,1,"Troglodytidae_Troglodytes_aedon,9",,
jeantet-dufourq-2023,annomate,zenodo.7828148-v1-346342-11,svl_label,1,"Troglodytidae_Troglodytes_aedon,9",,
jeantet-dufourq-2023,annomate,zenodo.7828148-v1-346434-1,svl_label,1,"Paridae_Saxicola_rubicola,9",,
jeantet-dufourq-2023,annomate,zenodo.7828148-v1-346434-2,svl_label,1,"Paridae_Saxicola_rubicola,9",,
jeantet-dufourq-2023,annomate,zenodo.7828148-v1-346434-3,svl_label,1,"Paridae_Saxicola_rubicola,9",,
jeantet-dufourq-2023,annomate,zenodo.7828148-v1-34668-1,svl_label,1,"Paridae_Hypocnemis_peruviana,9",,
jeantet-dufourq-2023,annomate,zenodo.7828148-v1-34668-2,svl_label,1,"Paridae_Hypocnemis_peruviana,9",,
jeantet-dufourq-2023,annomate,zenodo.7828148-v1-34668-3,svl_label,1,"Paridae_Hypocnemis_peruviana,9",,
jeantet-dufourq-2023,annomate,zenodo.7828148-v1-34668-4,svl_label,1,"Paridae_Hypocnemis_peruviana,9",,
jeantet-dufourq-2023,annomate,zenodo.7828148-v1-34668-5,svl_label,1,"Paridae_Hypocnemis_peruviana,9",,
jeantet-dufourq-2023,annomate,zenodo.7828148-v1-34668-6,svl_label,1,"Paridae_Hypocnemis_peruviana,9",,
jeantet-dufourq-2023,annomate,zenodo.7828148-v1-347460-1,svl_label,1,"Fringillidae_Serinus_serinus,9",,
jeantet-dufourq-2023,annomate,zenodo.7828148-v1-347460-2,svl_label,1,"Fringillidae_Serinus_serinus,9",,
jeantet-dufourq-2023,annomate,zenodo.7828148-v1-347460-3,svl_label,1,"Fringillidae_Serinus_serinus,8",,
jeantet-dufourq-2023,annomate,zenodo.7828148-v1-347633-1,svl_label,1,"Troglodytidae_Troglodytes_aedon,9",,
jeantet-dufourq-2023,annomate,zenodo.7828148-v1-347633-2,svl_label,1,"Troglodytidae_Troglodytes_aedon,9",,
jeantet-dufourq-2023,annomate,zenodo.7828148-v1-348420-1,svl_label,1,"Fringillidae_Serinus_serinus,9",,
jeantet-dufourq-2023,annomate,zenodo.7828148-v1-348420-2,svl_label,1,"Fringillidae_Serinus_serinus,9",,
jeantet-dufourq-2023,annomate,zenodo.7828148-v1-348420-3,svl_label,1,"Fringillidae_Serinus_serinus,9",,
jeantet-dufourq-2023,annomate,zenodo.7828148-v1-348420-4,svl_label,1,"Fringillidae_Serinus_serinus,9",,
jeantet-dufourq-2023,annomate,zenodo.7828148-v1-348420-5,svl_label,1,"Fringillidae_Serinus_serinus,9",,
jeantet-dufourq-2023,annomate,zenodo.7828148-v1-348420-6,svl_label,1,"Fringillidae_Serinus_serinus,9",,
jeantet-dufourq-2023,annomate,zenodo.7828148-v1-348420-7,svl_label,1,"Fringillidae_Serinus_serinus,9",,
jeantet-dufourq-2023,annomate,zenodo.7828148-v1-348420-8,svl_label,1,"Fringillidae_Serinus_serinus,9",,
jeantet-dufourq-2023,annomate,zenodo.7828148-v1-348420-9,svl_label,1,"Fringillidae_Serinus_serinus,9",,
jeantet-dufourq-2023,annomate,zenodo.7828148-v1-348420-10,svl_label,1,"Fringillidae_Serinus_serinus,9",,
jeantet-dufourq-2023,annomate,zenodo.7828148-v1-348420-11,svl_label,1,"Fringillidae_Serinus_serinus,9",,
jeantet-dufourq-2023,annomate,zenodo.7828148-v1-348420-12,svl_label,1,"Fringillidae_Serinus_serinus,9",,
jeantet-dufourq-2023,annomate,zenodo.7828148-v1-348420-13,svl_label,1,"Fringillidae_Serinus_serinus,9",,
jeantet-dufourq-2023,annomate,zenodo.7828148-v1-348420-14,svl_label,1,"Fringillidae_Serinus_serinus,9",,
jeantet-dufourq-2023,annomate,zenodo.7828148-v1-348420-15,svl_label,1,"Fringillidae_Serinus_serinus,9",,
jeantet-dufourq-2023,annomate,zenodo.7828148-v1-348959-1,svl_label,1,"Turdidae_Catharus_guttatus,9",,
jeantet-dufourq-2023,annomate,zenodo.7828148-v1-348959-2,svl_label,1,"Turdidae_Catharus_guttatus,9",,
jeantet-dufourq-2023,annomate,zenodo.7828148-v1-348959-3,svl_label,1,"Turdidae_Catharus_guttatus,9",,
jeantet-dufourq-2023,annomate,zenodo.7828148-v1-348959-4,svl_label,1,"Turdidae_Catharus_guttatus,9",,
jeantet-dufourq-2023,annomate,zenodo.7828148-v1-348959-5,svl_label,1,"Turdidae_Catharus_guttatus,9",,
jeantet-dufourq-2023,annomate,zenodo.7828148-v1-348959-6,svl_label,1,"Turdidae_Catharus_guttatus,9",,
jeantet-dufourq-2023,annomate,zenodo.7828148-v1-348959-7,svl_label,1,"Turdidae_Catharus_guttatus,9",,
jeantet-dufourq-2023,annomate,zenodo.7828148-v1-348959-8,svl_label,1,"Turdidae_Catharus_guttatus,9",,
jeantet-dufourq-2023,annomate,zenodo.7828148-v1-348959-9,svl_label,1,"Turdidae_Catharus_guttatus,9",,
jeantet-dufourq-2023,annomate,zenodo.7828148-v1-348959-10,svl_label,1,"Turdidae_Catharus_guttatus,9",,
jeantet-dufourq-2023,annomate,zenodo.7828148-v1-348959-11,svl_label,1,"Turdidae_Catharus_guttatus,9",,
jeantet-dufourq-2023,annomate,zenodo.7828148-v1-348959-12,svl_label,1,"Turdidae_Catharus_guttatus,9",,
jeantet-dufourq-2023,annomate,zenodo.7828148-v1-348959-13,svl_label,1,"Turdidae_Catharus_guttatus,9",,
jeantet-dufourq-2023,annomate,zenodo.7828148-v1-348959-14,svl_label,1,"Turdidae_Catharus_guttatus,9",,
jeantet-dufourq-2023,annomate,zenodo.7828148-v1-348959-15,svl_label,1,"Turdidae_Catharus_guttatus,9",,
jeantet-dufourq-2023,annomate,zenodo.7828148-v1-348959-16,svl_label,1,"Turdidae_Catharus_guttatus,9",,
jeantet-dufourq-2023,annomate,zenodo.7828148-v1-348959-17,svl_label,1,"Turdidae_Catharus_guttatus,9",,
jeantet-dufourq-2023,annomate,zenodo.7828148-v1-348959-18,svl_label,1,"Turdidae_Catharus_guttatus,9",,
jeantet-dufourq-2023,annomate,zenodo.7828148-v1-348959-19,svl_label,1,"Turdidae_Catharus_guttatus,9",,
jeantet-dufourq-2023,annomate,zenodo.7828148-v1-348959-20,svl_label,1,"Turdidae_Catharus_guttatus,9",,
jeantet-dufourq-2023,annomate,zenodo.7828148-v1-348959-21,svl_label,1,"Turdidae_Catharus_guttatus,9",,
jeantet-dufourq-2023,annomate,zenodo.7828148-v1-348959-22,svl_label,1,"Turdidae_Catharus_guttatus,9",,
jeantet-dufourq-2023,annomate,zenodo.7828148-v1-348959-23,svl_label,1,"Turdidae_Catharus_guttatus,9",,
jeantet-dufourq-2023,annomate,zenodo.7828148-v1-348959-24,svl_label,1,"Turdidae_Catharus_guttatus,9",,
jeantet-dufourq-2023,annomate,zenodo.7828148-v1-348959-25,svl_label,1,"Turdidae_Catharus_guttatus,9",,
jeantet-dufourq-2023,annomate,zenodo.7828148-v1-348959-26,svl_label,1,"Turdidae_Catharus_guttatus,9",,
jeantet-dufourq-2023,annomate,zenodo.7828148-v1-348959-27,svl_label,1,"Turdidae_Catharus_guttatus,9",,
jeantet-dufourq-2023,annomate,zenodo.7828148-v1-348961-1,svl_label,1,"Turdidae_Catharus_guttatus,9",,
jeantet-dufourq-2023,annomate,zenodo.7828148-v1-348961-2,svl_label,1,"Turdidae_Catharus_guttatus,9",,
jeantet-dufourq-2023,annomate,zenodo.7828148-v1-348961-3,svl_label,1,"Turdidae_Catharus_guttatus,9",,
jeantet-dufourq-2023,annomate,zenodo.7828148-v1-348961-4,svl_label,1,"Turdidae_Catharus_guttatus,9",,
jeantet-dufourq-2023,annomate,zenodo.7828148-v1-348961-5,svl_label,1,"Turdidae_Catharus_guttatus,9",,
jeantet-dufourq-2023,annomate,zenodo.7828148-v1-348961-6,svl_label,1,"Turdidae_Catharus_guttatus,9",,
jeantet-dufourq-2023,annomate,zenodo.7828148-v1-348961-7,svl_label,1,"Turdidae_Catharus_guttatus,9",,
jeantet-dufourq-2023,annomate,zenodo.7828148-v1-348961-8,svl_label,1,"Turdidae_Catharus_guttatus,9",,
jeantet-dufourq-2023,annomate,zenodo.7828148-v1-348961-9,svl_label,1,"Turdidae_Catharus_guttatus,9",,
jeantet-dufourq-2023,annomate,zenodo.7828148-v1-348961-10,svl_label,1,"Turdidae_Catharus_guttatus,9",,
jeantet-dufourq-2023,annomate,zenodo.7828148-v1-348961-11,svl_label,1,"Turdidae_Catharus_guttatus,9",,
jeantet-dufourq-2023,annomate,zenodo.7828148-v1-348961-12,svl_label,1,"Turdidae_Catharus_guttatus,9",,
jeantet-dufourq-2023,annomate,zenodo.7828148-v1-348961-13,svl_label,1,"Turdidae_Catharus_guttatus,9",,
jeantet-dufourq-2023,annomate,zenodo.7828148-v1-348961-14,svl_label,1,"Turdidae_Catharus_guttatus,9",,
jeantet-dufourq-2023,annomate,zenodo.7828148-v1-348961-15,svl_label,1,"Turdidae_Catharus_guttatus,9",,
jeantet-dufourq-2023,annomate,zenodo.7828148-v1-348961-16,svl_label,1,"Turdidae_Catharus_guttatus,9",,
jeantet-dufourq-2023,annomate,zenodo.7828148-v1-348961-17,svl_label,1,"Turdidae_Catharus_guttatus,9",,
jeantet-dufourq-2023,annomate,zenodo.7828148-v1-348961-18,svl_label,1,"Turdidae_Catharus_guttatus,9",,
jeantet-dufourq-2023,annomate,zenodo.7828148-v1-348961-19,svl_label,1,"Turdidae_Catharus_guttatus,9",,
jeantet-dufourq-2023,annomate,zenodo.7828148-v1-348961-20,svl_label,1,"Turdidae_Catharus_guttatus,9",,
jeantet-dufourq-2023,annomate,zenodo.7828148-v1-348961-21,svl_label,1,"Turdidae_Catharus_guttatus,9",,
jeantet-dufourq-2023,annomate,zenodo.7828148-v1-348961-22,svl_label,1,"Turdidae_Catharus_guttatus,9",,
jeantet-dufourq-2023,annomate,zenodo.7828148-v1-348961-23,svl_label,1,"Turdidae_Catharus_guttatus,9",,
jeantet-dufourq-2023,annomate,zenodo.7828148-v1-348961-24,svl_label,1,"Turdidae_Catharus_guttatus,9",,
jeantet-dufourq-2023,annomate,zenodo.7828148-v1-348961-25,svl_label,1,"Turdidae_Catharus_guttatus,9",,
jeantet-dufourq-2023,annomate,zenodo.7828148-v1-349362-1,svl_label,1,"Troglodytidae_Troglodytes_aedon,9",,
jeantet-dufourq-2023,annomate,zenodo.7828148-v1-349362-2,svl_label,1,"Troglodytidae_Troglodytes_aedon,9",,
jeantet-dufourq-2023,annomate,zenodo.7828148-v1-349362-3,svl_label,1,"Troglodytidae_Troglodytes_aedon,9",,
jeantet-dufourq-2023,annomate,zenodo.7828148-v1-349362-4,svl_label,1,"Troglodytidae_Troglodytes_aedon,9",,
jeantet-dufourq-2023,annomate,zenodo.7828148-v1-349362-5,svl_label,1,"Troglodytidae_Troglodytes_aedon,9",,
jeantet-dufourq-2023,annomate,zenodo.7828148-v1-349362-6,svl_label,1,"Troglodytidae_Troglodytes_aedon,9",,
jeantet-dufourq-2023,annomate,zenodo.7828148-v1-349362-7,svl_label,1,"Troglodytidae_Troglodytes_aedon,9",,
jeantet-dufourq-2023,annomate,zenodo.7828148-v1-349362-8,svl_label,1,"Troglodytidae_Troglodytes_aedon,9",,
jeantet-dufourq-2023,annomate,zenodo.7828148-v1-349362-9,svl_label,1,"Troglodytidae_Troglodytes_aedon,9",,
jeantet-dufourq-2023,annomate,zenodo.7828148-v1-349362-10,svl_label,1,"Troglodytidae_Troglodytes_aedon,9",,
jeantet-dufourq-2023,annomate,zenodo.7828148-v1-349362-11,svl_label,1,"Troglodytidae_Troglodytes_aedon,9",,
jeantet-dufourq-2023,annomate,zenodo.7828148-v1-349362-12,svl_label,1,"Troglodytidae_Troglodytes_aedon,9",,
jeantet-dufourq-2023,annomate,zenodo.7828148-v1-349362-13,svl_label,1,"Troglodytidae_Troglodytes_aedon,9",,
jeantet-dufourq-2023,annomate,zenodo.7828148-v1-349362-14,svl_label,1,"Troglodytidae_Troglodytes_aedon,9",,
jeantet-dufourq-2023,annomate,zenodo.7828148-v1-349362-15,svl_label,1,"Troglodytidae_Troglodytes_aedon,9",,
jeantet-dufourq-2023,annomate,zenodo.7828148-v1-349362-16,svl_label,1,"Troglodytidae_Troglodytes_aedon,9",,
jeantet-dufourq-2023,annomate,zenodo.7828148-v1-349362-17,svl_label,1,"Troglodytidae_Troglodytes_aedon,9",,
jeantet-dufourq-2023,annomate,zenodo.7828148-v1-351127-1,svl_label,1,"Troglodytidae_Troglodytes_aedon,9",,
jeantet-dufourq-2023,annomate,zenodo.7828148-v1-351127-2,svl_label,1,"Troglodytidae_Troglodytes_aedon,9",,
jeantet-dufourq-2023,annomate,zenodo.7828148-v1-351127-3,svl_label,1,"Troglodytidae_Troglodytes_aedon,9",,
jeantet-dufourq-2023,annomate,zenodo.7828148-v1-351127-4,svl_label,1,"Troglodytidae_Troglodytes_aedon,9",,
jeantet-dufourq-2023,annomate,zenodo.7828148-v1-351127-5,svl_label,1,"Troglodytidae_Troglodytes_aedon,9",,
jeantet-dufourq-2023,annomate,zenodo.7828148-v1-351127-6,svl_label,1,"Troglodytidae_Troglodytes_aedon,9",,
jeantet-dufourq-2023,annomate,zenodo.7828148-v1-351127-7,svl_label,1,"Troglodytidae_Troglodytes_aedon,9",,
jeantet-dufourq-2023,annomate,zenodo.7828148-v1-351127-8,svl_label,1,"Troglodytidae_Troglodytes_aedon,9",,
jeantet-dufourq-2023,annomate,zenodo.7828148-v1-351127-9,svl_label,1,"Troglodytidae_Troglodytes_aedon,9",,
jeantet-dufourq-2023,annomate,zenodo.7828148-v1-351127-10,svl_label,1,"Troglodytidae_Troglodytes_aedon,9",,
jeantet-dufourq-2023,annomate,zenodo.7828148-v1-351127-11,svl_label,1,"Troglodytidae_Troglodytes_aedon,9",,
jeantet-dufourq-2023,annomate,zenodo.7828148-v1-351127-12,svl_label,1,"Troglodytidae_Troglodytes_aedon,9",,
jeantet-dufourq-2023,annomate,zenodo.7828148-v1-351128-1,svl_label,1,"Troglodytidae_Troglodytes_aedon,9",,
jeantet-dufourq-2023,annomate,zenodo.7828148-v1-351128-2,svl_label,1,"Troglodytidae_Troglodytes_aedon,9",,
jeantet-dufourq-2023,annomate,zenodo.7828148-v1-351128-3,svl_label,1,"Troglodytidae_Troglodytes_aedon,9",,
jeantet-dufourq-2023,annomate,zenodo.7828148-v1-351128-4,svl_label,1,"Troglodytidae_Troglodytes_aedon,9",,
jeantet-dufourq-2023,annomate,zenodo.7828148-v1-351128-5,svl_label,1,"Troglodytidae_Troglodytes_aedon,9",,
jeantet-dufourq-2023,annomate,zenodo.7828148-v1-351128-6,svl_label,1,"Troglodytidae_Troglodytes_aedon,9",,
jeantet-dufourq-2023,annomate,zenodo.7828148-v1-351128-7,svl_label,1,"Troglodytidae_Troglodytes_aedon,9",,
jeantet-dufourq-2023,annomate,zenodo.7828148-v1-351128-8,svl_label,1,"Troglodytidae_Troglodytes_aedon,9",,
jeantet-dufourq-2023,annomate,zenodo.7828148-v1-351128-9,svl_label,1,"Troglodytidae_Troglodytes_aedon,9",,
jeantet-dufourq-2023,annomate,zenodo.7828148-v1-351128-10,svl_label,1,"Troglodytidae_Troglodytes_aedon,9",,
jeantet-dufourq-2023,annomate,zenodo.7828148-v1-351128-11,svl_label,1,"Troglodytidae_Troglodytes_aedon,9",,
jeantet-dufourq-2023,annomate,zenodo.7828148-v1-351128-12,svl_label,1,"Troglodytidae_Troglodytes_aedon,9",,
jeantet-dufourq-2023,annomate,zenodo.7828148-v1-351128-13,svl_label,1,"Troglodytidae_Troglodytes_aedon,9",,
jeantet-dufourq-2023,annomate,zenodo.7828148-v1-351128-14,svl_label,1,"Troglodytidae_Troglodytes_aedon,9",,
jeantet-dufourq-2023,annomate,zenodo.7828148-v1-351128-15,svl_label,1,"Troglodytidae_Troglodytes_aedon,9",,
jeantet-dufourq-2023,annomate,zenodo.7828148-v1-351129-1,svl_label,1,"Troglodytidae_Troglodytes_aedon,9",,
jeantet-dufourq-2023,annomate,zenodo.7828148-v1-351129-2,svl_label,1,"Troglodytidae_Troglodytes_aedon,9",,
jeantet-dufourq-2023,annomate,zenodo.7828148-v1-351129-3,svl_label,1,"Troglodytidae_Troglodytes_aedon,9",,
jeantet-dufourq-2023,annomate,zenodo.7828148-v1-351129-4,svl_label,1,"Troglodytidae_Troglodytes_aedon,9",,
jeantet-dufourq-2023,annomate,zenodo.7828148-v1-351129-5,svl_label,1,"Troglodytidae_Troglodytes_aedon,9",,
jeantet-dufourq-2023,annomate,zenodo.7828148-v1-351129-6,svl_label,1,"Troglodytidae_Troglodytes_aedon,9",,
jeantet-dufourq-2023,annomate,zenodo.7828148-v1-351129-7,svl_label,1,"Troglodytidae_Troglodytes_aedon,9",,
jeantet-dufourq-2023,annomate,zenodo.7828148-v1-351129-8,svl_label,1,"Troglodytidae_Troglodytes_aedon,9",,
jeantet-dufourq-2023,annomate,zenodo.7828148-v1-351129-9,svl_label,1,"Troglodytidae_Troglodytes_aedon,9",,
jeantet-dufourq-2023,annomate,zenodo.7828148-v1-351129-10,svl_label,1,"Troglodytidae_Troglodytes_aedon,9",,
jeantet-dufourq-2023,annomate,zenodo.7828148-v1-351129-11,svl_label,1,"Troglodytidae_Troglodytes_aedon,9",,
jeantet-dufourq-2023,annomate,zenodo.7828148-v1-351129-12,svl_label,1,"Troglodytidae_Troglodytes_aedon,9",,
jeantet-dufourq-2023,annomate,zenodo.7828148-v1-351129-13,svl_label,1,"Troglodytidae_Troglodytes_aedon,9",,
jeantet-dufourq-2023,annomate,zenodo.7828148-v1-351129-14,svl_label,1,"Troglodytidae_Troglodytes_aedon,9",,
jeantet-dufourq-2023,annomate,zenodo.7828148-v1-351129-15,svl_label,1,"Troglodytidae_Troglodytes_aedon,9",,
jeantet-dufourq-2023,annomate,zenodo.7828148-v1-351129-16,svl_label,1,"Troglodytidae_Troglodytes_aedon,9",,
jeantet-dufourq-2023,annomate,zenodo.7828148-v1-351129-17,svl_label,1,"Troglodytidae_Troglodytes_aedon,9",,
jeantet-dufourq-2023,annomate,zenodo.7828148-v1-351129-18,svl_label,1,"Troglodytidae_Troglodytes_aedon,9",,
jeantet-dufourq-2023,annomate,zenodo.7828148-v1-351129-19,svl_label,1,"Troglodytidae_Troglodytes_aedon,9",,
jeantet-dufourq-2023,annomate,zenodo.7828148-v1-351129-20,svl_label,1,"Troglodytidae_Troglodytes_aedon,9",,
jeantet-dufourq-2023,annomate,zenodo.7828148-v1-351141-1,svl_label,1,"Troglodytidae_Troglodytes_aedon,8",,
jeantet-dufourq-2023,annomate,zenodo.7828148-v1-351141-2,svl_label,1,"Troglodytidae_Troglodytes_aedon,8",,
jeantet-dufourq-2023,annomate,zenodo.7828148-v1-351141-3,svl_label,1,"Troglodytidae_Troglodytes_aedon,8",,
jeantet-dufourq-2023,annomate,zenodo.7828148-v1-351141-4,svl_label,1,"Troglodytidae_Troglodytes_aedon,8",,
jeantet-dufourq-2023,annomate,zenodo.7828148-v1-351141-5,svl_label,1,"Troglodytidae_Troglodytes_aedon,8",,
jeantet-dufourq-2023,annomate,zenodo.7828148-v1-351141-6,svl_label,1,"Troglodytidae_Troglodytes_aedon,8",,
jeantet-dufourq-2023,annomate,zenodo.7828148-v1-351141-7,svl_label,1,"Troglodytidae_Troglodytes_aedon,8",,
jeantet-dufourq-2023,annomate,zenodo.7828148-v1-351141-8,svl_label,1,"Troglodytidae_Troglodytes_aedon,8",,
jeantet-dufourq-2023,annomate,zenodo.7828148-v1-351141-9,svl_label,1,"Troglodytidae_Troglodytes_aedon,8",,
jeantet-dufourq-2023,annomate,zenodo.7828148-v1-351141-10,svl_label,1,"Troglodytidae_Troglodytes_aedon,8",,
jeantet-dufourq-2023,annomate,zenodo.7828148-v1-351141-11,svl_label,1,"Troglodytidae_Troglodytes_aedon,8",,
jeantet-dufourq-2023,annomate,zenodo.7828148-v1-351141-12,svl_label,1,"Troglodytidae_Troglodytes_aedon,8",,
jeantet-dufourq-2023,annomate,zenodo.7828148-v1-351141-13,svl_label,1,"Troglodytidae_Troglodytes_aedon,8",,
jeantet-dufourq-2023,annomate,zenodo.7828148-v1-351152-1,svl_label,1,"Troglodytidae_Troglodytes_aedon,9",,
jeantet-dufourq-2023,annomate,zenodo.7828148-v1-351152-2,svl_label,1,"Troglodytidae_Troglodytes_aedon,9",,
jeantet-dufourq-2023,annomate,zenodo.7828148-v1-351152-3,svl_label,1,"Troglodytidae_Troglodytes_aedon,9",,
jeantet-dufourq-2023,annomate,zenodo.7828148-v1-351152-4,svl_label,1,"Troglodytidae_Troglodytes_aedon,9",,
jeantet-dufourq-2023,annomate,zenodo.7828148-v1-351152-5,svl_label,1,"Troglodytidae_Troglodytes_aedon,9",,
jeantet-dufourq-2023,annomate,zenodo.7828148-v1-351152-6,svl_label,1,"Troglodytidae_Troglodytes_aedon,9",,
jeantet-dufourq-2023,annomate,zenodo.7828148-v1-351152-7,svl_label,1,"Troglodytidae_Troglodytes_aedon,9",,
jeantet-dufourq-2023,annomate,zenodo.7828148-v1-351152-8,svl_label,1,"Troglodytidae_Troglodytes_aedon,9",,
jeantet-dufourq-2023,annomate,zenodo.7828148-v1-351152-9,svl_label,1,"Troglodytidae_Troglodytes_aedon,9",,
jeantet-dufourq-2023,annomate,zenodo.7828148-v1-351152-10,svl_label,1,"Troglodytidae_Troglodytes_aedon,9",,
jeantet-dufourq-2023,annomate,zenodo.7828148-v1-351174-1,svl_label,1,"oglodytidae_Troglodytes_hiemalis,9",,
jeantet-dufourq-2023,annomate,zenodo.7828148-v1-351174-2,svl_label,1,"oglodytidae_Troglodytes_hiemalis,9",,
jeantet-dufourq-2023,annomate,zenodo.7828148-v1-351174-3,svl_label,1,"oglodytidae_Troglodytes_hiemalis,9",,
jeantet-dufourq-2023,annomate,zenodo.7828148-v1-351174-4,svl_label,1,"oglodytidae_Troglodytes_hiemalis,9",,
jeantet-dufourq-2023,annomate,zenodo.7828148-v1-351174-5,svl_label,1,"oglodytidae_Troglodytes_hiemalis,9",,
jeantet-dufourq-2023,annomate,zenodo.7828148-v1-351174-6,svl_label,1,"oglodytidae_Troglodytes_hiemalis,9",,
jeantet-dufourq-2023,annomate,zenodo.7828148-v1-351174-7,svl_label,1,"oglodytidae_Troglodytes_hiemalis,9",,
jeantet-dufourq-2023,annomate,zenodo.7828148-v1-351971-1,svl_label,1,"Turdidae_Catharus_guttatus,9",,
jeantet-dufourq-2023,annomate,zenodo.7828148-v1-351971-2,svl_label,1,"Turdidae_Catharus_guttatus,9",,
jeantet-dufourq-2023,annomate,zenodo.7828148-v1-351971-3,svl_label,1,"Turdidae_Catharus_guttatus,9",,
jeantet-dufourq-2023,annomate,zenodo.7828148-v1-351971-4,svl_label,1,"Turdidae_Catharus_guttatus,9",,
jeantet-dufourq-2023,annomate,zenodo.7828148-v1-351971-5,svl_label,1,"Turdidae_Catharus_guttatus,9",,
jeantet-dufourq-2023,annomate,zenodo.7828148-v1-351971-6,svl_label,1,"Turdidae_Catharus_guttatus,9",,
jeantet-dufourq-2023,annomate,zenodo.7828148-v1-351971-7,svl_label,1,"Turdidae_Catharus_guttatus,9",,
jeantet-dufourq-2023,annomate,zenodo.7828148-v1-351971-8,svl_label,1,"Turdidae_Catharus_guttatus,9",,
jeantet-dufourq-2023,annomate,zenodo.7828148-v1-351971-9,svl_label,1,"Turdidae_Catharus_guttatus,9",,
jeantet-dufourq-2023,annomate,zenodo.7828148-v1-351971-10,svl_label,1,"Turdidae_Catharus_guttatus,9",,
jeantet-dufourq-2023,annomate,zenodo.7828148-v1-351971-11,svl_label,1,"Turdidae_Catharus_guttatus,9",,
jeantet-dufourq-2023,annomate,zenodo.7828148-v1-351971-12,svl_label,1,"Turdidae_Catharus_guttatus,9",,
jeantet-dufourq-2023,annomate,zenodo.7828148-v1-351971-13,svl_label,1,"Turdidae_Catharus_guttatus,9",,
jeantet-dufourq-2023,annomate,zenodo.7828148-v1-351971-14,svl_label,1,"Turdidae_Catharus_guttatus,9",,
jeantet-dufourq-2023,annomate,zenodo.7828148-v1-351971-15,svl_label,1,"Turdidae_Catharus_guttatus,9",,
jeantet-dufourq-2023,annomate,zenodo.7828148-v1-351971-16,svl_label,1,"Turdidae_Catharus_guttatus,9",,
jeantet-dufourq-2023,annomate,zenodo.7828148-v1-351971-17,svl_label,1,"Turdidae_Catharus_guttatus,9",,
jeantet-dufourq-2023,annomate,zenodo.7828148-v1-351971-18,svl_label,1,"Turdidae_Catharus_guttatus,9",,
jeantet-dufourq-2023,annomate,zenodo.7828148-v1-351971-19,svl_label,1,"Turdidae_Catharus_guttatus,9",,
jeantet-dufourq-2023,annomate,zenodo.7828148-v1-351971-20,svl_label,1,"Turdidae_Catharus_guttatus,9",,
jeantet-dufourq-2023,annomate,zenodo.7828148-v1-351971-21,svl_label,1,"Turdidae_Catharus_guttatus,9",,
jeantet-dufourq-2023,annomate,zenodo.7828148-v1-351971-22,svl_label,1,"Turdidae_Catharus_guttatus,9",,
jeantet-dufourq-2023,annomate,zenodo.7828148-v1-351971-23,svl_label,1,"Turdidae_Catharus_guttatus,9",,
jeantet-dufourq-2023,annomate,zenodo.7828148-v1-351971-24,svl_label,1,"Turdidae_Catharus_guttatus,9",,
jeantet-dufourq-2023,annomate,zenodo.7828148-v1-351971-25,svl_label,1,"Turdidae_Catharus_guttatus,9",,
jeantet-dufourq-2023,annomate,zenodo.7828148-v1-352095-1,svl_label,1,"Paridae_Hypocnemis_peruviana, 10",,
jeantet-dufourq-2023,annomate,zenodo.7828148-v1-352095-2,svl_label,1,"Paridae_Hypocnemis_peruviana, 10",,
jeantet-dufourq-2023,annomate,zenodo.7828148-v1-352095-3,svl_label,1,"Paridae_Hypocnemis_peruviana, 10",,
jeantet-dufourq-2023,annomate,zenodo.7828148-v1-352095-4,svl_label,1,"Paridae_Hypocnemis_peruviana, 10",,
jeantet-dufourq-2023,annomate,zenodo.7828148-v1-352227-1,svl_label,1,"Troglodytidae_Troglodytes_aedon,9",,
jeantet-dufourq-2023,annomate,zenodo.7828148-v1-352228-1,svl_label,1,"Troglodytidae_Troglodytes_aedon,9",,
jeantet-dufourq-2023,annomate,zenodo.7828148-v1-352228-2,svl_label,1,"Troglodytidae_Troglodytes_aedon,9",,
jeantet-dufourq-2023,annomate,zenodo.7828148-v1-352228-3,svl_label,1,"Troglodytidae_Troglodytes_aedon,9",,
jeantet-dufourq-2023,annomate,zenodo.7828148-v1-352452-1,svl_label,1,"Troglodytidae_Troglodytes_aedon,9",,
jeantet-dufourq-2023,annomate,zenodo.7828148-v1-352452-2,svl_label,1,"Troglodytidae_Troglodytes_aedon,9",,
jeantet-dufourq-2023,annomate,zenodo.7828148-v1-352452-3,svl_label,1,"Troglodytidae_Troglodytes_aedon,9",,
jeantet-dufourq-2023,annomate,zenodo.7828148-v1-352452-4,svl_label,1,"Troglodytidae_Troglodytes_aedon,9",,
jeantet-dufourq-2023,annomate,zenodo.7828148-v1-352452-5,svl_label,1,"Troglodytidae_Troglodytes_aedon,9",,
jeantet-dufourq-2023,annomate,zenodo.7828148-v1-352452-6,svl_label,1,"Troglodytidae_Troglodytes_aedon,9",,
jeantet-dufourq-2023,annomate,zenodo.7828148-v1-352452-7,svl_label,1,"Troglodytidae_Troglodytes_aedon,9",,
jeantet-dufourq-2023,annomate,zenodo.7828148-v1-352935-1,svl_label,1,"Troglodytidae_Troglodytes_pacificus,9",,
jeantet-dufourq-2023,annomate,zenodo.7828148-v1-352935-2,svl_label,1,"Troglodytidae_Troglodytes_pacificus,9",,
jeantet-dufourq-2023,annomate,zenodo.7828148-v1-352935-3,svl_label,1,"Troglodytidae_Troglodytes_pacificus,9",,
jeantet-dufourq-2023,annomate,zenodo.7828148-v1-352935-4,svl_label,1,"Troglodytidae_Troglodytes_pacificus,9",,
jeantet-dufourq-2023,annomate,zenodo.7828148-v1-352935-5,svl_label,1,"Troglodytidae_Troglodytes_pacificus,9",,
jeantet-dufourq-2023,annomate,zenodo.7828148-v1-352935-6,svl_label,1,"Troglodytidae_Troglodytes_pacificus,9",,
jeantet-dufourq-2023,annomate,zenodo.7828148-v1-352935-7,svl_label,1,"Troglodytidae_Troglodytes_pacificus,9",,
jeantet-dufourq-2023,annomate,zenodo.7828148-v1-352938-1,svl_label,1,"Troglodytidae_Troglodytes_pacificus,9",,
jeantet-dufourq-2023,annomate,zenodo.7828148-v1-35307-1,svl_label,1,"Turdidae_Catharus_ustulatus,9",,
jeantet-dufourq-2023,annomate,zenodo.7828148-v1-35307-2,svl_label,1,"Turdidae_Catharus_ustulatus,9",,
jeantet-dufourq-2023,annomate,zenodo.7828148-v1-35307-3,svl_label,1,"Turdidae_Catharus_ustulatus,9",,
jeantet-dufourq-2023,annomate,zenodo.7828148-v1-35307-4,svl_label,1,"Turdidae_Catharus_ustulatus,9",,
jeantet-dufourq-2023,annomate,zenodo.7828148-v1-35307-5,svl_label,1,"Turdidae_Catharus_ustulatus,9",,
jeantet-dufourq-2023,annomate,zenodo.7828148-v1-35307-6,svl_label,1,"Turdidae_Catharus_ustulatus,9",,
jeantet-dufourq-2023,annomate,zenodo.7828148-v1-35307-7,svl_label,1,"Turdidae_Catharus_ustulatus,9",,
jeantet-dufourq-2023,annomate,zenodo.7828148-v1-35307-8,svl_label,1,"Turdidae_Catharus_ustulatus,9",,
jeantet-dufourq-2023,annomate,zenodo.7828148-v1-35307-9,svl_label,1,"Turdidae_Catharus_ustulatus,9",,
jeantet-dufourq-2023,annomate,zenodo.7828148-v1-35307-10,svl_label,1,"Turdidae_Catharus_ustulatus,9",,
jeantet-dufourq-2023,annomate,zenodo.7828148-v1-35307-11,svl_label,1,"Turdidae_Catharus_ustulatus,9",,
jeantet-dufourq-2023,annomate,zenodo.7828148-v1-35307-12,svl_label,1,"Turdidae_Catharus_ustulatus,9",,
jeantet-dufourq-2023,annomate,zenodo.7828148-v1-35307-13,svl_label,1,"Turdidae_Catharus_ustulatus,9",,
jeantet-dufourq-2023,annomate,zenodo.7828148-v1-35307-14,svl_label,1,"Turdidae_Catharus_ustulatus,9",,
jeantet-dufourq-2023,annomate,zenodo.7828148-v1-35308-1,svl_label,1,"Troglodytidae_Troglodytes_pacificus,9",,
jeantet-dufourq-2023,annomate,zenodo.7828148-v1-35308-2,svl_label,1,"Troglodytidae_Troglodytes_pacificus,9",,
jeantet-dufourq-2023,annomate,zenodo.7828148-v1-35308-3,svl_label,1,"Troglodytidae_Troglodytes_pacificus,9",,
jeantet-dufourq-2023,annomate,zenodo.7828148-v1-353677-1,svl_label,1,"Turdidae_Catharus_ustulatus,9",,
jeantet-dufourq-2023,annomate,zenodo.7828148-v1-353677-2,svl_label,1,"Turdidae_Catharus_ustulatus,9",,
jeantet-dufourq-2023,annomate,zenodo.7828148-v1-353677-3,svl_label,1,"Turdidae_Catharus_ustulatus,9",,
jeantet-dufourq-2023,annomate,zenodo.7828148-v1-353677-4,svl_label,1,"Turdidae_Catharus_ustulatus,9",,
jeantet-dufourq-2023,annomate,zenodo.7828148-v1-353677-5,svl_label,1,"Turdidae_Catharus_ustulatus,9",,
jeantet-dufourq-2023,annomate,zenodo.7828148-v1-353677-6,svl_label,1,"Turdidae_Catharus_ustulatus,9",,
jeantet-dufourq-2023,annomate,zenodo.7828148-v1-353677-7,svl_label,1,"Turdidae_Catharus_ustulatus,9",,
jeantet-dufourq-2023,annomate,zenodo.7828148-v1-354777-1,svl_label,1,"Turdidae_Catharus_minimus,9",,
jeantet-dufourq-2023,annomate,zenodo.7828148-v1-354777-2,svl_label,1,"Turdidae_Catharus_minimus,9",,
jeantet-dufourq-2023,annomate,zenodo.7828148-v1-354779-1,svl_label,1,"Turdidae_Catharus_minimus,9",,
jeantet-dufourq-2023,annomate,zenodo.7828148-v1-354779-2,svl_label,1,"Turdidae_Catharus_minimus,9",,
jeantet-dufourq-2023,annomate,zenodo.7828148-v1-354779-3,svl_label,1,"Turdidae_Catharus_minimus,9",,
jeantet-dufourq-2023,annomate,zenodo.7828148-v1-354779-4,svl_label,1,"Turdidae_Catharus_minimus,9",,
jeantet-dufourq-2023,annomate,zenodo.7828148-v1-356192-1,svl_label,1,"Turdidae_Catharus_minimus,8",,
jeantet-dufourq-2023,annomate,zenodo.7828148-v1-356192-2,svl_label,1,"Turdidae_Catharus_minimus,8",,
jeantet-dufourq-2023,annomate,zenodo.7828148-v1-356192-3,svl_label,1,"Turdidae_Catharus_minimus,8",,
jeantet-dufourq-2023,annomate,zenodo.7828148-v1-356192-4,svl_label,1,"Turdidae_Catharus_minimus,8",,
jeantet-dufourq-2023,annomate,zenodo.7828148-v1-356192-5,svl_label,1,"Turdidae_Catharus_minimus,8",,
jeantet-dufourq-2023,annomate,zenodo.7828148-v1-356192-6,svl_label,1,"Turdidae_Catharus_minimus,8",,
jeantet-dufourq-2023,annomate,zenodo.7828148-v1-356192-7,svl_label,1,"Turdidae_Catharus_minimus,8",,
jeantet-dufourq-2023,annomate,zenodo.7828148-v1-356192-8,svl_label,1,"Turdidae_Catharus_minimus,8",,
jeantet-dufourq-2023,annomate,zenodo.7828148-v1-356192-9,svl_label,1,"Turdidae_Catharus_minimus,8",,
jeantet-dufourq-2023,annomate,zenodo.7828148-v1-356192-10,svl_label,1,"Turdidae_Catharus_minimus,8",,
jeantet-dufourq-2023,annomate,zenodo.7828148-v1-357027-1,svl_label,1,"Troglodytidae_Troglodytes_pacificus,9",,
jeantet-dufourq-2023,annomate,zenodo.7828148-v1-357027-2,svl_label,1,"Troglodytidae_Troglodytes_pacificus,9",,
jeantet-dufourq-2023,annomate,zenodo.7828148-v1-357027-3,svl_label,1,"Troglodytidae_Troglodytes_pacificus,9",,
jeantet-dufourq-2023,annomate,zenodo.7828148-v1-358329-1,svl_label,1,"Fringillidae_Serinus_serinus, 10",,
jeantet-dufourq-2023,annomate,zenodo.7828148-v1-358329-2,svl_label,1,"Fringillidae_Serinus_serinus, 10",,
jeantet-dufourq-2023,annomate,zenodo.7828148-v1-358329-3,svl_label,1,"Fringillidae_Serinus_serinus, 10",,
jeantet-dufourq-2023,annomate,zenodo.7828148-v1-358329-4,svl_label,1,"Fringillidae_Serinus_serinus, 10",,
jeantet-dufourq-2023,annomate,zenodo.7828148-v1-358329-5,svl_label,1,"Fringillidae_Serinus_serinus, 10",,
jeantet-dufourq-2023,annomate,zenodo.7828148-v1-358329-6,svl_label,1,"Fringillidae_Serinus_serinus, 10",,
jeantet-dufourq-2023,annomate,zenodo.7828148-v1-358673-1,svl_label,1,"Fringillidae_Serinus_serinus, 10",,
jeantet-dufourq-2023,annomate,zenodo.7828148-v1-358673-2,svl_label,1,"Fringillidae_Serinus_serinus, 10",,
jeantet-dufourq-2023,annomate,zenodo.7828148-v1-358673-3,svl_label,1,"Fringillidae_Serinus_serinus, 10",,
jeantet-dufourq-2023,annomate,zenodo.7828148-v1-358673-4,svl_label,1,"Fringillidae_Serinus_serinus, 10",,
jeantet-dufourq-2023,annomate,zenodo.7828148-v1-358673-5,svl_label,1,"Fringillidae_Serinus_serinus, 10",,
jeantet-dufourq-2023,annomate,zenodo.7828148-v1-358731-1,svl_label,1,"Fringillidae_Serinus_serinus,8",,
jeantet-dufourq-2023,annomate,zenodo.7828148-v1-358731-2,svl_label,1,"Fringillidae_Serinus_serinus,8",,
jeantet-dufourq-2023,annomate,zenodo.7828148-v1-358919-1,svl_label,1,"Fringillidae_Serinus_serinus,9",,
jeantet-dufourq-2023,annomate,zenodo.7828148-v1-358919-2,svl_label,1,"Fringillidae_Serinus_serinus,9",,
jeantet-dufourq-2023,annomate,zenodo.7828148-v1-358919-3,svl_label,1,"Fringillidae_Serinus_serinus,9",,
jeantet-dufourq-2023,annomate,zenodo.7828148-v1-358919-4,svl_label,1,"Fringillidae_Serinus_serinus,9",,
jeantet-dufourq-2023,annomate,zenodo.7828148-v1-358919-5,svl_label,1,"Fringillidae_Serinus_serinus,9",,
jeantet-dufourq-2023,annomate,zenodo.7828148-v1-358919-6,svl_label,1,"Fringillidae_Serinus_serinus,9",,
jeantet-dufourq-2023,annomate,zenodo.7828148-v1-362359-1,svl_label,1,"Troglodytidae_Troglodytes_aedon,9",,
jeantet-dufourq-2023,annomate,zenodo.7828148-v1-362359-2,svl_label,1,"Troglodytidae_Troglodytes_aedon,9",,
jeantet-dufourq-2023,annomate,zenodo.7828148-v1-362359-3,svl_label,1,"Troglodytidae_Troglodytes_aedon,9",,
jeantet-dufourq-2023,annomate,zenodo.7828148-v1-362359-4,svl_label,1,"Troglodytidae_Troglodytes_aedon,9",,
jeantet-dufourq-2023,annomate,zenodo.7828148-v1-362360-1,svl_label,1,"Troglodytidae_Troglodytes_aedon,9",,
jeantet-dufourq-2023,annomate,zenodo.7828148-v1-362360-2,svl_label,1,"Troglodytidae_Troglodytes_aedon,9",,
jeantet-dufourq-2023,annomate,zenodo.7828148-v1-362360-3,svl_label,1,"Troglodytidae_Troglodytes_aedon,9",,
jeantet-dufourq-2023,annomate,zenodo.7828148-v1-362360-4,svl_label,1,"Troglodytidae_Troglodytes_aedon,9",,
jeantet-dufourq-2023,annomate,zenodo.7828148-v1-362360-5,svl_label,1,"Troglodytidae_Troglodytes_aedon,9",,
jeantet-dufourq-2023,annomate,zenodo.7828148-v1-363719-1,svl_label,1,"Troglodytidae_Troglodytes_pacificus,9",,
jeantet-dufourq-2023,annomate,zenodo.7828148-v1-363719-2,svl_label,1,"Troglodytidae_Troglodytes_pacificus,9",,
jeantet-dufourq-2023,annomate,zenodo.7828148-v1-363719-3,svl_label,1,"Troglodytidae_Troglodytes_pacificus,9",,
jeantet-dufourq-2023,annomate,zenodo.7828148-v1-363719-4,svl_label,1,"Troglodytidae_Troglodytes_pacificus,9",,
jeantet-dufourq-2023,annomate,zenodo.7828148-v1-363719-5,svl_label,1,"Troglodytidae_Troglodytes_pacificus,9",,
jeantet-dufourq-2023,annomate,zenodo.7828148-v1-366086-1,svl_label,1,"Fringillidae_Serinus_serinus, 10",,
jeantet-dufourq-2023,annomate,zenodo.7828148-v1-366086-2,svl_label,1,"Fringillidae_Serinus_serinus, 10",,
jeantet-dufourq-2023,annomate,zenodo.7828148-v1-366731-1,svl_label,1,"Fringillidae_Serinus_serinus,9",,
jeantet-dufourq-2023,annomate,zenodo.7828148-v1-366731-2,svl_label,1,"Fringillidae_Serinus_serinus,9",,
jeantet-dufourq-2023,annomate,zenodo.7828148-v1-366731-3,svl_label,1,"Fringillidae_Serinus_serinus,9",,
jeantet-dufourq-2023,annomate,zenodo.7828148-v1-366731-4,svl_label,1,"Fringillidae_Serinus_serinus,9",,
jeantet-dufourq-2023,annomate,zenodo.7828148-v1-366731-5,svl_label,1,"Fringillidae_Serinus_serinus,9",,
jeantet-dufourq-2023,annomate,zenodo.7828148-v1-366731-6,svl_label,1,"Fringillidae_Serinus_serinus,9",,
jeantet-dufourq-2023,annomate,zenodo.7828148-v1-366731-7,svl_label,1,"Fringillidae_Serinus_serinus,9",,
jeantet-dufourq-2023,annomate,zenodo.7828148-v1-367094-1,svl_label,1,"Paridae_Saxicola_rubicola,9",,
jeantet-dufourq-2023,annomate,zenodo.7828148-v1-367094-2,svl_label,1,"Paridae_Saxicola_rubicola,9",,
jeantet-dufourq-2023,annomate,zenodo.7828148-v1-367094-3,svl_label,1,"Paridae_Saxicola_rubicola,9",,
jeantet-dufourq-2023,annomate,zenodo.7828148-v1-367094-4,svl_label,1,"Paridae_Saxicola_rubicola,9",,
jeantet-dufourq-2023,annomate,zenodo.7828148-v1-367649-1,svl_label,1,"Turdidae_Catharus_fuscater,9",,
jeantet-dufourq-2023,annomate,zenodo.7828148-v1-367649-2,svl_label,1,"Turdidae_Catharus_fuscater,9",,
jeantet-dufourq-2023,annomate,zenodo.7828148-v1-367649-3,svl_label,1,"Turdidae_Catharus_fuscater,9",,
jeantet-dufourq-2023,annomate,zenodo.7828148-v1-367649-4,svl_label,1,"Turdidae_Catharus_fuscater,9",,
jeantet-dufourq-2023,annomate,zenodo.7828148-v1-367649-5,svl_label,1,"Turdidae_Catharus_fuscater,9",,
jeantet-dufourq-2023,annomate,zenodo.7828148-v1-367649-6,svl_label,1,"Turdidae_Catharus_fuscater,9",,
jeantet-dufourq-2023,annomate,zenodo.7828148-v1-367649-7,svl_label,1,"Turdidae_Catharus_fuscater,9",,
jeantet-dufourq-2023,annomate,zenodo.7828148-v1-367649-8,svl_label,1,"Turdidae_Catharus_fuscater,9",,
jeantet-dufourq-2023,annomate,zenodo.7828148-v1-367649-9,svl_label,1,"Turdidae_Catharus_fuscater,9",,
jeantet-dufourq-2023,annomate,zenodo.7828148-v1-367649-10,svl_label,1,"Turdidae_Catharus_fuscater,9",,
jeantet-dufourq-2023,annomate,zenodo.7828148-v1-367649-11,svl_label,1,"Turdidae_Catharus_fuscater,9",,
jeantet-dufourq-2023,annomate,zenodo.7828148-v1-367649-12,svl_label,1,"Turdidae_Catharus_fuscater,9",,
jeantet-dufourq-2023,annomate,zenodo.7828148-v1-370691-1,svl_label,1,"Paridae_Saxicola_rubetra,8",,
jeantet-dufourq-2023,annomate,zenodo.7828148-v1-370691-2,svl_label,1,"Paridae_Saxicola_rubetra,8",,
jeantet-dufourq-2023,annomate,zenodo.7828148-v1-370691-3,svl_label,1,"Paridae_Saxicola_rubetra,8",,
jeantet-dufourq-2023,annomate,zenodo.7828148-v1-370691-4,svl_label,1,"Paridae_Saxicola_rubetra,8",,
jeantet-dufourq-2023,annomate,zenodo.7828148-v1-370691-5,svl_label,1,"Paridae_Saxicola_rubetra,8",,
jeantet-dufourq-2023,annomate,zenodo.7828148-v1-370691-6,svl_label,1,"Paridae_Saxicola_rubetra,8",,
jeantet-dufourq-2023,annomate,zenodo.7828148-v1-370691-7,svl_label,1,"Paridae_Saxicola_rubetra,8",,
jeantet-dufourq-2023,annomate,zenodo.7828148-v1-370691-8,svl_label,1,"Paridae_Saxicola_rubetra,8",,
jeantet-dufourq-2023,annomate,zenodo.7828148-v1-370691-9,svl_label,1,"Paridae_Saxicola_rubetra,8",,
jeantet-dufourq-2023,annomate,zenodo.7828148-v1-372326-1,svl_label,1,"Turdidae_Catharus_aurantiirostris,9",,
jeantet-dufourq-2023,annomate,zenodo.7828148-v1-372326-2,svl_label,1,"Turdidae_Catharus_aurantiirostris,9",,
jeantet-dufourq-2023,annomate,zenodo.7828148-v1-372326-3,svl_label,1,"Turdidae_Catharus_aurantiirostris,9",,
jeantet-dufourq-2023,annomate,zenodo.7828148-v1-372326-4,svl_label,1,"Turdidae_Catharus_aurantiirostris,9",,
jeantet-dufourq-2023,annomate,zenodo.7828148-v1-372326-5,svl_label,1,"Turdidae_Catharus_aurantiirostris,9",,
jeantet-dufourq-2023,annomate,zenodo.7828148-v1-372326-6,svl_label,1,"Turdidae_Catharus_aurantiirostris,9",,
jeantet-dufourq-2023,annomate,zenodo.7828148-v1-373300-1,svl_label,1,"Paridae_Saxicola_rubicola,9",,
jeantet-dufourq-2023,annomate,zenodo.7828148-v1-373852-1,svl_label,1,"Paridae_Saxicola_rubetra,9",,
jeantet-dufourq-2023,annomate,zenodo.7828148-v1-373852-2,svl_label,1,"Paridae_Saxicola_rubetra,9",,
jeantet-dufourq-2023,annomate,zenodo.7828148-v1-373852-3,svl_label,1,"Paridae_Saxicola_rubetra,9",,
jeantet-dufourq-2023,annomate,zenodo.7828148-v1-373852-4,svl_label,1,"Paridae_Saxicola_rubetra,9",,
jeantet-dufourq-2023,annomate,zenodo.7828148-v1-373852-5,svl_label,1,"Paridae_Saxicola_rubetra,9",,
jeantet-dufourq-2023,annomate,zenodo.7828148-v1-373852-6,svl_label,1,"Paridae_Saxicola_rubetra,9",,
jeantet-dufourq-2023,annomate,zenodo.7828148-v1-373852-7,svl_label,1,"Paridae_Saxicola_rubetra,9",,
jeantet-dufourq-2023,annomate,zenodo.7828148-v1-373852-8,svl_label,1,"Paridae_Saxicola_rubetra,9",,
jeantet-dufourq-2023,annomate,zenodo.7828148-v1-373852-9,svl_label,1,"Paridae_Saxicola_rubetra,9",,
jeantet-dufourq-2023,annomate,zenodo.7828148-v1-373863-1,svl_label,1,"Fringillidae_Serinus_serinus,9",,
jeantet-dufourq-2023,annomate,zenodo.7828148-v1-373863-2,svl_label,1,"Fringillidae_Serinus_serinus,9",,
jeantet-dufourq-2023,annomate,zenodo.7828148-v1-373863-3,svl_label,1,"Fringillidae_Serinus_serinus,9",,
jeantet-dufourq-2023,annomate,zenodo.7828148-v1-373863-4,svl_label,1,"Fringillidae_Serinus_serinus,9",,
jeantet-dufourq-2023,annomate,zenodo.7828148-v1-373863-5,svl_label,1,"Fringillidae_Serinus_serinus,9",,
jeantet-dufourq-2023,annomate,zenodo.7828148-v1-373863-6,svl_label,1,"Fringillidae_Serinus_serinus,9",,
jeantet-dufourq-2023,annomate,zenodo.7828148-v1-373863-7,svl_label,1,"Fringillidae_Serinus_serinus,9",,
jeantet-dufourq-2023,annomate,zenodo.7828148-v1-373863-8,svl_label,1,"Fringillidae_Serinus_serinus,9",,
jeantet-dufourq-2023,annomate,zenodo.7828148-v1-373863-9,svl_label,1,"Fringillidae_Serinus_serinus,9",,
jeantet-dufourq-2023,annomate,zenodo.7828148-v1-373863-10,svl_label,1,"Fringillidae_Serinus_serinus,9",,
jeantet-dufourq-2023,annomate,zenodo.7828148-v1-373863-11,svl_label,1,"Fringillidae_Serinus_serinus,9",,
jeantet-dufourq-2023,annomate,zenodo.7828148-v1-373863-12,svl_label,1,"Fringillidae_Serinus_serinus,9",,
jeantet-dufourq-2023,annomate,zenodo.7828148-v1-373863-13,svl_label,1,"Fringillidae_Serinus_serinus,9",,
jeantet-dufourq-2023,annomate,zenodo.7828148-v1-373863-14,svl_label,1,"Fringillidae_Serinus_serinus,9",,
jeantet-dufourq-2023,annomate,zenodo.7828148-v1-373863-15,svl_label,1,"Fringillidae_Serinus_serinus,9",,
jeantet-dufourq-2023,annomate,zenodo.7828148-v1-373863-16,svl_label,1,"Fringillidae_Serinus_serinus,9",,
jeantet-dufourq-2023,annomate,zenodo.7828148-v1-374375-1,svl_label,1,"Troglodytidae_Troglodytes_aedon,8",,
jeantet-dufourq-2023,annomate,zenodo.7828148-v1-374375-2,svl_label,1,"Troglodytidae_Troglodytes_aedon,8",,
jeantet-dufourq-2023,annomate,zenodo.7828148-v1-374375-3,svl_label,1,"Troglodytidae_Troglodytes_aedon,8",,
jeantet-dufourq-2023,annomate,zenodo.7828148-v1-374643-1,svl_label,1,"Fringillidae_Serinus_serinus,9",,
jeantet-dufourq-2023,annomate,zenodo.7828148-v1-374643-2,svl_label,1,"Fringillidae_Serinus_serinus,9",,
jeantet-dufourq-2023,annomate,zenodo.7828148-v1-374643-3,svl_label,1,"Fringillidae_Serinus_serinus,9",,
jeantet-dufourq-2023,annomate,zenodo.7828148-v1-374643-4,svl_label,1,"Fringillidae_Serinus_serinus,9",,
jeantet-dufourq-2023,annomate,zenodo.7828148-v1-374643-5,svl_label,1,"Fringillidae_Serinus_serinus,9",,
jeantet-dufourq-2023,annomate,zenodo.7828148-v1-374643-6,svl_label,1,"Fringillidae_Serinus_serinus,9",,
jeantet-dufourq-2023,annomate,zenodo.7828148-v1-374643-7,svl_label,1,"Fringillidae_Serinus_serinus,9",,
jeantet-dufourq-2023,annomate,zenodo.7828148-v1-374796-1,svl_label,1,"Fringillidae_Serinus_serinus, 10",,
jeantet-dufourq-2023,annomate,zenodo.7828148-v1-374796-2,svl_label,1,"Fringillidae_Serinus_serinus, 10",,
jeantet-dufourq-2023,annomate,zenodo.7828148-v1-374796-3,svl_label,1,"Fringillidae_Serinus_serinus, 10",,
jeantet-dufourq-2023,annomate,zenodo.7828148-v1-374796-4,svl_label,1,"Fringillidae_Serinus_serinus, 10",,
jeantet-dufourq-2023,annomate,zenodo.7828148-v1-374796-5,svl_label,1,"Fringillidae_Serinus_serinus, 10",,
jeantet-dufourq-2023,annomate,zenodo.7828148-v1-374796-6,svl_label,1,"Fringillidae_Serinus_serinus, 10",,
jeantet-dufourq-2023,annomate,zenodo.7828148-v1-374796-7,svl_label,1,"Fringillidae_Serinus_serinus, 10",,
jeantet-dufourq-2023,annomate,zenodo.7828148-v1-374796-8,svl_label,1,"Fringillidae_Serinus_serinus, 10",,
jeantet-dufourq-2023,annomate,zenodo.7828148-v1-374796-9,svl_label,1,"Fringillidae_Serinus_serinus, 10",,
jeantet-dufourq-2023,annomate,zenodo.7828148-v1-374796-10,svl_label,1,"Fringillidae_Serinus_serinus, 10",,
jeantet-dufourq-2023,annomate,zenodo.7828148-v1-374796-11,svl_label,1,"Fringillidae_Serinus_serinus, 10",,
jeantet-dufourq-2023,annomate,zenodo.7828148-v1-374796-12,svl_label,1,"Fringillidae_Serinus_serinus, 10",,
jeantet-dufourq-2023,annomate,zenodo.7828148-v1-375298-1,svl_label,1,"Fringillidae_Serinus_serinus, 10",,
jeantet-dufourq-2023,annomate,zenodo.7828148-v1-375298-2,svl_label,1,"Fringillidae_Serinus_serinus, 10",,
jeantet-dufourq-2023,annomate,zenodo.7828148-v1-375298-3,svl_label,1,"Fringillidae_Serinus_serinus, 10",,
jeantet-dufourq-2023,annomate,zenodo.7828148-v1-375298-4,svl_label,1,"Fringillidae_Serinus_serinus, 10",,
jeantet-dufourq-2023,annomate,zenodo.7828148-v1-375298-5,svl_label,1,"Fringillidae_Serinus_serinus, 10",,
jeantet-dufourq-2023,annomate,zenodo.7828148-v1-375298-6,svl_label,1,"Fringillidae_Serinus_serinus, 10",,
jeantet-dufourq-2023,annomate,zenodo.7828148-v1-375298-7,svl_label,1,"Fringillidae_Serinus_serinus, 10",,
jeantet-dufourq-2023,annomate,zenodo.7828148-v1-375298-8,svl_label,1,"Fringillidae_Serinus_serinus, 10",,
jeantet-dufourq-2023,annomate,zenodo.7828148-v1-375298-9,svl_label,1,"Fringillidae_Serinus_serinus, 10",,
jeantet-dufourq-2023,annomate,zenodo.7828148-v1-375298-10,svl_label,1,"Fringillidae_Serinus_serinus, 10",,
jeantet-dufourq-2023,annomate,zenodo.7828148-v1-375298-11,svl_label,1,"Fringillidae_Serinus_serinus, 10",,
jeantet-dufourq-2023,annomate,zenodo.7828148-v1-375298-12,svl_label,1,"Fringillidae_Serinus_serinus, 10",,
jeantet-dufourq-2023,annomate,zenodo.7828148-v1-375298-13,svl_label,1,"Fringillidae_Serinus_serinus, 10",,
jeantet-dufourq-2023,annomate,zenodo.7828148-v1-375298-14,svl_label,1,"Fringillidae_Serinus_serinus, 10",,
jeantet-dufourq-2023,annomate,zenodo.7828148-v1-375298-15,svl_label,1,"Fringillidae_Serinus_serinus, 10",,
jeantet-dufourq-2023,annomate,zenodo.7828148-v1-375298-16,svl_label,1,"Fringillidae_Serinus_serinus, 10",,
jeantet-dufourq-2023,annomate,zenodo.7828148-v1-375301-1,svl_label,1,"Fringillidae_Serinus_serinus, 10",,
jeantet-dufourq-2023,annomate,zenodo.7828148-v1-375301-2,svl_label,1,"Fringillidae_Serinus_serinus, 10",,
jeantet-dufourq-2023,annomate,zenodo.7828148-v1-375301-3,svl_label,1,"Fringillidae_Serinus_serinus, 10",,
jeantet-dufourq-2023,annomate,zenodo.7828148-v1-375301-4,svl_label,1,"Fringillidae_Serinus_serinus, 10",,
jeantet-dufourq-2023,annomate,zenodo.7828148-v1-377371-1,svl_label,1,"Troglodytidae_Troglodytes_hiemalis,9",,
jeantet-dufourq-2023,annomate,zenodo.7828148-v1-377371-2,svl_label,1,"Troglodytidae_Troglodytes_hiemalis,9",,
jeantet-dufourq-2023,annomate,zenodo.7828148-v1-377371-3,svl_label,1,"Troglodytidae_Troglodytes_hiemalis,9",,
jeantet-dufourq-2023,annomate,zenodo.7828148-v1-377371-4,svl_label,1,"Troglodytidae_Troglodytes_hiemalis,9",,
jeantet-dufourq-2023,annomate,zenodo.7828148-v1-377372-1,svl_label,1,"Troglodytidae_Troglodytes_hiemalis,9",,
jeantet-dufourq-2023,annomate,zenodo.7828148-v1-377372-2,svl_label,1,"Troglodytidae_Troglodytes_hiemalis,9",,
jeantet-dufourq-2023,annomate,zenodo.7828148-v1-377372-3,svl_label,1,"Troglodytidae_Troglodytes_hiemalis,9",,
jeantet-dufourq-2023,annomate,zenodo.7828148-v1-377373-1,svl_label,1,"Troglodytidae_Troglodytes_hiemalis,9",,
jeantet-dufourq-2023,annomate,zenodo.7828148-v1-377373-2,svl_label,1,"Troglodytidae_Troglodytes_hiemalis,9",,
jeantet-dufourq-2023,annomate,zenodo.7828148-v1-377373-3,svl_label,1,"Troglodytidae_Troglodytes_hiemalis,9",,
jeantet-dufourq-2023,annomate,zenodo.7828148-v1-377373-4,svl_label,1,"Troglodytidae_Troglodytes_hiemalis,9",,
jeantet-dufourq-2023,annomate,zenodo.7828148-v1-377523-1,svl_label,1,"Troglodytidae_Troglodytes_pacificus,9",,
jeantet-dufourq-2023,annomate,zenodo.7828148-v1-377523-2,svl_label,1,"Troglodytidae_Troglodytes_pacificus,9",,
jeantet-dufourq-2023,annomate,zenodo.7828148-v1-377523-3,svl_label,1,"Troglodytidae_Troglodytes_pacificus,9",,
jeantet-dufourq-2023,annomate,zenodo.7828148-v1-377523-4,svl_label,1,"Troglodytidae_Troglodytes_pacificus,9",,
jeantet-dufourq-2023,annomate,zenodo.7828148-v1-377523-5,svl_label,1,"Troglodytidae_Troglodytes_pacificus,9",,
jeantet-dufourq-2023,annomate,zenodo.7828148-v1-377523-6,svl_label,1,"Troglodytidae_Troglodytes_pacificus,9",,
jeantet-dufourq-2023,annomate,zenodo.7828148-v1-377523-7,svl_label,1,"Troglodytidae_Troglodytes_pacificus,9",,
jeantet-dufourq-2023,annomate,zenodo.7828148-v1-377523-8,svl_label,1,"Troglodytidae_Troglodytes_pacificus,9",,
jeantet-dufourq-2023,annomate,zenodo.7828148-v1-377523-9,svl_label,1,"Troglodytidae_Troglodytes_pacificus,9",,
jeantet-dufourq-2023,annomate,zenodo.7828148-v1-377523-10,svl_label,1,"Troglodytidae_Troglodytes_pacificus,9",,
jeantet-dufourq-2023,annomate,zenodo.7828148-v1-377523-11,svl_label,1,"Troglodytidae_Troglodytes_pacificus,9",,
jeantet-dufourq-2023,annomate,zenodo.7828148-v1-377523-12,svl_label,1,"Troglodytidae_Troglodytes_pacificus,9",,
jeantet-dufourq-2023,annomate,zenodo.7828148-v1-377523-13,svl_label,1,"Troglodytidae_Troglodytes_pacificus,9",,
jeantet-dufourq-2023,annomate,zenodo.7828148-v1-378247-1,svl_label,1,"Fringillidae_Serinus_serinus,9",,
jeantet-dufourq-2023,annomate,zenodo.7828148-v1-378247-2,svl_label,1,"Fringillidae_Serinus_serinus,9",,
jeantet-dufourq-2023,annomate,zenodo.7828148-v1-378247-3,svl_label,1,"Fringillidae_Serinus_serinus,9",,
jeantet-dufourq-2023,annomate,zenodo.7828148-v1-378248-1,svl_label,1,"Fringillidae_Serinus_serinus,9",,
jeantet-dufourq-2023,annomate,zenodo.7828148-v1-378248-2,svl_label,1,"Fringillidae_Serinus_serinus,8",,
jeantet-dufourq-2023,annomate,zenodo.7828148-v1-378496-1,svl_label,1,"Troglodytidae_Troglodytes_pacificus,9",,
jeantet-dufourq-2023,annomate,zenodo.7828148-v1-378496-2,svl_label,1,"Troglodytidae_Troglodytes_pacificus,9",,
jeantet-dufourq-2023,annomate,zenodo.7828148-v1-378496-3,svl_label,1,"Troglodytidae_Troglodytes_pacificus,9",,
jeantet-dufourq-2023,annomate,zenodo.7828148-v1-378496-4,svl_label,1,"Troglodytidae_Troglodytes_pacificus,9",,
jeantet-dufourq-2023,annomate,zenodo.7828148-v1-378496-5,svl_label,1,"Troglodytidae_Troglodytes_pacificus,9",,
jeantet-dufourq-2023,annomate,zenodo.7828148-v1-378496-6,svl_label,1,"Troglodytidae_Troglodytes_pacificus,9",,
jeantet-dufourq-2023,annomate,zenodo.7828148-v1-379340-1,svl_label,1,"Troglodytidae_Troglodytes_aedon,9",,
jeantet-dufourq-2023,annomate,zenodo.7828148-v1-379340-2,svl_label,1,"Troglodytidae_Troglodytes_aedon,9",,
jeantet-dufourq-2023,annomate,zenodo.7828148-v1-379565-1,svl_label,1,"Paridae_Saxicola_rubicola,8",,
jeantet-dufourq-2023,annomate,zenodo.7828148-v1-379565-2,svl_label,1,"Paridae_Saxicola_rubicola,8",,
jeantet-dufourq-2023,annomate,zenodo.7828148-v1-379565-3,svl_label,1,"Paridae_Saxicola_rubicola,8",,
jeantet-dufourq-2023,annomate,zenodo.7828148-v1-379565-4,svl_label,1,"Paridae_Saxicola_rubicola,8",,
jeantet-dufourq-2023,annomate,zenodo.7828148-v1-379565-5,svl_label,1,"Paridae_Saxicola_rubicola,8",,
jeantet-dufourq-2023,annomate,zenodo.7828148-v1-379565-6,svl_label,1,"Paridae_Saxicola_rubicola,8",,
jeantet-dufourq-2023,annomate,zenodo.7828148-v1-379565-7,svl_label,1,"Paridae_Saxicola_rubicola,8",,
jeantet-dufourq-2023,annomate,zenodo.7828148-v1-379746-1,svl_label,1,"Troglodytidae_Troglodytes_pacificus,9",,
jeantet-dufourq-2023,annomate,zenodo.7828148-v1-379746-2,svl_label,1,"Troglodytidae_Troglodytes_pacificus,9",,
jeantet-dufourq-2023,annomate,zenodo.7828148-v1-379755-1,svl_label,1,"Turdidae_Catharus_guttatus,9",,
jeantet-dufourq-2023,annomate,zenodo.7828148-v1-379755-2,svl_label,1,"Turdidae_Catharus_guttatus,9",,
jeantet-dufourq-2023,annomate,zenodo.7828148-v1-379755-3,svl_label,1,"Turdidae_Catharus_guttatus,9",,
jeantet-dufourq-2023,annomate,zenodo.7828148-v1-379755-4,svl_label,1,"Turdidae_Catharus_guttatus,9",,
jeantet-dufourq-2023,annomate,zenodo.7828148-v1-382495-1,svl_label,1,"Troglodytidae_Troglodytes_aedon,8",,
jeantet-dufourq-2023,annomate,zenodo.7828148-v1-386600-1,svl_label,1,"Troglodytidae_Troglodytes_aedon,9",,
jeantet-dufourq-2023,annomate,zenodo.7828148-v1-3875-1,svl_label,1,"Paridae_Hypocnemis_hypoxantha,8",,
jeantet-dufourq-2023,annomate,zenodo.7828148-v1-3875-2,svl_label,1,"Paridae_Hypocnemis_hypoxantha,8",,
jeantet-dufourq-2023,annomate,zenodo.7828148-v1-388804-1,svl_label,1,"Paridae_Saxicola_rubicola,7",,
jeantet-dufourq-2023,annomate,zenodo.7828148-v1-388804-2,svl_label,1,"Paridae_Saxicola_rubicola,7",,
jeantet-dufourq-2023,annomate,zenodo.7828148-v1-389091-1,svl_label,1,"Turdidae_Catharus_guttatus,9",,
jeantet-dufourq-2023,annomate,zenodo.7828148-v1-389091-2,svl_label,1,"Turdidae_Catharus_guttatus,9",,
jeantet-dufourq-2023,annomate,zenodo.7828148-v1-389091-3,svl_label,1,"Turdidae_Catharus_guttatus,9",,
jeantet-dufourq-2023,annomate,zenodo.7828148-v1-389091-4,svl_label,1,"Turdidae_Catharus_guttatus,9",,
jeantet-dufourq-2023,annomate,zenodo.7828148-v1-389091-5,svl_label,1,"Turdidae_Catharus_guttatus,9",,
jeantet-dufourq-2023,annomate,zenodo.7828148-v1-389091-6,svl_label,1,"Turdidae_Catharus_guttatus,9",,
jeantet-dufourq-2023,annomate,zenodo.7828148-v1-389091-7,svl_label,1,"Turdidae_Catharus_guttatus,9",,
jeantet-dufourq-2023,annomate,zenodo.7828148-v1-389091-8,svl_label,1,"Turdidae_Catharus_guttatus,9",,
jeantet-dufourq-2023,annomate,zenodo.7828148-v1-389104-1,svl_label,1,"Troglodytidae_Troglodytes_hiemalis,9",,
jeantet-dufourq-2023,annomate,zenodo.7828148-v1-389104-2,svl_label,1,"Troglodytidae_Troglodytes_hiemalis,9",,
jeantet-dufourq-2023,annomate,zenodo.7828148-v1-389104-3,svl_label,1,"Troglodytidae_Troglodytes_hiemalis,9",,
jeantet-dufourq-2023,annomate,zenodo.7828148-v1-389104-4,svl_label,1,"Troglodytidae_Troglodytes_hiemalis,9",,
jeantet-dufourq-2023,annomate,zenodo.7828148-v1-389104-5,svl_label,1,"Troglodytidae_Troglodytes_hiemalis,9",,
jeantet-dufourq-2023,annomate,zenodo.7828148-v1-389104-6,svl_label,1,"Troglodytidae_Troglodytes_hiemalis,9",,
jeantet-dufourq-2023,annomate,zenodo.7828148-v1-389104-7,svl_label,1,"Troglodytidae_Troglodytes_hiemalis,9",,
jeantet-dufourq-2023,annomate,zenodo.7828148-v1-389104-8,svl_label,1,"Troglodytidae_Troglodytes_hiemalis,9",,
jeantet-dufourq-2023,annomate,zenodo.7828148-v1-389104-9,svl_label,1,"Troglodytidae_Troglodytes_hiemalis,9",,
jeantet-dufourq-2023,annomate,zenodo.7828148-v1-389104-10,svl_label,1,"Troglodytidae_Troglodytes_hiemalis,9",,
jeantet-dufourq-2023,annomate,zenodo.7828148-v1-389104-11,svl_label,1,"Troglodytidae_Troglodytes_hiemalis,9",,
jeantet-dufourq-2023,annomate,zenodo.7828148-v1-389104-12,svl_label,1,"Troglodytidae_Troglodytes_hiemalis,9",,
jeantet-dufourq-2023,annomate,zenodo.7828148-v1-38984-1,svl_label,1,"Paridae_Hypocnemis_peruviana,9",,
jeantet-dufourq-2023,annomate,zenodo.7828148-v1-38984-2,svl_label,1,"Paridae_Hypocnemis_peruviana,9",,
jeantet-dufourq-2023,annomate,zenodo.7828148-v1-38984-3,svl_label,1,"Paridae_Hypocnemis_peruviana,9",,
jeantet-dufourq-2023,annomate,zenodo.7828148-v1-38984-4,svl_label,1,"Paridae_Hypocnemis_peruviana,8",,
jeantet-dufourq-2023,annomate,zenodo.7828148-v1-38984-5,svl_label,1,"Paridae_Hypocnemis_peruviana,8",,
jeantet-dufourq-2023,annomate,zenodo.7828148-v1-38984-6,svl_label,1,"Paridae_Hypocnemis_peruviana,8",,
jeantet-dufourq-2023,annomate,zenodo.7828148-v1-38985-1,svl_label,1,"Paridae_Hypocnemis_peruviana,8",,
jeantet-dufourq-2023,annomate,zenodo.7828148-v1-38985-2,svl_label,1,"Paridae_Hypocnemis_peruviana,8",,
jeantet-dufourq-2023,annomate,zenodo.7828148-v1-38985-3,svl_label,1,"Paridae_Hypocnemis_peruviana,8",,
jeantet-dufourq-2023,annomate,zenodo.7828148-v1-38985-4,svl_label,1,"Paridae_Hypocnemis_peruviana,8",,
jeantet-dufourq-2023,annomate,zenodo.7828148-v1-38985-5,svl_label,1,"Paridae_Hypocnemis_peruviana,8",,
jeantet-dufourq-2023,annomate,zenodo.7828148-v1-390769-1,svl_label,1,"Turdidae_Catharus_fuscescens,9",,
jeantet-dufourq-2023,annomate,zenodo.7828148-v1-390769-2,svl_label,1,"Turdidae_Catharus_fuscescens,9",,
jeantet-dufourq-2023,annomate,zenodo.7828148-v1-390769-3,svl_label,1,"Turdidae_Catharus_fuscescens,9",,
jeantet-dufourq-2023,annomate,zenodo.7828148-v1-390769-4,svl_label,1,"Turdidae_Catharus_fuscescens,9",,
jeantet-dufourq-2023,annomate,zenodo.7828148-v1-390769-5,svl_label,1,"Turdidae_Catharus_fuscescens,9",,
jeantet-dufourq-2023,annomate,zenodo.7828148-v1-390769-6,svl_label,1,"Turdidae_Catharus_fuscescens,9",,
jeantet-dufourq-2023,annomate,zenodo.7828148-v1-390769-7,svl_label,1,"Turdidae_Catharus_fuscescens,9",,
jeantet-dufourq-2023,annomate,zenodo.7828148-v1-390769-8,svl_label,1,"Turdidae_Catharus_fuscescens,9",,
jeantet-dufourq-2023,annomate,zenodo.7828148-v1-390769-9,svl_label,1,"Turdidae_Catharus_fuscescens,9",,
jeantet-dufourq-2023,annomate,zenodo.7828148-v1-390769-10,svl_label,1,"Turdidae_Catharus_fuscescens,9",,
jeantet-dufourq-2023,annomate,zenodo.7828148-v1-390769-11,svl_label,1,"Turdidae_Catharus_fuscescens,9",,
jeantet-dufourq-2023,annomate,zenodo.7828148-v1-390769-12,svl_label,1,"Turdidae_Catharus_fuscescens,9",,
jeantet-dufourq-2023,annomate,zenodo.7828148-v1-390769-13,svl_label,1,"Turdidae_Catharus_fuscescens,9",,
jeantet-dufourq-2023,annomate,zenodo.7828148-v1-390769-14,svl_label,1,"Turdidae_Catharus_fuscescens,9",,
jeantet-dufourq-2023,annomate,zenodo.7828148-v1-390769-15,svl_label,1,"Turdidae_Catharus_fuscescens,9",,
jeantet-dufourq-2023,annomate,zenodo.7828148-v1-390769-16,svl_label,1,"Turdidae_Catharus_fuscescens,9",,
jeantet-dufourq-2023,annomate,zenodo.7828148-v1-390769-17,svl_label,1,"Turdidae_Catharus_fuscescens,9",,
jeantet-dufourq-2023,annomate,zenodo.7828148-v1-390770-1,svl_label,1,"Turdidae_Catharus_fuscescens,9",,
jeantet-dufourq-2023,annomate,zenodo.7828148-v1-390770-2,svl_label,1,"Turdidae_Catharus_fuscescens,9",,
jeantet-dufourq-2023,annomate,zenodo.7828148-v1-390770-3,svl_label,1,"Turdidae_Catharus_fuscescens,9",,
jeantet-dufourq-2023,annomate,zenodo.7828148-v1-390770-4,svl_label,1,"Turdidae_Catharus_fuscescens,9",,
jeantet-dufourq-2023,annomate,zenodo.7828148-v1-390770-5,svl_label,1,"Turdidae_Catharus_fuscescens,9",,
jeantet-dufourq-2023,annomate,zenodo.7828148-v1-390770-6,svl_label,1,"Turdidae_Catharus_fuscescens,8",,
jeantet-dufourq-2023,annomate,zenodo.7828148-v1-390770-7,svl_label,1,"Turdidae_Catharus_fuscescens,9",,
jeantet-dufourq-2023,annomate,zenodo.7828148-v1-392685-1,svl_label,1,"Paridae_Saxicola_torquatus,9",,
jeantet-dufourq-2023,annomate,zenodo.7828148-v1-392685-2,svl_label,1,"Paridae_Saxicola_torquatus,9",,
jeantet-dufourq-2023,annomate,zenodo.7828148-v1-392685-3,svl_label,1,"Paridae_Saxicola_torquatus,9",,
jeantet-dufourq-2023,annomate,zenodo.7828148-v1-392698-1,svl_label,1,"Fringillidae_Serinus_canicollis,9",,
jeantet-dufourq-2023,annomate,zenodo.7828148-v1-392698-2,svl_label,1,"Fringillidae_Serinus_canicollis,8",,
jeantet-dufourq-2023,annomate,zenodo.7828148-v1-392698-3,svl_label,1,"Fringillidae_Serinus_canicollis,9",,
jeantet-dufourq-2023,annomate,zenodo.7828148-v1-392698-4,svl_label,1,"Fringillidae_Serinus_canicollis,9",,
jeantet-dufourq-2023,annomate,zenodo.7828148-v1-392699-1,svl_label,1,"Fringillidae_Serinus_canicollis,7",,
jeantet-dufourq-2023,annomate,zenodo.7828148-v1-392699-2,svl_label,1,"Fringillidae_Serinus_canicollis,9",,
jeantet-dufourq-2023,annomate,zenodo.7828148-v1-392699-3,svl_label,1,"Fringillidae_Serinus_canicollis,9",,
jeantet-dufourq-2023,annomate,zenodo.7828148-v1-392699-4,svl_label,1,"Fringillidae_Serinus_canicollis,9",,
jeantet-dufourq-2023,annomate,zenodo.7828148-v1-392699-5,svl_label,1,"Fringillidae_Serinus_canicollis,9",,
jeantet-dufourq-2023,annomate,zenodo.7828148-v1-392700-1,svl_label,1,"Fringillidae_Serinus_canicollis,9",,
jeantet-dufourq-2023,annomate,zenodo.7828148-v1-392700-2,svl_label,1,"Fringillidae_Serinus_canicollis,9",,
jeantet-dufourq-2023,annomate,zenodo.7828148-v1-392700-3,svl_label,1,"Fringillidae_Serinus_canicollis,9",,
jeantet-dufourq-2023,annomate,zenodo.7828148-v1-392700-4,svl_label,1,"Fringillidae_Serinus_canicollis,9",,
jeantet-dufourq-2023,annomate,zenodo.7828148-v1-392700-5,svl_label,1,"Fringillidae_Serinus_canicollis,9",,
jeantet-dufourq-2023,annomate,zenodo.7828148-v1-392700-6,svl_label,1,"Fringillidae_Serinus_canicollis,7",,
jeantet-dufourq-2023,annomate,zenodo.7828148-v1-392701-1,svl_label,1,"Fringillidae_Serinus_canicollis,6",,
jeantet-dufourq-2023,annomate,zenodo.7828148-v1-392701-2,svl_label,1,"Fringillidae_Serinus_canicollis,6",,
jeantet-dufourq-2023,annomate,zenodo.7828148-v1-392701-3,svl_label,1,"Fringillidae_Serinus_icollis,6",,
jeantet-dufourq-2023,annomate,zenodo.7828148-v1-392701-4,svl_label,1,"Fringillidae_Serinus_canicollis,7",,
jeantet-dufourq-2023,annomate,zenodo.7828148-v1-392702-1,svl_label,1,"Fringillidae_Serinus_canicollis,9",,
jeantet-dufourq-2023,annomate,zenodo.7828148-v1-392702-2,svl_label,1,"Fringillidae_Serinus_canicollis,9",,
jeantet-dufourq-2023,annomate,zenodo.7828148-v1-392702-3,svl_label,1,"Fringillidae_Serinus_canicollis,9",,
jeantet-dufourq-2023,annomate,zenodo.7828148-v1-392702-4,svl_label,1,"Fringillidae_Serinus_canicollis,9",,
jeantet-dufourq-2023,annomate,zenodo.7828148-v1-392702-5,svl_label,1,"Fringillidae_Serinus_canicollis,9",,
jeantet-dufourq-2023,annomate,zenodo.7828148-v1-392702-6,svl_label,1,"Fringillidae_Serinus_canicollis,9",,
jeantet-dufourq-2023,annomate,zenodo.7828148-v1-392702-7,svl_label,1,"Fringillidae_Serinus_canicollis,9",,
jeantet-dufourq-2023,annomate,zenodo.7828148-v1-392702-8,svl_label,1,"Fringillidae_Serinus_canicollis,9",,
jeantet-dufourq-2023,annomate,zenodo.7828148-v1-392702-9,svl_label,1,"Fringillidae_Serinus_canicollis,9",,
jeantet-dufourq-2023,annomate,zenodo.7828148-v1-392702-10,svl_label,1,"Fringillidae_Serinus_canicollis,9",,
jeantet-dufourq-2023,annomate,zenodo.7828148-v1-394451-1,svl_label,1,"Paridae_Hypocnemis_cantator,8",,
jeantet-dufourq-2023,annomate,zenodo.7828148-v1-394451-2,svl_label,1,"Paridae_Hypocnemis_cantator,8",,
jeantet-dufourq-2023,annomate,zenodo.7828148-v1-394451-3,svl_label,1,"Paridae_Hypocnemis_cantator,8",,
jeantet-dufourq-2023,annomate,zenodo.7828148-v1-394451-4,svl_label,1,"Paridae_Hypocnemis_cantator,8",,
jeantet-dufourq-2023,annomate,zenodo.7828148-v1-396051-1,svl_label,1,"Turdidae_Catharus_aurantiirostris,9",,
jeantet-dufourq-2023,annomate,zenodo.7828148-v1-396051-2,svl_label,1,"Turdidae_Catharus_aurantiirostris,9",,
jeantet-dufourq-2023,annomate,zenodo.7828148-v1-396051-3,svl_label,1,"Turdidae_Catharus_aurantiirostris,9",,
jeantet-dufourq-2023,annomate,zenodo.7828148-v1-396051-4,svl_label,1,"Turdidae_Catharus_aurantiirostris,9",,
jeantet-dufourq-2023,annomate,zenodo.7828148-v1-396051-5,svl_label,1,"Turdidae_Catharus_aurantiirostris,9",,
jeantet-dufourq-2023,annomate,zenodo.7828148-v1-396051-6,svl_label,1,"Turdidae_Catharus_aurantiirostris,9",,
jeantet-dufourq-2023,annomate,zenodo.7828148-v1-396051-7,svl_label,1,"Turdidae_Catharus_aurantiirostris,9",,
jeantet-dufourq-2023,annomate,zenodo.7828148-v1-396051-8,svl_label,1,"Turdidae_Catharus_aurantiirostris,9",,
jeantet-dufourq-2023,annomate,zenodo.7828148-v1-396051-9,svl_label,1,"Turdidae_Catharus_aurantiirostris,9",,
jeantet-dufourq-2023,annomate,zenodo.7828148-v1-39982-1,svl_label,1,"Paridae_Hypocnemis_striata,8",,
jeantet-dufourq-2023,annomate,zenodo.7828148-v1-39982-2,svl_label,1,"Paridae_Hypocnemis_striata,8",,
jeantet-dufourq-2023,annomate,zenodo.7828148-v1-39982-3,svl_label,1,"Paridae_Hypocnemis_striata,8",,
jeantet-dufourq-2023,annomate,zenodo.7828148-v1-39982-4,svl_label,1,"Paridae_Hypocnemis_striata,8",,
jeantet-dufourq-2023,annomate,zenodo.7828148-v1-401164-1,svl_label,1,"Paridae_Hypocnemis_cantator,9",,
jeantet-dufourq-2023,annomate,zenodo.7828148-v1-401164-2,svl_label,1,"Paridae_Hypocnemis_cantator,9",,
jeantet-dufourq-2023,annomate,zenodo.7828148-v1-401164-3,svl_label,1,"Paridae_Hypocnemis_cantator,9",,
jeantet-dufourq-2023,annomate,zenodo.7828148-v1-401164-4,svl_label,1,"Paridae_Hypocnemis_cantator,9",,
jeantet-dufourq-2023,annomate,zenodo.7828148-v1-401164-5,svl_label,1,"Paridae_Hypocnemis_cantator,9",,
jeantet-dufourq-2023,annomate,zenodo.7828148-v1-401164-6,svl_label,1,"Paridae_Hypocnemis_cantator,9",,
jeantet-dufourq-2023,annomate,zenodo.7828148-v1-401164-7,svl_label,1,"Paridae_Hypocnemis_cantator,9",,
jeantet-dufourq-2023,annomate,zenodo.7828148-v1-401164-8,svl_label,1,"Paridae_Hypocnemis_cantator,9",,
jeantet-dufourq-2023,annomate,zenodo.7828148-v1-401164-9,svl_label,1,"Paridae_Hypocnemis_cantator,9",,
jeantet-dufourq-2023,annomate,zenodo.7828148-v1-401164-10,svl_label,1,"Paridae_Hypocnemis_cantator,9",,
jeantet-dufourq-2023,annomate,zenodo.7828148-v1-406177-1,svl_label,1,"Turdidae_Catharus_minimus,9",,
jeantet-dufourq-2023,annomate,zenodo.7828148-v1-406177-2,svl_label,1,"Turdidae_Catharus_minimus,9",,
jeantet-dufourq-2023,annomate,zenodo.7828148-v1-406177-3,svl_label,1,"Turdidae_Catharus_minimus,9",,
jeantet-dufourq-2023,annomate,zenodo.7828148-v1-406177-4,svl_label,1,"Turdidae_Catharus_minimus,9",,
jeantet-dufourq-2023,annomate,zenodo.7828148-v1-406177-5,svl_label,1,"Turdidae_Catharus_minimus,9",,
jeantet-dufourq-2023,annomate,zenodo.7828148-v1-406177-6,svl_label,1,"Turdidae_Catharus_minimus,9",,
jeantet-dufourq-2023,annomate,zenodo.7828148-v1-406177-7,svl_label,1,"Turdidae_Catharus_minimus,9",,
jeantet-dufourq-2023,annomate,zenodo.7828148-v1-406177-8,svl_label,1,"Turdidae_Catharus_minimus,9",,
jeantet-dufourq-2023,annomate,zenodo.7828148-v1-406177-9,svl_label,1,"Turdidae_Catharus_minimus,9",,
jeantet-dufourq-2023,annomate,zenodo.7828148-v1-406177-10,svl_label,1,"Turdidae_Catharus_minimus,9",,
jeantet-dufourq-2023,annomate,zenodo.7828148-v1-406177-11,svl_label,1,"Turdidae_Catharus_minimus,9",,
jeantet-dufourq-2023,annomate,zenodo.7828148-v1-406177-12,svl_label,1,"Turdidae_Catharus_minimus,9",,
jeantet-dufourq-2023,annomate,zenodo.7828148-v1-406177-13,svl_label,1,"Turdidae_Catharus_minimus,9",,
jeantet-dufourq-2023,annomate,zenodo.7828148-v1-406177-14,svl_label,1,"Turdidae_Catharus_minimus,9",,
jeantet-dufourq-2023,annomate,zenodo.7828148-v1-408167-1,svl_label,1,"Troglodytidae_Troglodytes_aedon,9",,
jeantet-dufourq-2023,annomate,zenodo.7828148-v1-408167-2,svl_label,1,"Troglodytidae_Troglodytes_aedon,9",,
jeantet-dufourq-2023,annomate,zenodo.7828148-v1-408167-3,svl_label,1,"Troglodytidae_Troglodytes_aedon,9",,
jeantet-dufourq-2023,annomate,zenodo.7828148-v1-408167-4,svl_label,1,"Troglodytidae_Troglodytes_aedon,9",,
jeantet-dufourq-2023,annomate,zenodo.7828148-v1-408167-5,svl_label,1,"Troglodytidae_Troglodytes_aedon,9",,
jeantet-dufourq-2023,annomate,zenodo.7828148-v1-408167-6,svl_label,1,"Troglodytidae_Troglodytes_aedon,9",,
jeantet-dufourq-2023,annomate,zenodo.7828148-v1-408167-7,svl_label,1,"Troglodytidae_Troglodytes_aedon,9",,
jeantet-dufourq-2023,annomate,zenodo.7828148-v1-408167-8,svl_label,1,"Troglodytidae_Troglodytes_aedon,9",,
jeantet-dufourq-2023,annomate,zenodo.7828148-v1-408167-9,svl_label,1,"Troglodytidae_Troglodytes_aedon,9",,
jeantet-dufourq-2023,annomate,zenodo.7828148-v1-408167-10,svl_label,1,"Troglodytidae_Troglodytes_aedon,9",,
jeantet-dufourq-2023,annomate,zenodo.7828148-v1-408167-11,svl_label,1,"Troglodytidae_Troglodytes_aedon,9",,
jeantet-dufourq-2023,annomate,zenodo.7828148-v1-408167-12,svl_label,1,"Troglodytidae_Troglodytes_aedon,9",,
jeantet-dufourq-2023,annomate,zenodo.7828148-v1-408286-1,svl_label,1,"Troglodytidae_Troglodytes_aedon,9",,
jeantet-dufourq-2023,annomate,zenodo.7828148-v1-408286-2,svl_label,1,"Troglodytidae_Troglodytes_aedon,9",,
jeantet-dufourq-2023,annomate,zenodo.7828148-v1-408286-3,svl_label,1,"Troglodytidae_Troglodytes_aedon,9",,
jeantet-dufourq-2023,annomate,zenodo.7828148-v1-408286-4,svl_label,1,"Troglodytidae_Troglodytes_aedon,9",,
jeantet-dufourq-2023,annomate,zenodo.7828148-v1-408286-5,svl_label,1,"Troglodytidae_Troglodytes_aedon,9",,
jeantet-dufourq-2023,annomate,zenodo.7828148-v1-408286-6,svl_label,1,"Troglodytidae_Troglodytes_aedon,9",,
jeantet-dufourq-2023,annomate,zenodo.7828148-v1-408286-7,svl_label,1,"Troglodytidae_Troglodytes_aedon,9",,
jeantet-dufourq-2023,annomate,zenodo.7828148-v1-408286-8,svl_label,1,"Troglodytidae_Troglodytes_aedon,8",,
jeantet-dufourq-2023,annomate,zenodo.7828148-v1-408477-1,svl_label,1,"Troglodytidae_Troglodytes_aedon,9",,
jeantet-dufourq-2023,annomate,zenodo.7828148-v1-408477-2,svl_label,1,"Troglodytidae_Troglodytes_aedon,9",,
jeantet-dufourq-2023,annomate,zenodo.7828148-v1-408477-3,svl_label,1,"Troglodytidae_Troglodytes_aedon,9",,
jeantet-dufourq-2023,annomate,zenodo.7828148-v1-408477-4,svl_label,1,"Troglodytidae_Troglodytes_aedon,9",,
jeantet-dufourq-2023,annomate,zenodo.7828148-v1-408477-5,svl_label,1,"Troglodytidae_Troglodytes_aedon,9",,
jeantet-dufourq-2023,annomate,zenodo.7828148-v1-408477-6,svl_label,1,"Troglodytidae_Troglodytes_aedon,9",,
jeantet-dufourq-2023,annomate,zenodo.7828148-v1-408477-7,svl_label,1,"Troglodytidae_Troglodytes_aedon,9",,
jeantet-dufourq-2023,annomate,zenodo.7828148-v1-408477-8,svl_label,1,"Troglodytidae_Troglodytes_aedon,9",,
jeantet-dufourq-2023,annomate,zenodo.7828148-v1-408477-9,svl_label,1,"Troglodytidae_Troglodytes_aedon,9",,
jeantet-dufourq-2023,annomate,zenodo.7828148-v1-40918-1,svl_label,1,"Paridae_Hypocnemis_cantator,9",,
jeantet-dufourq-2023,annomate,zenodo.7828148-v1-40918-2,svl_label,1,"Paridae_Hypocnemis_cantator,9",,
jeantet-dufourq-2023,annomate,zenodo.7828148-v1-40918-3,svl_label,1,"Paridae_Hypocnemis_cantator,9",,
jeantet-dufourq-2023,annomate,zenodo.7828148-v1-41247-1,svl_label,1,"Turdidae_Catharus_aurantiirostris,9",,
jeantet-dufourq-2023,annomate,zenodo.7828148-v1-41247-2,svl_label,1,"Turdidae_Catharus_aurantiirostris,9",,
jeantet-dufourq-2023,annomate,zenodo.7828148-v1-41247-3,svl_label,1,"Turdidae_Catharus_aurantiirostris,9",,
jeantet-dufourq-2023,annomate,zenodo.7828148-v1-41247-4,svl_label,1,"Turdidae_Catharus_aurantiirostris,9",,
jeantet-dufourq-2023,annomate,zenodo.7828148-v1-41247-5,svl_label,1,"Turdidae_Catharus_aurantiirostris,9",,
jeantet-dufourq-2023,annomate,zenodo.7828148-v1-412680-1,svl_label,1,"Paridae_Saxicola_rubicola,8",,
jeantet-dufourq-2023,annomate,zenodo.7828148-v1-412680-2,svl_label,1,"Paridae_Saxicola_rubicola,8",,
jeantet-dufourq-2023,annomate,zenodo.7828148-v1-412680-3,svl_label,1,"Paridae_Saxicola_rubicola,8",,
jeantet-dufourq-2023,annomate,zenodo.7828148-v1-412680-4,svl_label,1,"Paridae_Saxicola_rubicola,8",,
jeantet-dufourq-2023,annomate,zenodo.7828148-v1-414173-1,svl_label,1,"Troglodytidae_Troglodytes_aedon,9",,
jeantet-dufourq-2023,annomate,zenodo.7828148-v1-414173-2,svl_label,1,"Troglodytidae_Troglodytes_aedon,9",,
jeantet-dufourq-2023,annomate,zenodo.7828148-v1-414173-3,svl_label,1,"Troglodytidae_Troglodytes_aedon,9",,
jeantet-dufourq-2023,annomate,zenodo.7828148-v1-414173-4,svl_label,1,"Troglodytidae_Troglodytes_aedon,9",,
jeantet-dufourq-2023,annomate,zenodo.7828148-v1-414173-5,svl_label,1,"Troglodytidae_Troglodytes_aedon,9",,
jeantet-dufourq-2023,annomate,zenodo.7828148-v1-414173-6,svl_label,1,"Troglodytidae_Troglodytes_aedon,9",,
jeantet-dufourq-2023,annomate,zenodo.7828148-v1-414173-7,svl_label,1,"Troglodytidae_Troglodytes_aedon,9",,
jeantet-dufourq-2023,annomate,zenodo.7828148-v1-414173-8,svl_label,1,"Troglodytidae_Troglodytes_aedon,9",,
jeantet-dufourq-2023,annomate,zenodo.7828148-v1-414173-9,svl_label,1,"Troglodytidae_Troglodytes_aedon,9",,
jeantet-dufourq-2023,annomate,zenodo.7828148-v1-414174-1,svl_label,1,"Troglodytidae_Troglodytes_aedon,9",,
jeantet-dufourq-2023,annomate,zenodo.7828148-v1-414174-2,svl_label,1,"Troglodytidae_Troglodytes_aedon,9",,
jeantet-dufourq-2023,annomate,zenodo.7828148-v1-414174-3,svl_label,1,"Troglodytidae_Troglodytes_aedon,9",,
jeantet-dufourq-2023,annomate,zenodo.7828148-v1-414174-4,svl_label,1,"Troglodytidae_Troglodytes_aedon,9",,
jeantet-dufourq-2023,annomate,zenodo.7828148-v1-414174-5,svl_label,1,"Troglodytidae_Troglodytes_aedon,9",,
jeantet-dufourq-2023,annomate,zenodo.7828148-v1-414174-6,svl_label,1,"Troglodytidae_Troglodytes_aedon,9",,
jeantet-dufourq-2023,annomate,zenodo.7828148-v1-415102-1,svl_label,1,"Paridae_Saxicola_rubetra,9",,
jeantet-dufourq-2023,annomate,zenodo.7828148-v1-415102-2,svl_label,1,"Paridae_Saxicola_rubetra,9",,
jeantet-dufourq-2023,annomate,zenodo.7828148-v1-415102-3,svl_label,1,"Paridae_Saxicola_rubetra,7",,
jeantet-dufourq-2023,annomate,zenodo.7828148-v1-415102-4,svl_label,1,"Paridae_Saxicola_rubetra,8",,
jeantet-dufourq-2023,annomate,zenodo.7828148-v1-415104-1,svl_label,1,"Paridae_Saxicola_rubetra,9",,
jeantet-dufourq-2023,annomate,zenodo.7828148-v1-415104-2,svl_label,1,"Paridae_Saxicola_rubetra,9",,
jeantet-dufourq-2023,annomate,zenodo.7828148-v1-415104-3,svl_label,1,"Paridae_Saxicola_rubetra,9",,
jeantet-dufourq-2023,annomate,zenodo.7828148-v1-415104-4,svl_label,1,"Paridae_Saxicola_rubetra,9",,
jeantet-dufourq-2023,annomate,zenodo.7828148-v1-415104-5,svl_label,1,"Paridae_Saxicola_rubetra,9",,
jeantet-dufourq-2023,annomate,zenodo.7828148-v1-415104-6,svl_label,1,"Paridae_Saxicola_rubetra,9",,
jeantet-dufourq-2023,annomate,zenodo.7828148-v1-415104-7,svl_label,1,"Paridae_Saxicola_rubetra,9",,
jeantet-dufourq-2023,annomate,zenodo.7828148-v1-415104-8,svl_label,1,"Paridae_Saxicola_rubetra,9",,
jeantet-dufourq-2023,annomate,zenodo.7828148-v1-415104-9,svl_label,1,"Paridae_Saxicola_rubetra,9",,
jeantet-dufourq-2023,annomate,zenodo.7828148-v1-415104-10,svl_label,1,"Paridae_Saxicola_rubetra,9",,
jeantet-dufourq-2023,annomate,zenodo.7828148-v1-415138-1,svl_label,1,"Paridae_Saxicola_rubetra,9",,
jeantet-dufourq-2023,annomate,zenodo.7828148-v1-415138-2,svl_label,1,"Paridae_Saxicola_rubetra,9",,
jeantet-dufourq-2023,annomate,zenodo.7828148-v1-415138-3,svl_label,1,"Paridae_Saxicola_rubetra,9",,
jeantet-dufourq-2023,annomate,zenodo.7828148-v1-415138-4,svl_label,1,"Paridae_Saxicola_rubetra,9",,
jeantet-dufourq-2023,annomate,zenodo.7828148-v1-415138-5,svl_label,1,"Paridae_Saxicola_rubetra,9",,
jeantet-dufourq-2023,annomate,zenodo.7828148-v1-415138-6,svl_label,1,"Paridae_Saxicola_rubetra,9",,
jeantet-dufourq-2023,annomate,zenodo.7828148-v1-415138-7,svl_label,1,"Paridae_Saxicola_rubetra,9",,
jeantet-dufourq-2023,annomate,zenodo.7828148-v1-416322-1,svl_label,1,"Turdidae_Catharus_guttatus,9",,
jeantet-dufourq-2023,annomate,zenodo.7828148-v1-416322-2,svl_label,1,"Turdidae_Catharus_guttatus,9",,
jeantet-dufourq-2023,annomate,zenodo.7828148-v1-416322-3,svl_label,1,"Turdidae_Catharus_guttatus,9",,
jeantet-dufourq-2023,annomate,zenodo.7828148-v1-416322-4,svl_label,1,"Turdidae_Catharus_guttatus,9",,
jeantet-dufourq-2023,annomate,zenodo.7828148-v1-416322-5,svl_label,1,"Turdidae_Catharus_guttatus,9",,
jeantet-dufourq-2023,annomate,zenodo.7828148-v1-416322-6,svl_label,1,"Turdidae_Catharus_guttatus,9",,
jeantet-dufourq-2023,annomate,zenodo.7828148-v1-416322-7,svl_label,1,"Turdidae_Catharus_guttatus,9",,
jeantet-dufourq-2023,annomate,zenodo.7828148-v1-416322-8,svl_label,1,"Turdidae_Catharus_guttatus,9",,
jeantet-dufourq-2023,annomate,zenodo.7828148-v1-416322-9,svl_label,1,"Turdidae_Catharus_guttatus,9",,
jeantet-dufourq-2023,annomate,zenodo.7828148-v1-416322-10,svl_label,1,"Turdidae_Catharus_guttatus,9",,
jeantet-dufourq-2023,annomate,zenodo.7828148-v1-416322-11,svl_label,1,"Turdidae_Catharus_guttatus,9",,
jeantet-dufourq-2023,annomate,zenodo.7828148-v1-416322-12,svl_label,1,"Turdidae_Catharus_guttatus,9",,
jeantet-dufourq-2023,annomate,zenodo.7828148-v1-416322-13,svl_label,1,"Turdidae_Catharus_guttatus,9",,
jeantet-dufourq-2023,annomate,zenodo.7828148-v1-416322-14,svl_label,1,"Turdidae_Catharus_guttatus,9",,
jeantet-dufourq-2023,annomate,zenodo.7828148-v1-416322-15,svl_label,1,"Turdidae_Catharus_guttatus,9",,
jeantet-dufourq-2023,annomate,zenodo.7828148-v1-416322-16,svl_label,1,"Turdidae_Catharus_guttatus,9",,
jeantet-dufourq-2023,annomate,zenodo.7828148-v1-416322-17,svl_label,1,"Turdidae_Catharus_guttatus,9",,
jeantet-dufourq-2023,annomate,zenodo.7828148-v1-416322-18,svl_label,1,"Turdidae_Catharus_guttatus,9",,
jeantet-dufourq-2023,annomate,zenodo.7828148-v1-416330-1,svl_label,1,"Turdidae_Catharus_minimus,9",,
jeantet-dufourq-2023,annomate,zenodo.7828148-v1-416330-2,svl_label,1,"Turdidae_Catharus_minimus,9",,
jeantet-dufourq-2023,annomate,zenodo.7828148-v1-416330-3,svl_label,1,"Turdidae_Catharus_minimus,9",,
jeantet-dufourq-2023,annomate,zenodo.7828148-v1-416330-4,svl_label,1,"Turdidae_Catharus_minimus,9",,
jeantet-dufourq-2023,annomate,zenodo.7828148-v1-416330-5,svl_label,1,"Turdidae_Catharus_minimus,9",,
jeantet-dufourq-2023,annomate,zenodo.7828148-v1-416330-6,svl_label,1,"Turdidae_Catharus_minimus,9",,
jeantet-dufourq-2023,annomate,zenodo.7828148-v1-416643-1,svl_label,1,"Fringillidae_Serinus_serinus,9",,
jeantet-dufourq-2023,annomate,zenodo.7828148-v1-416643-2,svl_label,1,"Fringillidae_Serinus_serinus,9",,
jeantet-dufourq-2023,annomate,zenodo.7828148-v1-416643-3,svl_label,1,"Fringillidae_Serinus_serinus,9",,
jeantet-dufourq-2023,annomate,zenodo.7828148-v1-416643-4,svl_label,1,"Fringillidae_Serinus_serinus,9",,
jeantet-dufourq-2023,annomate,zenodo.7828148-v1-416643-5,svl_label,1,"Fringillidae_Serinus_serinus,9",,
jeantet-dufourq-2023,annomate,zenodo.7828148-v1-416643-6,svl_label,1,"Fringillidae_Serinus_serinus,9",,
jeantet-dufourq-2023,annomate,zenodo.7828148-v1-416643-7,svl_label,1,"Fringillidae_Serinus_serinus,9",,
jeantet-dufourq-2023,annomate,zenodo.7828148-v1-416643-8,svl_label,1,"Fringillidae_Serinus_serinus,9",,
jeantet-dufourq-2023,annomate,zenodo.7828148-v1-416643-9,svl_label,1,"Fringillidae_Serinus_serinus,9",,
jeantet-dufourq-2023,annomate,zenodo.7828148-v1-416643-10,svl_label,1,"Fringillidae_Serinus_serinus,9",,
jeantet-dufourq-2023,annomate,zenodo.7828148-v1-416648-1,svl_label,1,"Fringillidae_Serinus_serinus,9",,
jeantet-dufourq-2023,annomate,zenodo.7828148-v1-416648-2,svl_label,1,"Fringillidae_Serinus_serinus,9",,
jeantet-dufourq-2023,annomate,zenodo.7828148-v1-416648-3,svl_label,1,"Fringillidae_Serinus_serinus,9",,
jeantet-dufourq-2023,annomate,zenodo.7828148-v1-416648-4,svl_label,1,"Fringillidae_Serinus_serinus,9",,
jeantet-dufourq-2023,annomate,zenodo.7828148-v1-416648-5,svl_label,1,"Fringillidae_Serinus_serinus,9",,
jeantet-dufourq-2023,annomate,zenodo.7828148-v1-416648-6,svl_label,1,"Fringillidae_Serinus_serinus,9",,
jeantet-dufourq-2023,annomate,zenodo.7828148-v1-416648-7,svl_label,1,"Fringillidae_Serinus_serinus,9",,
jeantet-dufourq-2023,annomate,zenodo.7828148-v1-416648-8,svl_label,1,"Fringillidae_Serinus_serinus,9",,
jeantet-dufourq-2023,annomate,zenodo.7828148-v1-416648-9,svl_label,1,"Fringillidae_Serinus_serinus,9",,
jeantet-dufourq-2023,annomate,zenodo.7828148-v1-417026-1,svl_label,1,"Paridae_Saxicola_rubicola,9",,
jeantet-dufourq-2023,annomate,zenodo.7828148-v1-417026-2,svl_label,1,"Paridae_Saxicola_rubicola,9",,
jeantet-dufourq-2023,annomate,zenodo.7828148-v1-417026-3,svl_label,1,"Paridae_Saxicola_rubicola,9",,
jeantet-dufourq-2023,annomate,zenodo.7828148-v1-417026-4,svl_label,1,"Paridae_Saxicola_rubicola,9",,
jeantet-dufourq-2023,annomate,zenodo.7828148-v1-417026-5,svl_label,1,"Paridae_Saxicola_rubicola,9",,
jeantet-dufourq-2023,annomate,zenodo.7828148-v1-417026-6,svl_label,1,"Paridae_Saxicola_rubicola,9",,
jeantet-dufourq-2023,annomate,zenodo.7828148-v1-417026-7,svl_label,1,"Paridae_Saxicola_rubicola,9",,
jeantet-dufourq-2023,annomate,zenodo.7828148-v1-417026-8,svl_label,1,"Paridae_Saxicola_rubicola,9",,
jeantet-dufourq-2023,annomate,zenodo.7828148-v1-417026-9,svl_label,1,"Paridae_Saxicola_rubicola,9",,
jeantet-dufourq-2023,annomate,zenodo.7828148-v1-417026-10,svl_label,1,"Paridae_Saxicola_rubicola,9",,
jeantet-dufourq-2023,annomate,zenodo.7828148-v1-417026-11,svl_label,1,"Paridae_Saxicola_rubicola,9",,
jeantet-dufourq-2023,annomate,zenodo.7828148-v1-417784-1,svl_label,1,"Paridae_Hypocnemis_cantator,8",,
jeantet-dufourq-2023,annomate,zenodo.7828148-v1-417784-2,svl_label,1,"Paridae_Hypocnemis_cantator,8",,
jeantet-dufourq-2023,annomate,zenodo.7828148-v1-417784-3,svl_label,1,"Paridae_Hypocnemis_cantator,8",,
jeantet-dufourq-2023,annomate,zenodo.7828148-v1-417784-4,svl_label,1,"Paridae_Hypocnemis_cantator,8",,
jeantet-dufourq-2023,annomate,zenodo.7828148-v1-418826-1,svl_label,1,"Paridae_Saxicola_rubetra,9",,
jeantet-dufourq-2023,annomate,zenodo.7828148-v1-418826-2,svl_label,1,"Paridae_Saxicola_rubetra,9",,
jeantet-dufourq-2023,annomate,zenodo.7828148-v1-418826-3,svl_label,1,"Paridae_Saxicola_rubetra,9",,
jeantet-dufourq-2023,annomate,zenodo.7828148-v1-418826-4,svl_label,1,"Paridae_Saxicola_rubetra,9",,
jeantet-dufourq-2023,annomate,zenodo.7828148-v1-418826-5,svl_label,1,"Paridae_Saxicola_rubetra,9",,
jeantet-dufourq-2023,annomate,zenodo.7828148-v1-418826-6,svl_label,1,"Paridae_Saxicola_rubetra,9",,
jeantet-dufourq-2023,annomate,zenodo.7828148-v1-418826-7,svl_label,1,"Paridae_Saxicola_rubetra,9",,
jeantet-dufourq-2023,annomate,zenodo.7828148-v1-418826-8,svl_label,1,"Paridae_Saxicola_rubetra,9",,
jeantet-dufourq-2023,annomate,zenodo.7828148-v1-418826-9,svl_label,1,"Paridae_Saxicola_rubetra,9",,
jeantet-dufourq-2023,annomate,zenodo.7828148-v1-418826-10,svl_label,1,"Paridae_Saxicola_rubetra,9",,
jeantet-dufourq-2023,annomate,zenodo.7828148-v1-418826-11,svl_label,1,"Paridae_Saxicola_rubetra,9",,
jeantet-dufourq-2023,annomate,zenodo.7828148-v1-418826-12,svl_label,1,"Paridae_Saxicola_rubetra,9",,
jeantet-dufourq-2023,annomate,zenodo.7828148-v1-418826-13,svl_label,1,"Paridae_Saxicola_rubetra,9",,
jeantet-dufourq-2023,annomate,zenodo.7828148-v1-418826-14,svl_label,1,"Paridae_Saxicola_rubetra,9",,
jeantet-dufourq-2023,annomate,zenodo.7828148-v1-418826-15,svl_label,1,"Paridae_Saxicola_rubetra,9",,
jeantet-dufourq-2023,annomate,zenodo.7828148-v1-418826-16,svl_label,1,"Paridae_Saxicola_rubetra,9",,
jeantet-dufourq-2023,annomate,zenodo.7828148-v1-418826-17,svl_label,1,"Paridae_Saxicola_rubetra,9",,
jeantet-dufourq-2023,annomate,zenodo.7828148-v1-418826-18,svl_label,1,"Paridae_Saxicola_rubetra,9",,
jeantet-dufourq-2023,annomate,zenodo.7828148-v1-418826-19,svl_label,1,"Paridae_Saxicola_rubetra,9",,
jeantet-dufourq-2023,annomate,zenodo.7828148-v1-418826-20,svl_label,1,"Paridae_Saxicola_rubetra,9",,
jeantet-dufourq-2023,annomate,zenodo.7828148-v1-418826-21,svl_label,1,"Paridae_Saxicola_rubetra,9",,
jeantet-dufourq-2023,annomate,zenodo.7828148-v1-418826-22,svl_label,1,"Paridae_Saxicola_rubetra,9",,
jeantet-dufourq-2023,annomate,zenodo.7828148-v1-418826-23,svl_label,1,"Paridae_Saxicola_rubetra,9",,
jeantet-dufourq-2023,annomate,zenodo.7828148-v1-418826-24,svl_label,1,"Paridae_Saxicola_rubetra,9",,
jeantet-dufourq-2023,annomate,zenodo.7828148-v1-418826-25,svl_label,1,"Paridae_Saxicola_rubetra,9",,
jeantet-dufourq-2023,annomate,zenodo.7828148-v1-418826-26,svl_label,1,"Paridae_Saxicola_rubetra,9",,
jeantet-dufourq-2023,annomate,zenodo.7828148-v1-418826-27,svl_label,1,"Paridae_Saxicola_rubetra,9",,
jeantet-dufourq-2023,annomate,zenodo.7828148-v1-418826-28,svl_label,1,"Paridae_Saxicola_rubetra,9",,
jeantet-dufourq-2023,annomate,zenodo.7828148-v1-418826-29,svl_label,1,"Paridae_Saxicola_rubetra,9",,
jeantet-dufourq-2023,annomate,zenodo.7828148-v1-418826-30,svl_label,1,"Paridae_Saxicola_rubetra,9",,
jeantet-dufourq-2023,annomate,zenodo.7828148-v1-418826-31,svl_label,1,"Paridae_Saxicola_rubetra,9",,
jeantet-dufourq-2023,annomate,zenodo.7828148-v1-418826-32,svl_label,1,"Paridae_Saxicola_rubetra,9",,
jeantet-dufourq-2023,annomate,zenodo.7828148-v1-418826-33,svl_label,1,"Paridae_Saxicola_rubetra,9",,
jeantet-dufourq-2023,annomate,zenodo.7828148-v1-418826-34,svl_label,1,"Paridae_Saxicola_rubetra,9",,
jeantet-dufourq-2023,annomate,zenodo.7828148-v1-418826-35,svl_label,1,"Paridae_Saxicola_rubetra,9",,
jeantet-dufourq-2023,annomate,zenodo.7828148-v1-418826-36,svl_label,1,"Paridae_Saxicola_rubetra,9",,
jeantet-dufourq-2023,annomate,zenodo.7828148-v1-418826-37,svl_label,1,"Paridae_Saxicola_rubetra,9",,
jeantet-dufourq-2023,annomate,zenodo.7828148-v1-418826-38,svl_label,1,"Paridae_Saxicola_rubetra,9",,
jeantet-dufourq-2023,annomate,zenodo.7828148-v1-418826-39,svl_label,1,"Paridae_Saxicola_rubetra,9",,
jeantet-dufourq-2023,annomate,zenodo.7828148-v1-418826-40,svl_label,1,"Paridae_Saxicola_rubetra,9",,
jeantet-dufourq-2023,annomate,zenodo.7828148-v1-418826-41,svl_label,1,"Paridae_Saxicola_rubetra,9",,
jeantet-dufourq-2023,annomate,zenodo.7828148-v1-418826-42,svl_label,1,"Paridae_Saxicola_rubetra,9",,
jeantet-dufourq-2023,annomate,zenodo.7828148-v1-418826-43,svl_label,1,"Paridae_Saxicola_rubetra,9",,
jeantet-dufourq-2023,annomate,zenodo.7828148-v1-418826-44,svl_label,1,"Paridae_Saxicola_rubetra,9",,
jeantet-dufourq-2023,annomate,zenodo.7828148-v1-418826-45,svl_label,1,"Paridae_Saxicola_rubetra,9",,
jeantet-dufourq-2023,annomate,zenodo.7828148-v1-418826-46,svl_label,1,"Paridae_Saxicola_rubetra,9",,
jeantet-dufourq-2023,annomate,zenodo.7828148-v1-418826-47,svl_label,1,"Paridae_Saxicola_rubetra,9",,
jeantet-dufourq-2023,annomate,zenodo.7828148-v1-418826-48,svl_label,1,"Paridae_Saxicola_rubetra,9",,
jeantet-dufourq-2023,annomate,zenodo.7828148-v1-418826-49,svl_label,1,"Paridae_Saxicola_rubetra,9",,
jeantet-dufourq-2023,annomate,zenodo.7828148-v1-418826-50,svl_label,1,"Paridae_Saxicola_rubetra,9",,
jeantet-dufourq-2023,annomate,zenodo.7828148-v1-418826-51,svl_label,1,"Paridae_Saxicola_rubetra,9",,
jeantet-dufourq-2023,annomate,zenodo.7828148-v1-418826-52,svl_label,1,"Paridae_Saxicola_rubetra,9",,
jeantet-dufourq-2023,annomate,zenodo.7828148-v1-418826-53,svl_label,1,"Paridae_Saxicola_rubetra,9",,
jeantet-dufourq-2023,annomate,zenodo.7828148-v1-418826-54,svl_label,1,"Paridae_Saxicola_rubetra,9",,
jeantet-dufourq-2023,annomate,zenodo.7828148-v1-418826-55,svl_label,1,"Paridae_Saxicola_rubetra,9",,
jeantet-dufourq-2023,annomate,zenodo.7828148-v1-418826-56,svl_label,1,"Paridae_Saxicola_rubetra,9",,
jeantet-dufourq-2023,annomate,zenodo.7828148-v1-418826-57,svl_label,1,"Paridae_Saxicola_rubetra,9",,
jeantet-dufourq-2023,annomate,zenodo.7828148-v1-418826-58,svl_label,1,"Paridae_Saxicola_rubetra,9",,
jeantet-dufourq-2023,annomate,zenodo.7828148-v1-418826-59,svl_label,1,"Paridae_Saxicola_rubetra,9",,
jeantet-dufourq-2023,annomate,zenodo.7828148-v1-418826-60,svl_label,1,"Paridae_Saxicola_rubetra,9",,
jeantet-dufourq-2023,annomate,zenodo.7828148-v1-418826-61,svl_label,1,"Paridae_Saxicola_rubetra,9",,
jeantet-dufourq-2023,annomate,zenodo.7828148-v1-418826-62,svl_label,1,"Paridae_Saxicola_rubetra,9",,
jeantet-dufourq-2023,annomate,zenodo.7828148-v1-418826-63,svl_label,1,"Paridae_Saxicola_rubetra,9",,
jeantet-dufourq-2023,annomate,zenodo.7828148-v1-418826-64,svl_label,1,"Paridae_Saxicola_rubetra,9",,
jeantet-dufourq-2023,annomate,zenodo.7828148-v1-418826-65,svl_label,1,"Paridae_Saxicola_rubetra,9",,
jeantet-dufourq-2023,annomate,zenodo.7828148-v1-418826-66,svl_label,1,"Paridae_Saxicola_rubetra,9",,
jeantet-dufourq-2023,annomate,zenodo.7828148-v1-418826-67,svl_label,1,"Paridae_Saxicola_rubetra,9",,
jeantet-dufourq-2023,annomate,zenodo.7828148-v1-418826-68,svl_label,1,"Paridae_Saxicola_rubetra,9",,
jeantet-dufourq-2023,annomate,zenodo.7828148-v1-418826-69,svl_label,1,"Paridae_Saxicola_rubetra,9",,
jeantet-dufourq-2023,annomate,zenodo.7828148-v1-418826-70,svl_label,1,"Paridae_Saxicola_rubetra,9",,
jeantet-dufourq-2023,annomate,zenodo.7828148-v1-418826-71,svl_label,1,"Paridae_Saxicola_rubetra,9",,
jeantet-dufourq-2023,annomate,zenodo.7828148-v1-418826-72,svl_label,1,"Paridae_Saxicola_rubetra,9",,
jeantet-dufourq-2023,annomate,zenodo.7828148-v1-418826-73,svl_label,1,"Paridae_Saxicola_rubetra,9",,
jeantet-dufourq-2023,annomate,zenodo.7828148-v1-418826-74,svl_label,1,"Paridae_Saxicola_rubetra,9",,
jeantet-dufourq-2023,annomate,zenodo.7828148-v1-418826-75,svl_label,1,"Paridae_Saxicola_rubetra,9",,
jeantet-dufourq-2023,annomate,zenodo.7828148-v1-418826-76,svl_label,1,"Paridae_Saxicola_rubetra,9",,
jeantet-dufourq-2023,annomate,zenodo.7828148-v1-418826-77,svl_label,1,"Paridae_Saxicola_rubetra,9",,
jeantet-dufourq-2023,annomate,zenodo.7828148-v1-418826-78,svl_label,1,"Paridae_Saxicola_rubetra,9",,
jeantet-dufourq-2023,annomate,zenodo.7828148-v1-418826-79,svl_label,1,"Paridae_Saxicola_rubetra,9",,
jeantet-dufourq-2023,annomate,zenodo.7828148-v1-418826-80,svl_label,1,"Paridae_Saxicola_rubetra,9",,
jeantet-dufourq-2023,annomate,zenodo.7828148-v1-418826-81,svl_label,1,"Paridae_Saxicola_rubetra,9",,
jeantet-dufourq-2023,annomate,zenodo.7828148-v1-418826-82,svl_label,1,"Paridae_Saxicola_rubetra,9",,
jeantet-dufourq-2023,annomate,zenodo.7828148-v1-418826-83,svl_label,1,"Paridae_Saxicola_rubetra,9",,
jeantet-dufourq-2023,annomate,zenodo.7828148-v1-418826-84,svl_label,1,"Paridae_Saxicola_rubetra,9",,
jeantet-dufourq-2023,annomate,zenodo.7828148-v1-418826-85,svl_label,1,"Paridae_Saxicola_rubetra,9",,
jeantet-dufourq-2023,annomate,zenodo.7828148-v1-418826-86,svl_label,1,"Paridae_Saxicola_rubetra,9",,
jeantet-dufourq-2023,annomate,zenodo.7828148-v1-418826-87,svl_label,1,"Paridae_Saxicola_rubetra,9",,
jeantet-dufourq-2023,annomate,zenodo.7828148-v1-418826-88,svl_label,1,"Paridae_Saxicola_rubetra,9",,
jeantet-dufourq-2023,annomate,zenodo.7828148-v1-418826-89,svl_label,1,"Paridae_Saxicola_rubetra,9",,
jeantet-dufourq-2023,annomate,zenodo.7828148-v1-418826-90,svl_label,1,"Paridae_Saxicola_rubetra,9",,
jeantet-dufourq-2023,annomate,zenodo.7828148-v1-418826-91,svl_label,1,"Paridae_Saxicola_rubetra,9",,
jeantet-dufourq-2023,annomate,zenodo.7828148-v1-418826-92,svl_label,1,"Paridae_Saxicola_rubetra,9",,
jeantet-dufourq-2023,annomate,zenodo.7828148-v1-418826-93,svl_label,1,"Paridae_Saxicola_rubetra,9",,
jeantet-dufourq-2023,annomate,zenodo.7828148-v1-418826-94,svl_label,1,"Paridae_Saxicola_rubetra,9",,
jeantet-dufourq-2023,annomate,zenodo.7828148-v1-418826-95,svl_label,1,"Paridae_Saxicola_rubetra,9",,
jeantet-dufourq-2023,annomate,zenodo.7828148-v1-418826-96,svl_label,1,"Paridae_Saxicola_rubetra,9",,
jeantet-dufourq-2023,annomate,zenodo.7828148-v1-418826-97,svl_label,1,"Paridae_Saxicola_rubetra,9",,
jeantet-dufourq-2023,annomate,zenodo.7828148-v1-418826-98,svl_label,1,"Paridae_Saxicola_rubetra,9",,
jeantet-dufourq-2023,annomate,zenodo.7828148-v1-418826-99,svl_label,1,"Paridae_Saxicola_rubetra,9",,
jeantet-dufourq-2023,annomate,zenodo.7828148-v1-418826-100,svl_label,1,"Paridae_Saxicola_rubetra,9",,
jeantet-dufourq-2023,annomate,zenodo.7828148-v1-418826-101,svl_label,1,"Paridae_Saxicola_rubetra,9",,
jeantet-dufourq-2023,annomate,zenodo.7828148-v1-418826-102,svl_label,1,"Paridae_Saxicola_rubetra,9",,
jeantet-dufourq-2023,annomate,zenodo.7828148-v1-418826-103,svl_label,1,"Paridae_Saxicola_rubetra,9",,
jeantet-dufourq-2023,annomate,zenodo.7828148-v1-418826-104,svl_label,1,"Paridae_Saxicola_rubetra,9",,
jeantet-dufourq-2023,annomate,zenodo.7828148-v1-418826-105,svl_label,1,"Paridae_Saxicola_rubetra,9",,
jeantet-dufourq-2023,annomate,zenodo.7828148-v1-418826-106,svl_label,1,"Paridae_Saxicola_rubetra,9",,
jeantet-dufourq-2023,annomate,zenodo.7828148-v1-418826-107,svl_label,1,"Paridae_Saxicola_rubetra,9",,
jeantet-dufourq-2023,annomate,zenodo.7828148-v1-418826-108,svl_label,1,"Paridae_Saxicola_rubetra,9",,
jeantet-dufourq-2023,annomate,zenodo.7828148-v1-418826-109,svl_label,1,"Paridae_Saxicola_rubetra,9",,
jeantet-dufourq-2023,annomate,zenodo.7828148-v1-418826-110,svl_label,1,"Paridae_Saxicola_rubetra,9",,
jeantet-dufourq-2023,annomate,zenodo.7828148-v1-418826-111,svl_label,1,"Paridae_Saxicola_rubetra,9",,
jeantet-dufourq-2023,annomate,zenodo.7828148-v1-418826-112,svl_label,1,"Paridae_Saxicola_rubetra,9",,
jeantet-dufourq-2023,annomate,zenodo.7828148-v1-418826-113,svl_label,1,"Paridae_Saxicola_rubetra,9",,
jeantet-dufourq-2023,annomate,zenodo.7828148-v1-418826-114,svl_label,1,"Paridae_Saxicola_rubetra,9",,
jeantet-dufourq-2023,annomate,zenodo.7828148-v1-419703-1,svl_label,1,"Troglodytidae_Troglodytes_pacificus,9",,
jeantet-dufourq-2023,annomate,zenodo.7828148-v1-419703-2,svl_label,1,"Troglodytidae_Troglodytes_pacificus,9",,
jeantet-dufourq-2023,annomate,zenodo.7828148-v1-419703-3,svl_label,1,"Troglodytidae_Troglodytes_pacificus,9",,
jeantet-dufourq-2023,annomate,zenodo.7828148-v1-419703-4,svl_label,1,"Troglodytidae_Troglodytes_pacificus,9",,
jeantet-dufourq-2023,annomate,zenodo.7828148-v1-419703-5,svl_label,1,"Troglodytidae_Troglodytes_pacificus,9",,
jeantet-dufourq-2023,annomate,zenodo.7828148-v1-420010-1,svl_label,1,"Troglodytidae_Troglodytes_aedon,9",,
jeantet-dufourq-2023,annomate,zenodo.7828148-v1-420010-2,svl_label,1,"Troglodytidae_Troglodytes_aedon,9",,
jeantet-dufourq-2023,annomate,zenodo.7828148-v1-420010-3,svl_label,1,"Troglodytidae_Troglodytes_aedon,9",,
jeantet-dufourq-2023,annomate,zenodo.7828148-v1-420215-1,svl_label,1,"Turdidae_Catharus_minimus,9",,
jeantet-dufourq-2023,annomate,zenodo.7828148-v1-420215-2,svl_label,1,"Turdidae_Catharus_minimus,9",,
jeantet-dufourq-2023,annomate,zenodo.7828148-v1-420215-3,svl_label,1,"Turdidae_Catharus_minimus,9",,
jeantet-dufourq-2023,annomate,zenodo.7828148-v1-420215-4,svl_label,1,"Turdidae_Catharus_minimus,9",,
jeantet-dufourq-2023,annomate,zenodo.7828148-v1-421272-1,svl_label,1,"Turdidae_Catharus_fuscescens,9",,
jeantet-dufourq-2023,annomate,zenodo.7828148-v1-421272-2,svl_label,1,"Turdidae_Catharus_fuscescens,9",,
jeantet-dufourq-2023,annomate,zenodo.7828148-v1-421272-3,svl_label,1,"Turdidae_Catharus_fuscescens,9",,
jeantet-dufourq-2023,annomate,zenodo.7828148-v1-421272-4,svl_label,1,"Turdidae_Catharus_fuscescens,9",,
jeantet-dufourq-2023,annomate,zenodo.7828148-v1-421272-5,svl_label,1,"Turdidae_Catharus_fuscescens,9",,
jeantet-dufourq-2023,annomate,zenodo.7828148-v1-421272-6,svl_label,1,"Turdidae_Catharus_fuscescens,9",,
jeantet-dufourq-2023,annomate,zenodo.7828148-v1-423475-1,svl_label,1,"Fringillidae_Serinus_serinus,8",,
jeantet-dufourq-2023,annomate,zenodo.7828148-v1-423475-2,svl_label,1,"Fringillidae_Serinus_serinus,9",,
jeantet-dufourq-2023,annomate,zenodo.7828148-v1-423475-3,svl_label,1,"Fringillidae_Serinus_serinus,9",,
jeantet-dufourq-2023,annomate,zenodo.7828148-v1-423475-4,svl_label,1,"Fringillidae_Serinus_serinus,8",,
jeantet-dufourq-2023,annomate,zenodo.7828148-v1-423475-5,svl_label,1,"Fringillidae_Serinus_serinus,8",,
jeantet-dufourq-2023,annomate,zenodo.7828148-v1-423475-6,svl_label,1,"Fringillidae_Serinus_serinus,8",,
jeantet-dufourq-2023,annomate,zenodo.7828148-v1-423584-1,svl_label,1,"Paridae_Hypocnemis_peruviana,8",,
jeantet-dufourq-2023,annomate,zenodo.7828148-v1-423584-2,svl_label,1,"Paridae_Hypocnemis_peruviana,8",,
jeantet-dufourq-2023,annomate,zenodo.7828148-v1-423584-3,svl_label,1,"Paridae_Hypocnemis_peruviana,8",,
jeantet-dufourq-2023,annomate,zenodo.7828148-v1-423584-4,svl_label,1,"Paridae_Hypocnemis_peruviana,8",,
jeantet-dufourq-2023,annomate,zenodo.7828148-v1-423584-5,svl_label,1,"Paridae_Hypocnemis_peruviana,8",,
jeantet-dufourq-2023,annomate,zenodo.7828148-v1-423584-6,svl_label,1,"Paridae_Hypocnemis_peruviana,8",,
jeantet-dufourq-2023,annomate,zenodo.7828148-v1-424026-1,svl_label,1,"Troglodytidae_Troglodytes_aedon,9",,
jeantet-dufourq-2023,annomate,zenodo.7828148-v1-424026-2,svl_label,1,"Troglodytidae_Troglodytes_aedon,9",,
jeantet-dufourq-2023,annomate,zenodo.7828148-v1-424026-3,svl_label,1,"Troglodytidae_Troglodytes_aedon,9",,
jeantet-dufourq-2023,annomate,zenodo.7828148-v1-424026-4,svl_label,1,"Troglodytidae_Troglodytes_aedon,9",,
jeantet-dufourq-2023,annomate,zenodo.7828148-v1-424026-5,svl_label,1,"Troglodytidae_Troglodytes_aedon,9",,
jeantet-dufourq-2023,annomate,zenodo.7828148-v1-424026-6,svl_label,1,"Troglodytidae_Troglodytes_aedon,9",,
jeantet-dufourq-2023,annomate,zenodo.7828148-v1-424381-1,svl_label,1,"Troglodytidae_Troglodytes_hiemalis,9",,
jeantet-dufourq-2023,annomate,zenodo.7828148-v1-424381-2,svl_label,1,"Troglodytidae_Troglodytes_hiemalis,9",,
jeantet-dufourq-2023,annomate,zenodo.7828148-v1-424381-3,svl_label,1,"Troglodytidae_Troglodytes_hiemalis,9",,
jeantet-dufourq-2023,annomate,zenodo.7828148-v1-424381-4,svl_label,1,"Troglodytidae_Troglodytes_hiemalis,9",,
jeantet-dufourq-2023,annomate,zenodo.7828148-v1-424381-5,svl_label,1,"Troglodytidae_Troglodytes_hiemalis,9",,
jeantet-dufourq-2023,annomate,zenodo.7828148-v1-424381-6,svl_label,1,"Troglodytidae_Troglodytes_hiemalis,9",,
jeantet-dufourq-2023,annomate,zenodo.7828148-v1-424381-7,svl_label,1,"Troglodytidae_Troglodytes_hiemalis,9",,
jeantet-dufourq-2023,annomate,zenodo.7828148-v1-424381-8,svl_label,1,"Troglodytidae_Troglodytes_hiemalis,9",,
jeantet-dufourq-2023,annomate,zenodo.7828148-v1-424381-9,svl_label,1,"Troglodytidae_Troglodytes_hiemalis,9",,
jeantet-dufourq-2023,annomate,zenodo.7828148-v1-424381-10,svl_label,1,"Troglodytidae_Troglodytes_hiemalis,9",,
jeantet-dufourq-2023,annomate,zenodo.7828148-v1-424381-11,svl_label,1,"Troglodytidae_Troglodytes_hiemalis,9",,
jeantet-dufourq-2023,annomate,zenodo.7828148-v1-424381-12,svl_label,1,"Troglodytidae_Troglodytes_hiemalis,9",,
jeantet-dufourq-2023,annomate,zenodo.7828148-v1-424381-13,svl_label,1,"Troglodytidae_Troglodytes_hiemalis,9",,
jeantet-dufourq-2023,annomate,zenodo.7828148-v1-424381-14,svl_label,1,"Troglodytidae_Troglodytes_hiemalis,9",,
jeantet-dufourq-2023,annomate,zenodo.7828148-v1-424381-15,svl_label,1,"Troglodytidae_Troglodytes_hiemalis,9",,
jeantet-dufourq-2023,annomate,zenodo.7828148-v1-424381-16,svl_label,1,"Troglodytidae_Troglodytes_hiemalis,9",,
jeantet-dufourq-2023,annomate,zenodo.7828148-v1-424381-17,svl_label,1,"Troglodytidae_Troglodytes_hiemalis,9",,
jeantet-dufourq-2023,annomate,zenodo.7828148-v1-424381-18,svl_label,1,"Troglodytidae_Troglodytes_hiemalis,9",,
jeantet-dufourq-2023,annomate,zenodo.7828148-v1-424381-19,svl_label,1,"Troglodytidae_Troglodytes_hiemalis,9",,
jeantet-dufourq-2023,annomate,zenodo.7828148-v1-424381-20,svl_label,1,"Troglodytidae_Troglodytes_hiemalis,9",,
jeantet-dufourq-2023,annomate,zenodo.7828148-v1-424381-21,svl_label,1,"Troglodytidae_Troglodytes_hiemalis,9",,
jeantet-dufourq-2023,annomate,zenodo.7828148-v1-424381-22,svl_label,1,"Troglodytidae_Troglodytes_hiemalis,9",,
jeantet-dufourq-2023,annomate,zenodo.7828148-v1-424381-23,svl_label,1,"Troglodytidae_Troglodytes_hiemalis,9",,
jeantet-dufourq-2023,annomate,zenodo.7828148-v1-424381-24,svl_label,1,"Troglodytidae_Troglodytes_hiemalis,9",,
jeantet-dufourq-2023,annomate,zenodo.7828148-v1-424381-25,svl_label,1,"Troglodytidae_Troglodytes_hiemalis,9",,
jeantet-dufourq-2023,annomate,zenodo.7828148-v1-424381-26,svl_label,1,"Troglodytidae_Troglodytes_hiemalis,9",,
jeantet-dufourq-2023,annomate,zenodo.7828148-v1-424381-27,svl_label,1,"Troglodytidae_Troglodytes_hiemalis,9",,
jeantet-dufourq-2023,annomate,zenodo.7828148-v1-427502-1,svl_label,1,"Paridae_Hypocnemis_peruviana,8",,
jeantet-dufourq-2023,annomate,zenodo.7828148-v1-427502-2,svl_label,1,"Paridae_Hypocnemis_peruviana,8",,
jeantet-dufourq-2023,annomate,zenodo.7828148-v1-427502-3,svl_label,1,"Paridae_Hypocnemis_peruviana,8",,
jeantet-dufourq-2023,annomate,zenodo.7828148-v1-427502-4,svl_label,1,"Paridae_Hypocnemis_peruviana,8",,
jeantet-dufourq-2023,annomate,zenodo.7828148-v1-427502-5,svl_label,1,"Paridae_Hypocnemis_peruviana,8",,
jeantet-dufourq-2023,annomate,zenodo.7828148-v1-427502-6,svl_label,1,"Paridae_Hypocnemis_peruviana,8",,
jeantet-dufourq-2023,annomate,zenodo.7828148-v1-427502-7,svl_label,1,"Paridae_Hypocnemis_peruviana,8",,
jeantet-dufourq-2023,annomate,zenodo.7828148-v1-428664-1,svl_label,1,"Troglodytidae_Troglodytes_aedon,9",,
jeantet-dufourq-2023,annomate,zenodo.7828148-v1-428664-2,svl_label,1,"Troglodytidae_Troglodytes_aedon,9",,
jeantet-dufourq-2023,annomate,zenodo.7828148-v1-428664-3,svl_label,1,"Troglodytidae_Troglodytes_aedon,9",,
jeantet-dufourq-2023,annomate,zenodo.7828148-v1-429027-1,svl_label,1,"Paridae_Saxicola_torquatus,9",,
jeantet-dufourq-2023,annomate,zenodo.7828148-v1-429027-2,svl_label,1,"Paridae_Saxicola_torquatus,9",,
jeantet-dufourq-2023,annomate,zenodo.7828148-v1-429027-3,svl_label,1,"Paridae_Saxicola_torquatus,9",,
jeantet-dufourq-2023,annomate,zenodo.7828148-v1-430246-1,svl_label,1,"Fringillidae_Serinus_serinus,9",,
jeantet-dufourq-2023,annomate,zenodo.7828148-v1-430246-2,svl_label,1,"Fringillidae_Serinus_serinus,9",,
jeantet-dufourq-2023,annomate,zenodo.7828148-v1-430246-3,svl_label,1,"Fringillidae_Serinus_serinus,9",,
jeantet-dufourq-2023,annomate,zenodo.7828148-v1-430566-1,svl_label,1,"Paridae_Hypocnemis_peruviana,9",,
jeantet-dufourq-2023,annomate,zenodo.7828148-v1-430566-2,svl_label,1,"Paridae_Hypocnemis_peruviana,9",,
jeantet-dufourq-2023,annomate,zenodo.7828148-v1-430566-3,svl_label,1,"Paridae_Hypocnemis_peruviana,9",,
jeantet-dufourq-2023,annomate,zenodo.7828148-v1-430566-4,svl_label,1,"Paridae_Hypocnemis_peruviana,9",,
jeantet-dufourq-2023,annomate,zenodo.7828148-v1-430566-5,svl_label,1,"Paridae_Hypocnemis_peruviana,9",,
jeantet-dufourq-2023,annomate,zenodo.7828148-v1-430566-6,svl_label,1,"Paridae_Hypocnemis_peruviana,9",,
jeantet-dufourq-2023,annomate,zenodo.7828148-v1-430566-7,svl_label,1,"Paridae_Hypocnemis_peruviana,9",,
jeantet-dufourq-2023,annomate,zenodo.7828148-v1-430566-8,svl_label,1,"Paridae_Hypocnemis_peruviana,9",,
jeantet-dufourq-2023,annomate,zenodo.7828148-v1-430566-9,svl_label,1,"Paridae_Hypocnemis_peruviana,9",,
jeantet-dufourq-2023,annomate,zenodo.7828148-v1-430566-10,svl_label,1,"Paridae_Hypocnemis_peruviana,9",,
jeantet-dufourq-2023,annomate,zenodo.7828148-v1-432498-1,svl_label,1,"Paridae_Saxicola_torquatus,9",,
jeantet-dufourq-2023,annomate,zenodo.7828148-v1-432498-2,svl_label,1,"Paridae_Saxicola_torquatus,9",,
jeantet-dufourq-2023,annomate,zenodo.7828148-v1-432498-3,svl_label,1,"Paridae_Saxicola_torquatus,9",,
jeantet-dufourq-2023,annomate,zenodo.7828148-v1-433588-1,svl_label,1,"Turdidae_Catharus_fuscescens,9",,
jeantet-dufourq-2023,annomate,zenodo.7828148-v1-433588-2,svl_label,1,"Turdidae_Catharus_fuscescens,9",,
jeantet-dufourq-2023,annomate,zenodo.7828148-v1-433588-3,svl_label,1,"Turdidae_Catharus_fuscescens,9",,
jeantet-dufourq-2023,annomate,zenodo.7828148-v1-433588-4,svl_label,1,"Turdidae_Catharus_fuscescens,9",,
jeantet-dufourq-2023,annomate,zenodo.7828148-v1-433588-5,svl_label,1,"Turdidae_Catharus_fuscescens,9",,
jeantet-dufourq-2023,annomate,zenodo.7828148-v1-433589-1,svl_label,1,"Turdidae_Catharus_fuscescens,9",,
jeantet-dufourq-2023,annomate,zenodo.7828148-v1-433589-2,svl_label,1,"Turdidae_Catharus_fuscescens,9",,
jeantet-dufourq-2023,annomate,zenodo.7828148-v1-435440-1,svl_label,1,"Paridae_Hypocnemis_peruviana,8",,
jeantet-dufourq-2023,annomate,zenodo.7828148-v1-435440-2,svl_label,1,"Paridae_Hypocnemis_peruviana,8",,
jeantet-dufourq-2023,annomate,zenodo.7828148-v1-435440-3,svl_label,1,"Paridae_Hypocnemis_peruviana,8",,
jeantet-dufourq-2023,annomate,zenodo.7828148-v1-435440-4,svl_label,1,"Paridae_Hypocnemis_peruviana,8",,
jeantet-dufourq-2023,annomate,zenodo.7828148-v1-435440-5,svl_label,1,"Paridae_Hypocnemis_peruviana,8",,
jeantet-dufourq-2023,annomate,zenodo.7828148-v1-435440-6,svl_label,1,"Paridae_Hypocnemis_peruviana,8",,
jeantet-dufourq-2023,annomate,zenodo.7828148-v1-435440-7,svl_label,1,"Paridae_Hypocnemis_peruviana,8",,
jeantet-dufourq-2023,annomate,zenodo.7828148-v1-435440-8,svl_label,1,"Paridae_Hypocnemis_peruviana,8",,
jeantet-dufourq-2023,annomate,zenodo.7828148-v1-435440-9,svl_label,1,"Paridae_Hypocnemis_peruviana,8",,
jeantet-dufourq-2023,annomate,zenodo.7828148-v1-436333-1,svl_label,1,"Paridae_Hypocnemis_peruviana,7",,
jeantet-dufourq-2023,annomate,zenodo.7828148-v1-436333-2,svl_label,1,"Paridae_Hypocnemis_peruviana,7",,
jeantet-dufourq-2023,annomate,zenodo.7828148-v1-436333-3,svl_label,1,"Paridae_Hypocnemis_peruviana,7",,
jeantet-dufourq-2023,annomate,zenodo.7828148-v1-436871-3,svl_label,1,"Troglodytidae_Troglodytes_aedon,8",,
jeantet-dufourq-2023,annomate,zenodo.7828148-v1-436871-4,svl_label,1,"Troglodytidae_Troglodytes_aedon,8",,
jeantet-dufourq-2023,annomate,zenodo.7828148-v1-436871-5,svl_label,1,"Troglodytidae_Troglodytes_aedon,8",,
jeantet-dufourq-2023,annomate,zenodo.7828148-v1-436871-6,svl_label,1,"Troglodytidae_Troglodytes_aedon,8",,
jeantet-dufourq-2023,annomate,zenodo.7828148-v1-436871-7,svl_label,1,"Troglodytidae_Troglodytes_aedon,8",,
jeantet-dufourq-2023,annomate,zenodo.7828148-v1-436871-8,svl_label,1,"Troglodytidae_Troglodytes_aedon,8",,
jeantet-dufourq-2023,annomate,zenodo.7828148-v1-436871-9,svl_label,1,"Troglodytidae_Troglodytes_aedon,8",,
jeantet-dufourq-2023,annomate,zenodo.7828148-v1-436871-10,svl_label,1,"Troglodytidae_Troglodytes_aedon,8",,
jeantet-dufourq-2023,annomate,zenodo.7828148-v1-436871-11,svl_label,1,"Troglodytidae_Troglodytes_aedon,8",,
jeantet-dufourq-2023,annomate,zenodo.7828148-v1-436871-12,svl_label,1,"Troglodytidae_Troglodytes_aedon,8",,
jeantet-dufourq-2023,annomate,zenodo.7828148-v1-436871-13,svl_label,1,"Troglodytidae_Troglodytes_aedon,8",,
jeantet-dufourq-2023,annomate,zenodo.7828148-v1-436871-14,svl_label,1,"Troglodytidae_Troglodytes_aedon,8",,
jeantet-dufourq-2023,annomate,zenodo.7828148-v1-436871-15,svl_label,1,"Troglodytidae_Troglodytes_aedon,8",,
jeantet-dufourq-2023,annomate,zenodo.7828148-v1-436871-16,svl_label,1,"Troglodytidae_Troglodytes_aedon,8",,
jeantet-dufourq-2023,annomate,zenodo.7828148-v1-436871-17,svl_label,1,"Troglodytidae_Troglodytes_aedon,8",,
jeantet-dufourq-2023,annomate,zenodo.7828148-v1-437245-1,svl_label,1,"Paridae_Hypocnemis_peruviana,9",,
jeantet-dufourq-2023,annomate,zenodo.7828148-v1-437245-2,svl_label,1,"Paridae_Hypocnemis_peruviana,9",,
jeantet-dufourq-2023,annomate,zenodo.7828148-v1-437245-3,svl_label,1,"Paridae_Hypocnemis_peruviana,9",,
jeantet-dufourq-2023,annomate,zenodo.7828148-v1-437245-4,svl_label,1,"Paridae_Hypocnemis_peruviana,9",,
jeantet-dufourq-2023,annomate,zenodo.7828148-v1-437245-5,svl_label,1,"Paridae_Hypocnemis_peruviana,9",,
jeantet-dufourq-2023,annomate,zenodo.7828148-v1-437245-6,svl_label,1,"Paridae_Hypocnemis_peruviana,9",,
jeantet-dufourq-2023,annomate,zenodo.7828148-v1-437245-7,svl_label,1,"Paridae_Hypocnemis_peruviana,9",,
jeantet-dufourq-2023,annomate,zenodo.7828148-v1-437245-8,svl_label,1,"Paridae_Hypocnemis_peruviana,9",,
jeantet-dufourq-2023,annomate,zenodo.7828148-v1-437245-9,svl_label,1,"Paridae_Hypocnemis_peruviana,9",,
jeantet-dufourq-2023,annomate,zenodo.7828148-v1-442581-1,svl_label,1,"Troglodytidae_Troglodytes_aedon,9",,
jeantet-dufourq-2023,annomate,zenodo.7828148-v1-442581-2,svl_label,1,"Troglodytidae_Troglodytes_aedon,9",,
jeantet-dufourq-2023,annomate,zenodo.7828148-v1-442581-3,svl_label,1,"Troglodytidae_Troglodytes_aedon,9",,
jeantet-dufourq-2023,annomate,zenodo.7828148-v1-442581-4,svl_label,1,"Troglodytidae_Troglodytes_aedon,9",,
jeantet-dufourq-2023,annomate,zenodo.7828148-v1-442581-5,svl_label,1,"Troglodytidae_Troglodytes_aedon,9",,
jeantet-dufourq-2023,annomate,zenodo.7828148-v1-442581-6,svl_label,1,"Troglodytidae_Troglodytes_aedon,9",,
jeantet-dufourq-2023,annomate,zenodo.7828148-v1-442581-7,svl_label,1,"Troglodytidae_Troglodytes_aedon,7",,
jeantet-dufourq-2023,annomate,zenodo.7828148-v1-442581-8,svl_label,1,"Troglodytidae_Troglodytes_aedon,9",,
jeantet-dufourq-2023,annomate,zenodo.7828148-v1-442581-9,svl_label,1,"Troglodytidae_Troglodytes_aedon,9",,
jeantet-dufourq-2023,annomate,zenodo.7828148-v1-442581-10,svl_label,1,"Troglodytidae_Troglodytes_aedon,9",,
jeantet-dufourq-2023,annomate,zenodo.7828148-v1-444358-1,svl_label,1,"Paridae_Saxicola_rubetra,9",,
jeantet-dufourq-2023,annomate,zenodo.7828148-v1-444358-2,svl_label,1,"Paridae_Saxicola_rubetra,9",,
jeantet-dufourq-2023,annomate,zenodo.7828148-v1-444358-3,svl_label,1,"Paridae_Saxicola_rubetra,9",,
jeantet-dufourq-2023,annomate,zenodo.7828148-v1-444358-4,svl_label,1,"Paridae_Saxicola_rubetra,9",,
jeantet-dufourq-2023,annomate,zenodo.7828148-v1-444358-5,svl_label,1,"Paridae_Saxicola_rubetra,9",,
jeantet-dufourq-2023,annomate,zenodo.7828148-v1-444358-6,svl_label,1,"Paridae_Saxicola_rubetra,9",,
jeantet-dufourq-2023,annomate,zenodo.7828148-v1-444358-7,svl_label,1,"Paridae_Saxicola_rubetra,9",,
jeantet-dufourq-2023,annomate,zenodo.7828148-v1-444358-8,svl_label,1,"Paridae_Saxicola_rubetra,9",,
jeantet-dufourq-2023,annomate,zenodo.7828148-v1-444358-9,svl_label,1,"Paridae_Saxicola_rubetra,9",,
jeantet-dufourq-2023,annomate,zenodo.7828148-v1-444358-10,svl_label,1,"Paridae_Saxicola_rubetra,9",,
jeantet-dufourq-2023,annomate,zenodo.7828148-v1-444358-11,svl_label,1,"Paridae_Saxicola_rubetra,9",,
jeantet-dufourq-2023,annomate,zenodo.7828148-v1-444358-12,svl_label,1,"Paridae_Saxicola_rubetra,9",,
jeantet-dufourq-2023,annomate,zenodo.7828148-v1-444358-13,svl_label,1,"Paridae_Saxicola_rubetra,9",,
jeantet-dufourq-2023,annomate,zenodo.7828148-v1-444358-14,svl_label,1,"Paridae_Saxicola_rubetra,9",,
jeantet-dufourq-2023,annomate,zenodo.7828148-v1-444358-15,svl_label,1,"Paridae_Saxicola_rubetra,9",,
jeantet-dufourq-2023,annomate,zenodo.7828148-v1-444358-16,svl_label,1,"Paridae_Saxicola_rubetra,9",,
jeantet-dufourq-2023,annomate,zenodo.7828148-v1-444358-17,svl_label,1,"Paridae_Saxicola_rubetra,9",,
jeantet-dufourq-2023,annomate,zenodo.7828148-v1-444358-18,svl_label,1,"Paridae_Saxicola_rubetra,9",,
jeantet-dufourq-2023,annomate,zenodo.7828148-v1-444358-19,svl_label,1,"Paridae_Saxicola_rubetra,9",,
jeantet-dufourq-2023,annomate,zenodo.7828148-v1-444358-20,svl_label,1,"Paridae_Saxicola_rubetra,9",,
jeantet-dufourq-2023,annomate,zenodo.7828148-v1-444358-21,svl_label,1,"Paridae_Saxicola_rubetra,9",,
jeantet-dufourq-2023,annomate,zenodo.7828148-v1-444358-22,svl_label,1,"Paridae_Saxicola_rubetra,9",,
jeantet-dufourq-2023,annomate,zenodo.7828148-v1-444358-23,svl_label,1,"Paridae_Saxicola_rubetra,9",,
jeantet-dufourq-2023,annomate,zenodo.7828148-v1-444358-24,svl_label,1,"Paridae_Saxicola_rubetra,9",,
jeantet-dufourq-2023,annomate,zenodo.7828148-v1-444358-25,svl_label,1,"Paridae_Saxicola_rubetra,9",,
jeantet-dufourq-2023,annomate,zenodo.7828148-v1-444358-26,svl_label,1,"Paridae_Saxicola_rubetra,9",,
jeantet-dufourq-2023,annomate,zenodo.7828148-v1-444358-27,svl_label,1,"Paridae_Saxicola_rubetra,9",,
jeantet-dufourq-2023,annomate,zenodo.7828148-v1-444358-28,svl_label,1,"Paridae_Saxicola_rubetra,9",,
jeantet-dufourq-2023,annomate,zenodo.7828148-v1-444358-29,svl_label,1,"Paridae_Saxicola_rubetra,9",,
jeantet-dufourq-2023,annomate,zenodo.7828148-v1-444358-30,svl_label,1,"Paridae_Saxicola_rubetra,9",,
jeantet-dufourq-2023,annomate,zenodo.7828148-v1-444358-31,svl_label,1,"Paridae_Saxicola_rubetra,9",,
jeantet-dufourq-2023,annomate,zenodo.7828148-v1-444358-32,svl_label,1,"Paridae_Saxicola_rubetra,9",,
jeantet-dufourq-2023,annomate,zenodo.7828148-v1-444358-33,svl_label,1,"Paridae_Saxicola_rubetra,9",,
jeantet-dufourq-2023,annomate,zenodo.7828148-v1-444358-34,svl_label,1,"Paridae_Saxicola_rubetra,9",,
jeantet-dufourq-2023,annomate,zenodo.7828148-v1-444358-35,svl_label,1,"Paridae_Saxicola_rubetra,9",,
jeantet-dufourq-2023,annomate,zenodo.7828148-v1-444358-36,svl_label,1,"Paridae_Saxicola_rubetra,9",,
jeantet-dufourq-2023,annomate,zenodo.7828148-v1-444358-37,svl_label,1,"Paridae_Saxicola_rubetra,9",,
jeantet-dufourq-2023,annomate,zenodo.7828148-v1-444358-38,svl_label,1,"Paridae_Saxicola_rubetra,9",,
jeantet-dufourq-2023,annomate,zenodo.7828148-v1-444358-39,svl_label,1,"Paridae_Saxicola_rubetra,9",,
jeantet-dufourq-2023,annomate,zenodo.7828148-v1-444358-40,svl_label,1,"Paridae_Saxicola_rubetra,9",,
jeantet-dufourq-2023,annomate,zenodo.7828148-v1-444358-41,svl_label,1,"Paridae_Saxicola_rubetra,9",,
jeantet-dufourq-2023,annomate,zenodo.7828148-v1-444358-42,svl_label,1,"Paridae_Saxicola_rubetra,9",,
jeantet-dufourq-2023,annomate,zenodo.7828148-v1-444358-43,svl_label,1,"Paridae_Saxicola_rubetra,9",,
jeantet-dufourq-2023,annomate,zenodo.7828148-v1-444358-44,svl_label,1,"Paridae_Saxicola_rubetra,9",,
jeantet-dufourq-2023,annomate,zenodo.7828148-v1-444358-45,svl_label,1,"Paridae_Saxicola_rubetra,9",,
jeantet-dufourq-2023,annomate,zenodo.7828148-v1-444358-46,svl_label,1,"Paridae_Saxicola_rubetra,9",,
jeantet-dufourq-2023,annomate,zenodo.7828148-v1-444358-47,svl_label,1,"Paridae_Saxicola_rubetra,9",,
jeantet-dufourq-2023,annomate,zenodo.7828148-v1-444358-48,svl_label,1,"Paridae_Saxicola_rubetra,9",,
jeantet-dufourq-2023,annomate,zenodo.7828148-v1-444358-49,svl_label,1,"Paridae_Saxicola_rubetra,9",,
jeantet-dufourq-2023,annomate,zenodo.7828148-v1-444358-50,svl_label,1,"Paridae_Saxicola_rubetra,9",,
jeantet-dufourq-2023,annomate,zenodo.7828148-v1-444358-51,svl_label,1,"Paridae_Saxicola_rubetra,9",,
jeantet-dufourq-2023,annomate,zenodo.7828148-v1-444358-52,svl_label,1,"Paridae_Saxicola_rubetra,9",,
jeantet-dufourq-2023,annomate,zenodo.7828148-v1-444358-53,svl_label,1,"Paridae_Saxicola_rubetra,9",,
jeantet-dufourq-2023,annomate,zenodo.7828148-v1-444358-54,svl_label,1,"Paridae_Saxicola_rubetra,9",,
jeantet-dufourq-2023,annomate,zenodo.7828148-v1-444358-55,svl_label,1,"Paridae_Saxicola_rubetra,9",,
jeantet-dufourq-2023,annomate,zenodo.7828148-v1-444358-56,svl_label,1,"Paridae_Saxicola_rubetra,9",,
jeantet-dufourq-2023,annomate,zenodo.7828148-v1-444358-57,svl_label,1,"Paridae_Saxicola_rubetra,9",,
jeantet-dufourq-2023,annomate,zenodo.7828148-v1-444358-58,svl_label,1,"Paridae_Saxicola_rubetra,9",,
jeantet-dufourq-2023,annomate,zenodo.7828148-v1-444358-59,svl_label,1,"Paridae_Saxicola_rubetra,9",,
jeantet-dufourq-2023,annomate,zenodo.7828148-v1-444358-60,svl_label,1,"Paridae_Saxicola_rubetra,9",,
jeantet-dufourq-2023,annomate,zenodo.7828148-v1-444358-61,svl_label,1,"Paridae_Saxicola_rubetra,9",,
jeantet-dufourq-2023,annomate,zenodo.7828148-v1-444358-62,svl_label,1,"Paridae_Saxicola_rubetra,9",,
jeantet-dufourq-2023,annomate,zenodo.7828148-v1-444358-63,svl_label,1,"Paridae_Saxicola_rubetra,9",,
jeantet-dufourq-2023,annomate,zenodo.7828148-v1-444358-64,svl_label,1,"Paridae_Saxicola_rubetra,9",,
jeantet-dufourq-2023,annomate,zenodo.7828148-v1-444358-65,svl_label,1,"Paridae_Saxicola_rubetra,9",,
jeantet-dufourq-2023,annomate,zenodo.7828148-v1-444358-66,svl_label,1,"Paridae_Saxicola_rubetra,9",,
jeantet-dufourq-2023,annomate,zenodo.7828148-v1-444358-67,svl_label,1,"Paridae_Saxicola_rubetra,9",,
jeantet-dufourq-2023,annomate,zenodo.7828148-v1-444358-68,svl_label,1,"Paridae_Saxicola_rubetra,9",,
jeantet-dufourq-2023,annomate,zenodo.7828148-v1-444358-69,svl_label,1,"Paridae_Saxicola_rubetra,9",,
jeantet-dufourq-2023,annomate,zenodo.7828148-v1-444358-70,svl_label,1,"Paridae_Saxicola_rubetra,9",,
jeantet-dufourq-2023,annomate,zenodo.7828148-v1-444358-71,svl_label,1,"Paridae_Saxicola_rubetra,9",,
jeantet-dufourq-2023,annomate,zenodo.7828148-v1-444358-72,svl_label,1,"Paridae_Saxicola_rubetra,9",,
jeantet-dufourq-2023,annomate,zenodo.7828148-v1-444358-73,svl_label,1,"Paridae_Saxicola_rubetra,9",,
jeantet-dufourq-2023,annomate,zenodo.7828148-v1-444358-74,svl_label,1,"Paridae_Saxicola_rubetra,9",,
jeantet-dufourq-2023,annomate,zenodo.7828148-v1-444358-75,svl_label,1,"Paridae_Saxicola_rubetra,9",,
jeantet-dufourq-2023,annomate,zenodo.7828148-v1-444358-76,svl_label,1,"Paridae_Saxicola_rubetra,9",,
jeantet-dufourq-2023,annomate,zenodo.7828148-v1-444358-77,svl_label,1,"Paridae_Saxicola_rubetra,9",,
jeantet-dufourq-2023,annomate,zenodo.7828148-v1-444358-78,svl_label,1,"Paridae_Saxicola_rubetra,9",,
jeantet-dufourq-2023,annomate,zenodo.7828148-v1-444358-79,svl_label,1,"Paridae_Saxicola_rubetra,9",,
jeantet-dufourq-2023,annomate,zenodo.7828148-v1-444358-80,svl_label,1,"Paridae_Saxicola_rubetra,9",,
jeantet-dufourq-2023,annomate,zenodo.7828148-v1-444358-81,svl_label,1,"Paridae_Saxicola_rubetra,9",,
jeantet-dufourq-2023,annomate,zenodo.7828148-v1-444358-82,svl_label,1,"Paridae_Saxicola_rubetra,9",,
jeantet-dufourq-2023,annomate,zenodo.7828148-v1-444358-83,svl_label,1,"Paridae_Saxicola_rubetra,9",,
jeantet-dufourq-2023,annomate,zenodo.7828148-v1-444358-84,svl_label,1,"Paridae_Saxicola_rubetra,9",,
jeantet-dufourq-2023,annomate,zenodo.7828148-v1-444358-85,svl_label,1,"Paridae_Saxicola_rubetra,9",,
jeantet-dufourq-2023,annomate,zenodo.7828148-v1-444358-86,svl_label,1,"Paridae_Saxicola_rubetra,9",,
jeantet-dufourq-2023,annomate,zenodo.7828148-v1-444359-1,svl_label,1,"Paridae_Saxicola_rubetra,9",,
jeantet-dufourq-2023,annomate,zenodo.7828148-v1-444359-2,svl_label,1,"Paridae_Saxicola_rubetra,9",,
jeantet-dufourq-2023,annomate,zenodo.7828148-v1-444359-3,svl_label,1,"Paridae_Saxicola_rubetra,9",,
jeantet-dufourq-2023,annomate,zenodo.7828148-v1-444359-4,svl_label,1,"Paridae_Saxicola_rubetra,9",,
jeantet-dufourq-2023,annomate,zenodo.7828148-v1-444359-5,svl_label,1,"Paridae_Saxicola_rubetra,9",,
jeantet-dufourq-2023,annomate,zenodo.7828148-v1-444359-6,svl_label,1,"Paridae_Saxicola_rubetra,9",,
jeantet-dufourq-2023,annomate,zenodo.7828148-v1-444359-7,svl_label,1,"Paridae_Saxicola_rubetra,9",,
jeantet-dufourq-2023,annomate,zenodo.7828148-v1-444359-8,svl_label,1,"Paridae_Saxicola_rubetra,9",,
jeantet-dufourq-2023,annomate,zenodo.7828148-v1-444359-9,svl_label,1,"Paridae_Saxicola_rubetra,9",,
jeantet-dufourq-2023,annomate,zenodo.7828148-v1-444359-10,svl_label,1,"Paridae_Saxicola_rubetra,9",,
jeantet-dufourq-2023,annomate,zenodo.7828148-v1-444359-11,svl_label,1,"Paridae_Saxicola_rubetra,9",,
jeantet-dufourq-2023,annomate,zenodo.7828148-v1-444359-12,svl_label,1,"Paridae_Saxicola_rubetra,9",,
jeantet-dufourq-2023,annomate,zenodo.7828148-v1-444359-13,svl_label,1,"Paridae_Saxicola_rubetra,9",,
jeantet-dufourq-2023,annomate,zenodo.7828148-v1-444359-14,svl_label,1,"Paridae_Saxicola_rubetra,9",,
jeantet-dufourq-2023,annomate,zenodo.7828148-v1-444359-15,svl_label,1,"Paridae_Saxicola_rubetra,9",,
jeantet-dufourq-2023,annomate,zenodo.7828148-v1-444359-16,svl_label,1,"Paridae_Saxicola_rubetra,9",,
jeantet-dufourq-2023,annomate,zenodo.7828148-v1-444359-17,svl_label,1,"Paridae_Saxicola_rubetra,9",,
jeantet-dufourq-2023,annomate,zenodo.7828148-v1-444359-18,svl_label,1,"Paridae_Saxicola_rubetra,9",,
jeantet-dufourq-2023,annomate,zenodo.7828148-v1-444359-19,svl_label,1,"Paridae_Saxicola_rubetra,9",,
jeantet-dufourq-2023,annomate,zenodo.7828148-v1-444359-20,svl_label,1,"Paridae_Saxicola_rubetra,9",,
jeantet-dufourq-2023,annomate,zenodo.7828148-v1-444359-21,svl_label,1,"Paridae_Saxicola_rubetra,9",,
jeantet-dufourq-2023,annomate,zenodo.7828148-v1-444359-22,svl_label,1,"Paridae_Saxicola_rubetra,9",,
jeantet-dufourq-2023,annomate,zenodo.7828148-v1-444359-23,svl_label,1,"Paridae_Saxicola_rubetra,9",,
jeantet-dufourq-2023,annomate,zenodo.7828148-v1-444359-24,svl_label,1,"Paridae_Saxicola_rubetra,9",,
jeantet-dufourq-2023,annomate,zenodo.7828148-v1-444359-25,svl_label,1,"Paridae_Saxicola_rubetra,9",,
jeantet-dufourq-2023,annomate,zenodo.7828148-v1-444359-26,svl_label,1,"Paridae_Saxicola_rubetra,9",,
jeantet-dufourq-2023,annomate,zenodo.7828148-v1-444359-27,svl_label,1,"Paridae_Saxicola_rubetra,9",,
jeantet-dufourq-2023,annomate,zenodo.7828148-v1-444359-28,svl_label,1,"Paridae_Saxicola_rubetra,9",,
jeantet-dufourq-2023,annomate,zenodo.7828148-v1-444359-29,svl_label,1,"Paridae_Saxicola_rubetra,9",,
jeantet-dufourq-2023,annomate,zenodo.7828148-v1-444359-30,svl_label,1,"Paridae_Saxicola_rubetra,9",,
jeantet-dufourq-2023,annomate,zenodo.7828148-v1-444359-31,svl_label,1,"Paridae_Saxicola_rubetra,9",,
jeantet-dufourq-2023,annomate,zenodo.7828148-v1-444359-32,svl_label,1,"Paridae_Saxicola_rubetra,9",,
jeantet-dufourq-2023,annomate,zenodo.7828148-v1-444359-33,svl_label,1,"Paridae_Saxicola_rubetra,9",,
jeantet-dufourq-2023,annomate,zenodo.7828148-v1-444359-34,svl_label,1,"Paridae_Saxicola_rubetra,9",,
jeantet-dufourq-2023,annomate,zenodo.7828148-v1-444359-35,svl_label,1,"Paridae_Saxicola_rubetra,9",,
jeantet-dufourq-2023,annomate,zenodo.7828148-v1-444359-36,svl_label,1,"Paridae_Saxicola_rubetra,9",,
jeantet-dufourq-2023,annomate,zenodo.7828148-v1-444359-37,svl_label,1,"Paridae_Saxicola_rubetra,9",,
jeantet-dufourq-2023,annomate,zenodo.7828148-v1-444359-38,svl_label,1,"Paridae_Saxicola_rubetra,9",,
jeantet-dufourq-2023,annomate,zenodo.7828148-v1-444359-39,svl_label,1,"Paridae_Saxicola_rubetra,9",,
jeantet-dufourq-2023,annomate,zenodo.7828148-v1-444359-40,svl_label,1,"Paridae_Saxicola_rubetra,9",,
jeantet-dufourq-2023,annomate,zenodo.7828148-v1-444359-41,svl_label,1,"Paridae_Saxicola_rubetra,9",,
jeantet-dufourq-2023,annomate,zenodo.7828148-v1-444359-42,svl_label,1,"Paridae_Saxicola_rubetra,9",,
jeantet-dufourq-2023,annomate,zenodo.7828148-v1-444359-43,svl_label,1,"Paridae_Saxicola_rubetra,9",,
jeantet-dufourq-2023,annomate,zenodo.7828148-v1-444359-44,svl_label,1,"Paridae_Saxicola_rubetra,9",,
jeantet-dufourq-2023,annomate,zenodo.7828148-v1-444359-45,svl_label,1,"Paridae_Saxicola_rubetra,9",,
jeantet-dufourq-2023,annomate,zenodo.7828148-v1-444359-46,svl_label,1,"Paridae_Saxicola_rubetra,9",,
jeantet-dufourq-2023,annomate,zenodo.7828148-v1-444359-47,svl_label,1,"Paridae_Saxicola_rubetra,9",,
jeantet-dufourq-2023,annomate,zenodo.7828148-v1-444359-48,svl_label,1,"Paridae_Saxicola_rubetra,9",,
jeantet-dufourq-2023,annomate,zenodo.7828148-v1-444359-49,svl_label,1,"Paridae_Saxicola_rubetra,9",,
jeantet-dufourq-2023,annomate,zenodo.7828148-v1-444359-50,svl_label,1,"Paridae_Saxicola_rubetra,9",,
jeantet-dufourq-2023,annomate,zenodo.7828148-v1-444359-51,svl_label,1,"Paridae_Saxicola_rubetra,9",,
jeantet-dufourq-2023,annomate,zenodo.7828148-v1-444359-52,svl_label,1,"Paridae_Saxicola_rubetra,9",,
jeantet-dufourq-2023,annomate,zenodo.7828148-v1-444359-53,svl_label,1,"Paridae_Saxicola_rubetra,9",,
jeantet-dufourq-2023,annomate,zenodo.7828148-v1-444359-54,svl_label,1,"Paridae_Saxicola_rubetra,9",,
jeantet-dufourq-2023,annomate,zenodo.7828148-v1-444359-55,svl_label,1,"Paridae_Saxicola_rubetra,9",,
jeantet-dufourq-2023,annomate,zenodo.7828148-v1-444359-56,svl_label,1,"Paridae_Saxicola_rubetra,9",,
jeantet-dufourq-2023,annomate,zenodo.7828148-v1-444359-57,svl_label,1,"Paridae_Saxicola_rubetra,9",,
jeantet-dufourq-2023,annomate,zenodo.7828148-v1-444359-58,svl_label,1,"Paridae_Saxicola_rubetra,9",,
jeantet-dufourq-2023,annomate,zenodo.7828148-v1-444359-59,svl_label,1,"Paridae_Saxicola_rubetra,9",,
jeantet-dufourq-2023,annomate,zenodo.7828148-v1-444359-60,svl_label,1,"Paridae_Saxicola_rubetra,9",,
jeantet-dufourq-2023,annomate,zenodo.7828148-v1-444361-1,svl_label,1,Paridae_Saxicola_rubetra,,
jeantet-dufourq-2023,annomate,zenodo.7828148-v1-444361-2,svl_label,1,"Paridae_Saxicola_rubetra,9",,
jeantet-dufourq-2023,annomate,zenodo.7828148-v1-444361-3,svl_label,1,"Paridae_Saxicola_rubetra,9",,
jeantet-dufourq-2023,annomate,zenodo.7828148-v1-444361-4,svl_label,1,"Paridae_Saxicola_rubetra,9",,
jeantet-dufourq-2023,annomate,zenodo.7828148-v1-444361-5,svl_label,1,"Paridae_Saxicola_rubetra,9",,
jeantet-dufourq-2023,annomate,zenodo.7828148-v1-444361-6,svl_label,1,"Paridae_Saxicola_rubetra,9",,
jeantet-dufourq-2023,annomate,zenodo.7828148-v1-444361-7,svl_label,1,"Paridae_Saxicola_rubetra,9",,
jeantet-dufourq-2023,annomate,zenodo.7828148-v1-444361-8,svl_label,1,"Paridae_Saxicola_rubetra,9",,
jeantet-dufourq-2023,annomate,zenodo.7828148-v1-444361-9,svl_label,1,"Paridae_Saxicola_rubetra,9",,
jeantet-dufourq-2023,annomate,zenodo.7828148-v1-445310-1,svl_label,1,"Paridae_Saxicola_rubicola,9",,
jeantet-dufourq-2023,annomate,zenodo.7828148-v1-445310-2,svl_label,1,"Paridae_Saxicola_rubicola,9",,
jeantet-dufourq-2023,annomate,zenodo.7828148-v1-445310-3,svl_label,1,"Paridae_Saxicola_rubicola,9",,
jeantet-dufourq-2023,annomate,zenodo.7828148-v1-445310-4,svl_label,1,"Paridae_Saxicola_rubicola,9",,
jeantet-dufourq-2023,annomate,zenodo.7828148-v1-445310-5,svl_label,1,"Paridae_Saxicola_rubicola,9",,
jeantet-dufourq-2023,annomate,zenodo.7828148-v1-446635-1,svl_label,1,"Turdidae_Catharus_ustulatus,9",,
jeantet-dufourq-2023,annomate,zenodo.7828148-v1-446635-2,svl_label,1,"Turdidae_Catharus_ustulatus,9",,
jeantet-dufourq-2023,annomate,zenodo.7828148-v1-446635-3,svl_label,1,"Turdidae_Catharus_ustulatus,9",,
jeantet-dufourq-2023,annomate,zenodo.7828148-v1-446635-4,svl_label,1,"Turdidae_Catharus_ustulatus,9",,
jeantet-dufourq-2023,annomate,zenodo.7828148-v1-450191-1,svl_label,1,"Troglodytidae_Troglodytes_aedon,8",,
jeantet-dufourq-2023,annomate,zenodo.7828148-v1-450191-2,svl_label,1,"Troglodytidae_Troglodytes_aedon,8",,
jeantet-dufourq-2023,annomate,zenodo.7828148-v1-450191-3,svl_label,1,"Troglodytidae_Troglodytes_aedon,8",,
jeantet-dufourq-2023,annomate,zenodo.7828148-v1-450191-4,svl_label,1,"Troglodytidae_Troglodytes_aedon,8",,
jeantet-dufourq-2023,annomate,zenodo.7828148-v1-450192-1,svl_label,1,"Troglodytidae_Troglodytes_aedon,9",,
jeantet-dufourq-2023,annomate,zenodo.7828148-v1-450192-2,svl_label,1,"Troglodytidae_Troglodytes_aedon,9",,
jeantet-dufourq-2023,annomate,zenodo.7828148-v1-450192-3,svl_label,1,"Troglodytidae_Troglodytes_aedon,9",,
jeantet-dufourq-2023,annomate,zenodo.7828148-v1-450192-4,svl_label,1,"Troglodytidae_Troglodytes_aedon,9",,
jeantet-dufourq-2023,annomate,zenodo.7828148-v1-450192-5,svl_label,1,"Troglodytidae_Troglodytes_aedon,9",,
jeantet-dufourq-2023,annomate,zenodo.7828148-v1-450963-1,svl_label,1,"Fringillidae_Serinus_serinus,9",,
jeantet-dufourq-2023,annomate,zenodo.7828148-v1-450963-2,svl_label,1,"Fringillidae_Serinus_serinus,7",,
jeantet-dufourq-2023,annomate,zenodo.7828148-v1-450963-3,svl_label,1,"Fringillidae_Serinus_serinus,8",,
jeantet-dufourq-2023,annomate,zenodo.7828148-v1-450963-4,svl_label,1,"Fringillidae_Serinus_serinus,7",,
jeantet-dufourq-2023,annomate,zenodo.7828148-v1-450963-5,svl_label,1,"Fringillidae_Serinus_serinus,8",,
jeantet-dufourq-2023,annomate,zenodo.7828148-v1-451419-1,svl_label,1,"Troglodytidae_Troglodytes_aedon,9",,
jeantet-dufourq-2023,annomate,zenodo.7828148-v1-451419-2,svl_label,1,"Troglodytidae_Troglodytes_aedon,9",,
jeantet-dufourq-2023,annomate,zenodo.7828148-v1-451419-3,svl_label,1,"Troglodytidae_Troglodytes_aedon,9",,
jeantet-dufourq-2023,annomate,zenodo.7828148-v1-451419-4,svl_label,1,"Troglodytidae_Troglodytes_aedon,9",,
jeantet-dufourq-2023,annomate,zenodo.7828148-v1-451419-5,svl_label,1,"Troglodytidae_Troglodytes_aedon,9",,
jeantet-dufourq-2023,annomate,zenodo.7828148-v1-451419-6,svl_label,1,"Troglodytidae_Troglodytes_aedon,9",,
jeantet-dufourq-2023,annomate,zenodo.7828148-v1-451419-7,svl_label,1,"Troglodytidae_Troglodytes_aedon,9",,
jeantet-dufourq-2023,annomate,zenodo.7828148-v1-451419-8,svl_label,1,"Troglodytidae_Troglodytes_aedon,9",,
jeantet-dufourq-2023,annomate,zenodo.7828148-v1-451419-9,svl_label,1,"Troglodytidae_Troglodytes_aedon,9",,
jeantet-dufourq-2023,annomate,zenodo.7828148-v1-451419-10,svl_label,1,"Troglodytidae_Troglodytes_aedon,9",,
jeantet-dufourq-2023,annomate,zenodo.7828148-v1-451419-11,svl_label,1,"Troglodytidae_Troglodytes_aedon,9",,
jeantet-dufourq-2023,annomate,zenodo.7828148-v1-451419-12,svl_label,1,"Troglodytidae_Troglodytes_aedon,9",,
jeantet-dufourq-2023,annomate,zenodo.7828148-v1-451419-13,svl_label,1,"Troglodytidae_Troglodytes_aedon,9",,
jeantet-dufourq-2023,annomate,zenodo.7828148-v1-451419-14,svl_label,1,"Troglodytidae_Troglodytes_aedon,9",,
jeantet-dufourq-2023,annomate,zenodo.7828148-v1-451684-1,svl_label,1,"Troglodytidae_Troglodytes_aedon,9",,
jeantet-dufourq-2023,annomate,zenodo.7828148-v1-451684-2,svl_label,1,"Troglodytidae_Troglodytes_aedon,9",,
jeantet-dufourq-2023,annomate,zenodo.7828148-v1-451684-3,svl_label,1,"Troglodytidae_Troglodytes_aedon,9",,
jeantet-dufourq-2023,annomate,zenodo.7828148-v1-451684-4,svl_label,1,"Troglodytidae_Troglodytes_aedon,9",,
jeantet-dufourq-2023,annomate,zenodo.7828148-v1-451684-5,svl_label,1,"Troglodytidae_Troglodytes_aedon,9",,
jeantet-dufourq-2023,annomate,zenodo.7828148-v1-451684-6,svl_label,1,"Troglodytidae_Troglodytes_aedon,9",,
jeantet-dufourq-2023,annomate,zenodo.7828148-v1-451684-7,svl_label,1,"Troglodytidae_Troglodytes_aedon,9",,
jeantet-dufourq-2023,annomate,zenodo.7828148-v1-451684-8,svl_label,1,"Troglodytidae_Troglodytes_aedon,9",,
jeantet-dufourq-2023,annomate,zenodo.7828148-v1-451684-9,svl_label,1,"Troglodytidae_Troglodytes_aedon,9",,
jeantet-dufourq-2023,annomate,zenodo.7828148-v1-451689-1,svl_label,1,"Troglodytidae_Troglodytes_aedon,9",,
jeantet-dufourq-2023,annomate,zenodo.7828148-v1-451689-2,svl_label,1,"Troglodytidae_Troglodytes_aedon,9",,
jeantet-dufourq-2023,annomate,zenodo.7828148-v1-451689-3,svl_label,1,"Troglodytidae_Troglodytes_aedon,9",,
jeantet-dufourq-2023,annomate,zenodo.7828148-v1-451689-4,svl_label,1,"Troglodytidae_Troglodytes_aedon,9",,
jeantet-dufourq-2023,annomate,zenodo.7828148-v1-451689-5,svl_label,1,"Troglodytidae_Troglodytes_aedon,9",,
jeantet-dufourq-2023,annomate,zenodo.7828148-v1-451689-6,svl_label,1,"Troglodytidae_Troglodytes_aedon,9",,
jeantet-dufourq-2023,annomate,zenodo.7828148-v1-451689-7,svl_label,1,"Troglodytidae_Troglodytes_aedon,9",,
jeantet-dufourq-2023,annomate,zenodo.7828148-v1-451689-8,svl_label,1,"Troglodytidae_Troglodytes_aedon,9",,
jeantet-dufourq-2023,annomate,zenodo.7828148-v1-451689-9,svl_label,1,"Troglodytidae_Troglodytes_aedon,9",,
jeantet-dufourq-2023,annomate,zenodo.7828148-v1-451690-1,svl_label,1,"Troglodytidae_Troglodytes_aedon, 10",,
jeantet-dufourq-2023,annomate,zenodo.7828148-v1-451690-2,svl_label,1,"Troglodytidae_Troglodytes_aedon, 10",,
jeantet-dufourq-2023,annomate,zenodo.7828148-v1-451690-3,svl_label,1,"Troglodytidae_Troglodytes_aedon, 10",,
jeantet-dufourq-2023,annomate,zenodo.7828148-v1-451690-4,svl_label,1,"Troglodytidae_Troglodytes_aedon, 10",,
jeantet-dufourq-2023,annomate,zenodo.7828148-v1-451690-5,svl_label,1,"Troglodytidae_Troglodytes_aedon, 10",,
jeantet-dufourq-2023,annomate,zenodo.7828148-v1-451690-6,svl_label,1,"Troglodytidae_Troglodytes_aedon, 10",,
jeantet-dufourq-2023,annomate,zenodo.7828148-v1-451690-7,svl_label,1,"Troglodytidae_Troglodytes_aedon, 10",,
jeantet-dufourq-2023,annomate,zenodo.7828148-v1-451705-1,svl_label,1,"Troglodytidae_Troglodytes_pacificus,9",,
jeantet-dufourq-2023,annomate,zenodo.7828148-v1-451705-2,svl_label,1,"Troglodytidae_Troglodytes_pacificus,9",,
jeantet-dufourq-2023,annomate,zenodo.7828148-v1-451705-3,svl_label,1,"Troglodytidae_Troglodytes_pacificus,9",,
jeantet-dufourq-2023,annomate,zenodo.7828148-v1-451705-4,svl_label,1,"Troglodytidae_Troglodytes_pacificus,9",,
jeantet-dufourq-2023,annomate,zenodo.7828148-v1-451705-5,svl_label,1,"Troglodytidae_Troglodytes_pacificus,9",,
jeantet-dufourq-2023,annomate,zenodo.7828148-v1-451705-6,svl_label,1,"Troglodytidae_Troglodytes_pacificus,9",,
jeantet-dufourq-2023,annomate,zenodo.7828148-v1-451705-7,svl_label,1,"Troglodytidae_Troglodytes_pacificus,9",,
jeantet-dufourq-2023,annomate,zenodo.7828148-v1-451705-8,svl_label,1,"Troglodytidae_Troglodytes_pacificus,9",,
jeantet-dufourq-2023,annomate,zenodo.7828148-v1-451705-9,svl_label,1,"Troglodytidae_Troglodytes_pacificus,9",,
jeantet-dufourq-2023,annomate,zenodo.7828148-v1-451705-10,svl_label,1,"Troglodytidae_Troglodytes_pacificus,9",,
jeantet-dufourq-2023,annomate,zenodo.7828148-v1-451705-11,svl_label,1,"Troglodytidae_Troglodytes_pacificus,9",,
jeantet-dufourq-2023,annomate,zenodo.7828148-v1-451706-1,svl_label,1,"Troglodytidae_Troglodytes_pacificus,9",,
jeantet-dufourq-2023,annomate,zenodo.7828148-v1-451706-2,svl_label,1,"Troglodytidae_Troglodytes_pacificus,9",,
jeantet-dufourq-2023,annomate,zenodo.7828148-v1-451706-3,svl_label,1,"Troglodytidae_Troglodytes_pacificus,9",,
jeantet-dufourq-2023,annomate,zenodo.7828148-v1-451707-1,svl_label,1,"Troglodytidae_Troglodytes_pacificus,9",,
jeantet-dufourq-2023,annomate,zenodo.7828148-v1-451707-2,svl_label,1,"Troglodytidae_Troglodytes_pacificus,9",,
jeantet-dufourq-2023,annomate,zenodo.7828148-v1-451707-3,svl_label,1,"Troglodytidae_Troglodytes_pacificus,9",,
jeantet-dufourq-2023,annomate,zenodo.7828148-v1-451707-4,svl_label,1,"Troglodytidae_Troglodytes_pacificus,9",,
jeantet-dufourq-2023,annomate,zenodo.7828148-v1-452940-1,svl_label,1,"Paridae_Hypocnemis_peruviana,9",,
jeantet-dufourq-2023,annomate,zenodo.7828148-v1-452940-2,svl_label,1,"Paridae_Hypocnemis_peruviana,9",,
jeantet-dufourq-2023,annomate,zenodo.7828148-v1-452940-3,svl_label,1,"Paridae_Hypocnemis_peruviana,8",,
jeantet-dufourq-2023,annomate,zenodo.7828148-v1-452940-4,svl_label,1,"Paridae_Hypocnemis_peruviana,9",,
jeantet-dufourq-2023,annomate,zenodo.7828148-v1-452940-5,svl_label,1,"Paridae_Hypocnemis_peruviana,9",,
jeantet-dufourq-2023,annomate,zenodo.7828148-v1-452940-6,svl_label,1,"Paridae_Hypocnemis_peruviana,9",,
jeantet-dufourq-2023,annomate,zenodo.7828148-v1-459874-1,svl_label,1,"Paridae_Saxicola_rubetra,9",,
jeantet-dufourq-2023,annomate,zenodo.7828148-v1-459874-2,svl_label,1,"Paridae_Saxicola_rubetra,9",,
jeantet-dufourq-2023,annomate,zenodo.7828148-v1-459874-3,svl_label,1,"Paridae_Saxicola_rubetra,9",,
jeantet-dufourq-2023,annomate,zenodo.7828148-v1-459874-4,svl_label,1,"Paridae_Saxicola_rubetra,9",,
jeantet-dufourq-2023,annomate,zenodo.7828148-v1-461129-1,svl_label,1,"Fringillidae_Serinus_serinus,9",,
jeantet-dufourq-2023,annomate,zenodo.7828148-v1-461129-2,svl_label,1,"Fringillidae_Serinus_serinus,9",,
jeantet-dufourq-2023,annomate,zenodo.7828148-v1-461129-3,svl_label,1,"Fringillidae_Serinus_serinus,9",,
jeantet-dufourq-2023,annomate,zenodo.7828148-v1-461129-4,svl_label,1,"Fringillidae_Serinus_serinus,9",,
jeantet-dufourq-2023,annomate,zenodo.7828148-v1-462119-1,svl_label,1,"Troglodytidae_Troglodytes_aedon,9",,
jeantet-dufourq-2023,annomate,zenodo.7828148-v1-462119-2,svl_label,1,"Troglodytidae_Troglodytes_aedon,9",,
jeantet-dufourq-2023,annomate,zenodo.7828148-v1-462119-3,svl_label,1,"Troglodytidae_Troglodytes_aedon,9",,
jeantet-dufourq-2023,annomate,zenodo.7828148-v1-462119-4,svl_label,1,"Troglodytidae_Troglodytes_aedon,9",,
jeantet-dufourq-2023,annomate,zenodo.7828148-v1-462119-5,svl_label,1,"Troglodytidae_Troglodytes_aedon,9",,
jeantet-dufourq-2023,annomate,zenodo.7828148-v1-462119-6,svl_label,1,"Troglodytidae_Troglodytes_aedon,9",,
jeantet-dufourq-2023,annomate,zenodo.7828148-v1-462119-7,svl_label,1,"Troglodytidae_Troglodytes_aedon,9",,
jeantet-dufourq-2023,annomate,zenodo.7828148-v1-462119-8,svl_label,1,"Troglodytidae_Troglodytes_aedon,9",,
jeantet-dufourq-2023,annomate,zenodo.7828148-v1-462464-1,svl_label,1,"Paridae_Saxicola_rubicola,8",,
jeantet-dufourq-2023,annomate,zenodo.7828148-v1-462464-2,svl_label,1,"Paridae_Saxicola_rubicola,8",,
jeantet-dufourq-2023,annomate,zenodo.7828148-v1-462464-3,svl_label,1,"Paridae_Saxicola_rubicola,8",,
jeantet-dufourq-2023,annomate,zenodo.7828148-v1-462464-4,svl_label,1,"Paridae_Saxicola_rubicola,8",,
jeantet-dufourq-2023,annomate,zenodo.7828148-v1-462464-5,svl_label,1,"Paridae_Saxicola_rubicola,8",,
jeantet-dufourq-2023,annomate,zenodo.7828148-v1-462464-6,svl_label,1,"Paridae_Saxicola_rubicola,8",,
jeantet-dufourq-2023,annomate,zenodo.7828148-v1-462464-7,svl_label,1,"Paridae_Saxicola_rubicola,8",,
jeantet-dufourq-2023,annomate,zenodo.7828148-v1-462464-8,svl_label,1,"Paridae_Saxicola_rubicola,8",,
jeantet-dufourq-2023,annomate,zenodo.7828148-v1-462464-9,svl_label,1,"Paridae_Saxicola_rubicola,8",,
jeantet-dufourq-2023,annomate,zenodo.7828148-v1-462464-10,svl_label,1,"Paridae_Saxicola_rubicola,8",,
jeantet-dufourq-2023,annomate,zenodo.7828148-v1-462464-11,svl_label,1,"Paridae_Saxicola_rubicola,8",,
jeantet-dufourq-2023,annomate,zenodo.7828148-v1-462464-12,svl_label,1,"Paridae_Saxicola_rubicola,8",,
jeantet-dufourq-2023,annomate,zenodo.7828148-v1-462464-13,svl_label,1,"Paridae_Saxicola_rubicola,8",,
jeantet-dufourq-2023,annomate,zenodo.7828148-v1-462464-14,svl_label,1,"Paridae_Saxicola_rubicola,8",,
jeantet-dufourq-2023,annomate,zenodo.7828148-v1-462464-15,svl_label,1,"Paridae_Saxicola_rubicola,8",,
jeantet-dufourq-2023,annomate,zenodo.7828148-v1-462464-16,svl_label,1,"Paridae_Saxicola_rubicola,8",,
jeantet-dufourq-2023,annomate,zenodo.7828148-v1-462464-17,svl_label,1,"Paridae_Saxicola_rubicola,8",,
jeantet-dufourq-2023,annomate,zenodo.7828148-v1-462464-18,svl_label,1,"Paridae_Saxicola_rubicola,8",,
jeantet-dufourq-2023,annomate,zenodo.7828148-v1-462464-19,svl_label,1,"Paridae_Saxicola_rubicola,8",,
jeantet-dufourq-2023,annomate,zenodo.7828148-v1-462464-20,svl_label,1,"Paridae_Saxicola_rubicola,8",,
jeantet-dufourq-2023,annomate,zenodo.7828148-v1-462464-21,svl_label,1,"Paridae_Saxicola_rubicola,8",,
jeantet-dufourq-2023,annomate,zenodo.7828148-v1-462464-22,svl_label,1,"Paridae_Saxicola_rubicola,8",,
jeantet-dufourq-2023,annomate,zenodo.7828148-v1-462793-1,svl_label,1,"Paridae_Saxicola_tectes,9",,
jeantet-dufourq-2023,annomate,zenodo.7828148-v1-462793-2,svl_label,1,"Paridae_Saxicola_tectes,9",,
jeantet-dufourq-2023,annomate,zenodo.7828148-v1-462794-1,svl_label,1,"Paridae_Saxicola_tectes,9",,
jeantet-dufourq-2023,annomate,zenodo.7828148-v1-462794-2,svl_label,1,"Paridae_Saxicola_tectes,8",,
jeantet-dufourq-2023,annomate,zenodo.7828148-v1-462794-3,svl_label,1,"Paridae_Saxicola_tectes,8",,
jeantet-dufourq-2023,annomate,zenodo.7828148-v1-462812-1,svl_label,1,"Paridae_Saxicola_tectes,9",,
jeantet-dufourq-2023,annomate,zenodo.7828148-v1-462812-2,svl_label,1,"Paridae_Saxicola_tectes,8",,
jeantet-dufourq-2023,annomate,zenodo.7828148-v1-462812-3,svl_label,1,"Paridae_Saxicola_tectes,8",,
jeantet-dufourq-2023,annomate,zenodo.7828148-v1-462812-4,svl_label,1,"Paridae_Saxicola_tectes,8",,
jeantet-dufourq-2023,annomate,zenodo.7828148-v1-462812-5,svl_label,1,"Paridae_Saxicola_tectes,8",,
jeantet-dufourq-2023,annomate,zenodo.7828148-v1-462812-6,svl_label,1,"Paridae_Saxicola_tectes,8",,
jeantet-dufourq-2023,annomate,zenodo.7828148-v1-462812-7,svl_label,1,"Paridae_Saxicola_tectes,8",,
jeantet-dufourq-2023,annomate,zenodo.7828148-v1-462812-8,svl_label,1,"Paridae_Saxicola_tectes,8",,
jeantet-dufourq-2023,annomate,zenodo.7828148-v1-462812-9,svl_label,1,"Paridae_Saxicola_tectes,8",,
jeantet-dufourq-2023,annomate,zenodo.7828148-v1-462812-10,svl_label,1,"Paridae_Saxicola_tectes,8",,
jeantet-dufourq-2023,annomate,zenodo.7828148-v1-46284-1,svl_label,1,"Paridae_Saxicola_rubicola,8",,
jeantet-dufourq-2023,annomate,zenodo.7828148-v1-46284-2,svl_label,1,"Paridae_Saxicola_rubicola,8",,
jeantet-dufourq-2023,annomate,zenodo.7828148-v1-46284-3,svl_label,1,"Paridae_Saxicola_rubicola,8",,
jeantet-dufourq-2023,annomate,zenodo.7828148-v1-46284-4,svl_label,1,"Paridae_Saxicola_rubicola,8",,
jeantet-dufourq-2023,annomate,zenodo.7828148-v1-46284-5,svl_label,1,"Paridae_Saxicola_rubicola,8",,
jeantet-dufourq-2023,annomate,zenodo.7828148-v1-462880-1,svl_label,1,"Paridae_Saxicola_tectes,9",,
jeantet-dufourq-2023,annomate,zenodo.7828148-v1-462880-2,svl_label,1,"Paridae_Saxicola_tectes,9",,
jeantet-dufourq-2023,annomate,zenodo.7828148-v1-462880-3,svl_label,1,"Paridae_Saxicola_tectes,9",,
jeantet-dufourq-2023,annomate,zenodo.7828148-v1-462880-4,svl_label,1,"Paridae_Saxicola_tectes,9",,
jeantet-dufourq-2023,annomate,zenodo.7828148-v1-462880-5,svl_label,1,"Paridae_Saxicola_tectes,9",,
jeantet-dufourq-2023,annomate,zenodo.7828148-v1-462880-6,svl_label,1,"Paridae_Saxicola_tectes,9",,
jeantet-dufourq-2023,annomate,zenodo.7828148-v1-462893-1,svl_label,1,"Paridae_Saxicola_rubicola,8",,
jeantet-dufourq-2023,annomate,zenodo.7828148-v1-462893-2,svl_label,1,"Paridae_Saxicola_rubicola,8",,
jeantet-dufourq-2023,annomate,zenodo.7828148-v1-462893-3,svl_label,1,"Paridae_Saxicola_rubicola,8",,
jeantet-dufourq-2023,annomate,zenodo.7828148-v1-462893-4,svl_label,1,"Paridae_Saxicola_rubicola,8",,
jeantet-dufourq-2023,annomate,zenodo.7828148-v1-462893-5,svl_label,1,"Paridae_Saxicola_rubicola,8",,
jeantet-dufourq-2023,annomate,zenodo.7828148-v1-462893-6,svl_label,1,"Paridae_Saxicola_rubicola,8",,
jeantet-dufourq-2023,annomate,zenodo.7828148-v1-462893-7,svl_label,1,"Paridae_Saxicola_rubicola,8",,
jeantet-dufourq-2023,annomate,zenodo.7828148-v1-462893-8,svl_label,1,"Paridae_Saxicola_rubicola,8",,
jeantet-dufourq-2023,annomate,zenodo.7828148-v1-462893-9,svl_label,1,"Paridae_Saxicola_rubicola,8",,
jeantet-dufourq-2023,annomate,zenodo.7828148-v1-463682-1,svl_label,1,"Paridae_Hypocnemis_cantator,9",,
jeantet-dufourq-2023,annomate,zenodo.7828148-v1-463682-2,svl_label,1,"Paridae_Hypocnemis_cantator,9",,
jeantet-dufourq-2023,annomate,zenodo.7828148-v1-463682-3,svl_label,1,"Paridae_Hypocnemis_cantator,9",,
jeantet-dufourq-2023,annomate,zenodo.7828148-v1-463682-4,svl_label,1,"Paridae_Hypocnemis_cantator,9",,
jeantet-dufourq-2023,annomate,zenodo.7828148-v1-463682-5,svl_label,1,"Paridae_Hypocnemis_cantator,9",,
jeantet-dufourq-2023,annomate,zenodo.7828148-v1-464892-1,svl_label,1,"Paridae_Saxicola_rubicola,9",,
jeantet-dufourq-2023,annomate,zenodo.7828148-v1-464892-2,svl_label,1,"Paridae_Saxicola_rubicola,9",,
jeantet-dufourq-2023,annomate,zenodo.7828148-v1-464892-3,svl_label,1,"Paridae_Saxicola_rubicola,9",,
jeantet-dufourq-2023,annomate,zenodo.7828148-v1-464892-4,svl_label,1,"Paridae_Saxicola_rubicola,9",,
jeantet-dufourq-2023,annomate,zenodo.7828148-v1-464892-5,svl_label,1,"Paridae_Saxicola_rubicola,9",,
jeantet-dufourq-2023,annomate,zenodo.7828148-v1-464998-1,svl_label,1,"Troglodytidae_Troglodytes_pacificus,8",,
jeantet-dufourq-2023,annomate,zenodo.7828148-v1-464998-2,svl_label,1,"Troglodytidae_Troglodytes_pacificus,8",,
jeantet-dufourq-2023,annomate,zenodo.7828148-v1-464998-3,svl_label,1,"Troglodytidae_Troglodytes_pacificus,8",,
jeantet-dufourq-2023,annomate,zenodo.7828148-v1-465034-1,svl_label,1,"Troglodytidae_Troglodytes_pacificus,9",,
jeantet-dufourq-2023,annomate,zenodo.7828148-v1-465034-2,svl_label,1,"Troglodytidae_Troglodytes_pacificus,9",,
jeantet-dufourq-2023,annomate,zenodo.7828148-v1-465034-3,svl_label,1,"Troglodytidae_Troglodytes_pacificus,9",,
jeantet-dufourq-2023,annomate,zenodo.7828148-v1-465034-4,svl_label,1,"Troglodytidae_Troglodytes_pacificus,9",,
jeantet-dufourq-2023,annomate,zenodo.7828148-v1-465034-5,svl_label,1,"Troglodytidae_Troglodytes_pacificus,9",,
jeantet-dufourq-2023,annomate,zenodo.7828148-v1-465034-6,svl_label,1,"Troglodytidae_Troglodytes_pacificus,9",,
jeantet-dufourq-2023,annomate,zenodo.7828148-v1-465034-7,svl_label,1,"Troglodytidae_Troglodytes_pacificus,9",,
jeantet-dufourq-2023,annomate,zenodo.7828148-v1-465034-8,svl_label,1,"Troglodytidae_Troglodytes_pacificus,9",,
jeantet-dufourq-2023,annomate,zenodo.7828148-v1-465034-9,svl_label,1,"Troglodytidae_Troglodytes_pacificus,9",,
jeantet-dufourq-2023,annomate,zenodo.7828148-v1-465034-10,svl_label,1,"Troglodytidae_Troglodytes_pacificus,9",,
jeantet-dufourq-2023,annomate,zenodo.7828148-v1-465034-11,svl_label,1,"Troglodytidae_Troglodytes_pacificus,9",,
jeantet-dufourq-2023,annomate,zenodo.7828148-v1-465034-12,svl_label,1,"Troglodytidae_Troglodytes_pacificus,9",,
jeantet-dufourq-2023,annomate,zenodo.7828148-v1-465034-13,svl_label,1,"Troglodytidae_Troglodytes_pacificus,9",,
jeantet-dufourq-2023,annomate,zenodo.7828148-v1-465034-14,svl_label,1,"Troglodytidae_Troglodytes_pacificus,9",,
jeantet-dufourq-2023,annomate,zenodo.7828148-v1-465034-15,svl_label,1,"Troglodytidae_Troglodytes_pacificus,9",,
jeantet-dufourq-2023,annomate,zenodo.7828148-v1-465034-16,svl_label,1,"Troglodytidae_Troglodytes_pacificus,9",,
jeantet-dufourq-2023,annomate,zenodo.7828148-v1-465034-17,svl_label,1,"Troglodytidae_Troglodytes_pacificus,9",,
jeantet-dufourq-2023,annomate,zenodo.7828148-v1-465034-18,svl_label,1,"Troglodytidae_Troglodytes_pacificus,9",,
jeantet-dufourq-2023,annomate,zenodo.7828148-v1-465034-19,svl_label,1,"Troglodytidae_Troglodytes_pacificus,9",,
jeantet-dufourq-2023,annomate,zenodo.7828148-v1-465034-20,svl_label,1,"Troglodytidae_Troglodytes_pacificus,9",,
jeantet-dufourq-2023,annomate,zenodo.7828148-v1-465034-21,svl_label,1,"Troglodytidae_Troglodytes_pacificus,9",,
jeantet-dufourq-2023,annomate,zenodo.7828148-v1-465034-22,svl_label,1,"Troglodytidae_Troglodytes_pacificus,9",,
jeantet-dufourq-2023,annomate,zenodo.7828148-v1-465036-1,svl_label,1,"Troglodytidae_Troglodytes_pacificus,9",,
jeantet-dufourq-2023,annomate,zenodo.7828148-v1-465036-2,svl_label,1,"Troglodytidae_Troglodytes_pacificus,9",,
jeantet-dufourq-2023,annomate,zenodo.7828148-v1-465036-3,svl_label,1,"Troglodytidae_Troglodytes_pacificus,9",,
jeantet-dufourq-2023,annomate,zenodo.7828148-v1-465036-4,svl_label,1,"Troglodytidae_Troglodytes_pacificus,9",,
jeantet-dufourq-2023,annomate,zenodo.7828148-v1-465036-5,svl_label,1,"Troglodytidae_Troglodytes_pacificus,9",,
jeantet-dufourq-2023,annomate,zenodo.7828148-v1-465036-6,svl_label,1,"Troglodytidae_Troglodytes_pacificus,9",,
jeantet-dufourq-2023,annomate,zenodo.7828148-v1-465036-7,svl_label,1,"Troglodytidae_Troglodytes_pacificus,9",,
jeantet-dufourq-2023,annomate,zenodo.7828148-v1-465036-8,svl_label,1,"Troglodytidae_Troglodytes_pacificus,9",,
jeantet-dufourq-2023,annomate,zenodo.7828148-v1-465036-9,svl_label,1,"Troglodytidae_Troglodytes_pacificus,9",,
jeantet-dufourq-2023,annomate,zenodo.7828148-v1-465036-10,svl_label,1,"Troglodytidae_Troglodytes_pacificus,9",,
jeantet-dufourq-2023,annomate,zenodo.7828148-v1-465036-11,svl_label,1,"Troglodytidae_Troglodytes_pacificus,9",,
jeantet-dufourq-2023,annomate,zenodo.7828148-v1-465036-12,svl_label,1,"Troglodytidae_Troglodytes_pacificus,9",,
jeantet-dufourq-2023,annomate,zenodo.7828148-v1-465036-13,svl_label,1,"Troglodytidae_Troglodytes_pacificus,9",,
jeantet-dufourq-2023,annomate,zenodo.7828148-v1-465277-1,svl_label,1,"Fringillidae_Serinus_serinus,9",,
jeantet-dufourq-2023,annomate,zenodo.7828148-v1-465277-2,svl_label,1,"Fringillidae_Serinus_serinus,9",,
jeantet-dufourq-2023,annomate,zenodo.7828148-v1-465277-3,svl_label,1,"Fringillidae_Serinus_serinus,9",,
jeantet-dufourq-2023,annomate,zenodo.7828148-v1-465277-4,svl_label,1,"Fringillidae_Serinus_serinus,9",,
jeantet-dufourq-2023,annomate,zenodo.7828148-v1-465761-1,svl_label,1,"Troglodytidae_Troglodytes_aedon,9",,
jeantet-dufourq-2023,annomate,zenodo.7828148-v1-465761-2,svl_label,1,"Troglodytidae_Troglodytes_aedon,9",,
jeantet-dufourq-2023,annomate,zenodo.7828148-v1-465761-3,svl_label,1,"Troglodytidae_Troglodytes_aedon,9",,
jeantet-dufourq-2023,annomate,zenodo.7828148-v1-465761-4,svl_label,1,"Troglodytidae_Troglodytes_aedon,9",,
jeantet-dufourq-2023,annomate,zenodo.7828148-v1-465761-5,svl_label,1,"Troglodytidae_Troglodytes_aedon,9",,
jeantet-dufourq-2023,annomate,zenodo.7828148-v1-465761-6,svl_label,1,"Troglodytidae_Troglodytes_aedon,9",,
jeantet-dufourq-2023,annomate,zenodo.7828148-v1-465761-7,svl_label,1,"Troglodytidae_Troglodytes_aedon,9",,
jeantet-dufourq-2023,annomate,zenodo.7828148-v1-465878-1,svl_label,1,"Paridae_Saxicola_rubicola,9",,
jeantet-dufourq-2023,annomate,zenodo.7828148-v1-465878-2,svl_label,1,"Paridae_Saxicola_rubicola,9",,
jeantet-dufourq-2023,annomate,zenodo.7828148-v1-465878-3,svl_label,1,"Paridae_Saxicola_rubicola,9",,
jeantet-dufourq-2023,annomate,zenodo.7828148-v1-465878-4,svl_label,1,"Paridae_Saxicola_rubicola,9",,
jeantet-dufourq-2023,annomate,zenodo.7828148-v1-465878-5,svl_label,1,"Paridae_Saxicola_rubicola,9",,
jeantet-dufourq-2023,annomate,zenodo.7828148-v1-467384-1,svl_label,1,"Turdidae_Catharus_fuscescens,8",,
jeantet-dufourq-2023,annomate,zenodo.7828148-v1-467384-2,svl_label,1,"Turdidae_Catharus_fuscescens,8",,
jeantet-dufourq-2023,annomate,zenodo.7828148-v1-467384-3,svl_label,1,"Turdidae_Catharus_fuscescens,8",,
jeantet-dufourq-2023,annomate,zenodo.7828148-v1-467384-4,svl_label,1,"Turdidae_Catharus_fuscescens,8",,
jeantet-dufourq-2023,annomate,zenodo.7828148-v1-467384-5,svl_label,1,"Turdidae_Catharus_fuscescens,8",,
jeantet-dufourq-2023,annomate,zenodo.7828148-v1-467384-6,svl_label,1,"Turdidae_Catharus_fuscescens,8",,
jeantet-dufourq-2023,annomate,zenodo.7828148-v1-467384-7,svl_label,1,"Turdidae_Catharus_fuscescens,8",,
jeantet-dufourq-2023,annomate,zenodo.7828148-v1-467384-8,svl_label,1,"Turdidae_Catharus_fuscescens,8",,
jeantet-dufourq-2023,annomate,zenodo.7828148-v1-467384-9,svl_label,1,"Turdidae_Catharus_fuscescens,8",,
jeantet-dufourq-2023,annomate,zenodo.7828148-v1-467384-10,svl_label,1,"Turdidae_Catharus_fuscescens,8",,
jeantet-dufourq-2023,annomate,zenodo.7828148-v1-467535-1,svl_label,1,"Paridae_Saxicola_rubicola,9",,
jeantet-dufourq-2023,annomate,zenodo.7828148-v1-467535-2,svl_label,1,"Paridae_Saxicola_rubicola,9",,
jeantet-dufourq-2023,annomate,zenodo.7828148-v1-467535-3,svl_label,1,"Paridae_Saxicola_rubicola,9",,
jeantet-dufourq-2023,annomate,zenodo.7828148-v1-467535-4,svl_label,1,"Paridae_Saxicola_rubicola,9",,
jeantet-dufourq-2023,annomate,zenodo.7828148-v1-467535-5,svl_label,1,"Paridae_Saxicola_rubicola,9",,
jeantet-dufourq-2023,annomate,zenodo.7828148-v1-467535-6,svl_label,1,"Paridae_Saxicola_rubicola,9",,
jeantet-dufourq-2023,annomate,zenodo.7828148-v1-467535-7,svl_label,1,"Paridae_Saxicola_rubicola,9",,
jeantet-dufourq-2023,annomate,zenodo.7828148-v1-467535-8,svl_label,1,"Paridae_Saxicola_rubicola,9",,
jeantet-dufourq-2023,annomate,zenodo.7828148-v1-467692-1,svl_label,1,"Troglodytidae_Troglodytes_hiemalis,9",,
jeantet-dufourq-2023,annomate,zenodo.7828148-v1-467692-2,svl_label,1,"Troglodytidae_Troglodytes_hiemalis,9",,
jeantet-dufourq-2023,annomate,zenodo.7828148-v1-467692-3,svl_label,1,"Troglodytidae_Troglodytes_hiemalis,9",,
jeantet-dufourq-2023,annomate,zenodo.7828148-v1-467692-4,svl_label,1,"Troglodytidae_Troglodytes_hiemalis,9",,
jeantet-dufourq-2023,annomate,zenodo.7828148-v1-467692-5,svl_label,1,"Troglodytidae_Troglodytes_hiemalis,9",,
jeantet-dufourq-2023,annomate,zenodo.7828148-v1-467692-6,svl_label,1,"Troglodytidae_Troglodytes_hiemalis,9",,
jeantet-dufourq-2023,annomate,zenodo.7828148-v1-467692-7,svl_label,1,"Troglodytidae_Troglodytes_hiemalis,9",,
jeantet-dufourq-2023,annomate,zenodo.7828148-v1-467692-8,svl_label,1,"Troglodytidae_Troglodytes_hiemalis,9",,
jeantet-dufourq-2023,annomate,zenodo.7828148-v1-467692-9,svl_label,1,"Troglodytidae_Troglodytes_hiemalis,9",,
jeantet-dufourq-2023,annomate,zenodo.7828148-v1-467692-10,svl_label,1,"Troglodytidae_Troglodytes_hiemalis,9",,
jeantet-dufourq-2023,annomate,zenodo.7828148-v1-467692-11,svl_label,1,"Troglodytidae_Troglodytes_hiemalis,9",,
jeantet-dufourq-2023,annomate,zenodo.7828148-v1-467692-12,svl_label,1,"Troglodytidae_Troglodytes_hiemalis,9",,
jeantet-dufourq-2023,annomate,zenodo.7828148-v1-467938-1,svl_label,1,"Fringillidae_Serinus_serinus, 10",,
jeantet-dufourq-2023,annomate,zenodo.7828148-v1-467938-2,svl_label,1,"Fringillidae_Serinus_serinus, 10",,
jeantet-dufourq-2023,annomate,zenodo.7828148-v1-467938-3,svl_label,1,"Fringillidae_Serinus_serinus, 10",,
jeantet-dufourq-2023,annomate,zenodo.7828148-v1-467938-4,svl_label,1,"Fringillidae_Serinus_serinus, 10",,
jeantet-dufourq-2023,annomate,zenodo.7828148-v1-467938-5,svl_label,1,"Fringillidae_Serinus_serinus, 10",,
jeantet-dufourq-2023,annomate,zenodo.7828148-v1-467938-6,svl_label,1,"Fringillidae_Serinus_serinus, 10",,
jeantet-dufourq-2023,annomate,zenodo.7828148-v1-467938-7,svl_label,1,"Fringillidae_Serinus_serinus, 10",,
jeantet-dufourq-2023,annomate,zenodo.7828148-v1-468937-1,svl_label,1,"Paridae_Hypocnemis_cantator,9",,
jeantet-dufourq-2023,annomate,zenodo.7828148-v1-468937-2,svl_label,1,"Paridae_Hypocnemis_cantator,9",,
jeantet-dufourq-2023,annomate,zenodo.7828148-v1-468937-3,svl_label,1,"Paridae_Hypocnemis_cantator,9",,
jeantet-dufourq-2023,annomate,zenodo.7828148-v1-468937-4,svl_label,1,"Paridae_Hypocnemis_cantator,9",,
jeantet-dufourq-2023,annomate,zenodo.7828148-v1-468937-5,svl_label,1,"Paridae_Hypocnemis_cantator,9",,
jeantet-dufourq-2023,annomate,zenodo.7828148-v1-469600-1,svl_label,1,"Turdidae_Catharus_bicknelli,9",,
jeantet-dufourq-2023,annomate,zenodo.7828148-v1-469600-2,svl_label,1,"Turdidae_Catharus_bicknelli,9",,
jeantet-dufourq-2023,annomate,zenodo.7828148-v1-469600-3,svl_label,1,"Turdidae_Catharus_bicknelli,9",,
jeantet-dufourq-2023,annomate,zenodo.7828148-v1-469600-4,svl_label,1,"Turdidae_Catharus_bicknelli,9",,
jeantet-dufourq-2023,annomate,zenodo.7828148-v1-469600-5,svl_label,1,"Turdidae_Catharus_bicknelli,9",,
jeantet-dufourq-2023,annomate,zenodo.7828148-v1-469600-6,svl_label,1,"Turdidae_Catharus_bicknelli,9",,
jeantet-dufourq-2023,annomate,zenodo.7828148-v1-469701-1,svl_label,1,"Paridae_Saxicola_rubicola,9",,
jeantet-dufourq-2023,annomate,zenodo.7828148-v1-469701-2,svl_label,1,"Paridae_Saxicola_rubicola,9",,
jeantet-dufourq-2023,annomate,zenodo.7828148-v1-469701-3,svl_label,1,"Paridae_Saxicola_rubicola,9",,
jeantet-dufourq-2023,annomate,zenodo.7828148-v1-469701-4,svl_label,1,"Paridae_Saxicola_rubicola,9",,
jeantet-dufourq-2023,annomate,zenodo.7828148-v1-469701-5,svl_label,1,"Paridae_Saxicola_rubicola,9",,
jeantet-dufourq-2023,annomate,zenodo.7828148-v1-469701-6,svl_label,1,"Paridae_Saxicola_rubicola,9",,
jeantet-dufourq-2023,annomate,zenodo.7828148-v1-469701-7,svl_label,1,"Paridae_Saxicola_rubicola,9",,
jeantet-dufourq-2023,annomate,zenodo.7828148-v1-469701-8,svl_label,1,"Paridae_Saxicola_rubicola,9",,
jeantet-dufourq-2023,annomate,zenodo.7828148-v1-469701-9,svl_label,1,"Paridae_Saxicola_rubicola,9",,
jeantet-dufourq-2023,annomate,zenodo.7828148-v1-469701-10,svl_label,1,"Paridae_Saxicola_rubicola,9",,
jeantet-dufourq-2023,annomate,zenodo.7828148-v1-470901-1,svl_label,1,"Fringillidae_Serinus_serinus,9",,
jeantet-dufourq-2023,annomate,zenodo.7828148-v1-470901-2,svl_label,1,"Fringillidae_Serinus_serinus,9",,
jeantet-dufourq-2023,annomate,zenodo.7828148-v1-470901-3,svl_label,1,"Fringillidae_Serinus_serinus,9",,
jeantet-dufourq-2023,annomate,zenodo.7828148-v1-470901-4,svl_label,1,"Fringillidae_Serinus_serinus,9",,
jeantet-dufourq-2023,annomate,zenodo.7828148-v1-470901-5,svl_label,1,"Fringillidae_Serinus_serinus,9",,
jeantet-dufourq-2023,annomate,zenodo.7828148-v1-470901-6,svl_label,1,"Fringillidae_Serinus_serinus,9",,
jeantet-dufourq-2023,annomate,zenodo.7828148-v1-470901-7,svl_label,1,"Fringillidae_Serinus_serinus,9",,
jeantet-dufourq-2023,annomate,zenodo.7828148-v1-470901-8,svl_label,1,"Fringillidae_Serinus_serinus,9",,
jeantet-dufourq-2023,annomate,zenodo.7828148-v1-470901-9,svl_label,1,"Fringillidae_Serinus_serinus,9",,
jeantet-dufourq-2023,annomate,zenodo.7828148-v1-470901-10,svl_label,1,"Fringillidae_Serinus_serinus,9",,
jeantet-dufourq-2023,annomate,zenodo.7828148-v1-471453-1,svl_label,1,"Paridae_Saxicola_tectes,8",,
jeantet-dufourq-2023,annomate,zenodo.7828148-v1-471453-2,svl_label,1,"Paridae_Saxicola_tectes,8",,
jeantet-dufourq-2023,annomate,zenodo.7828148-v1-471453-3,svl_label,1,"Paridae_Saxicola_tectes,8",,
jeantet-dufourq-2023,annomate,zenodo.7828148-v1-471453-4,svl_label,1,"Paridae_Saxicola_tectes,8",,
jeantet-dufourq-2023,annomate,zenodo.7828148-v1-471453-5,svl_label,1,"Paridae_Saxicola_tectes,8",,
jeantet-dufourq-2023,annomate,zenodo.7828148-v1-471453-6,svl_label,1,"Paridae_Saxicola_tectes,8",,
jeantet-dufourq-2023,annomate,zenodo.7828148-v1-471453-7,svl_label,1,"Paridae_Saxicola_tectes,8",,
jeantet-dufourq-2023,annomate,zenodo.7828148-v1-472178-1,svl_label,1,"Paridae_Saxicola_tectes,9",,
jeantet-dufourq-2023,annomate,zenodo.7828148-v1-472178-2,svl_label,1,"Paridae_Saxicola_tectes,9",,
jeantet-dufourq-2023,annomate,zenodo.7828148-v1-472178-3,svl_label,1,"Paridae_Saxicola_tectes,9",,
jeantet-dufourq-2023,annomate,zenodo.7828148-v1-474042-1,svl_label,1,"Paridae_Saxicola_rubicola,9",,
jeantet-dufourq-2023,annomate,zenodo.7828148-v1-474042-2,svl_label,1,"Paridae_Saxicola_rubicola,9",,
jeantet-dufourq-2023,annomate,zenodo.7828148-v1-474224-1,svl_label,1,"Fringillidae_Serinus_serinus,8",,
jeantet-dufourq-2023,annomate,zenodo.7828148-v1-474224-2,svl_label,1,"Fringillidae_Serinus_serinus,8",,
jeantet-dufourq-2023,annomate,zenodo.7828148-v1-474224-3,svl_label,1,"Fringillidae_Serinus_serinus,8",,
jeantet-dufourq-2023,annomate,zenodo.7828148-v1-47442-1,svl_label,1,"Paridae_Hypocnemis_hypoxantha,9",,
jeantet-dufourq-2023,annomate,zenodo.7828148-v1-47442-2,svl_label,1,"Paridae_Hypocnemis_hypoxantha,9",,
jeantet-dufourq-2023,annomate,zenodo.7828148-v1-47442-3,svl_label,1,"Paridae_Hypocnemis_hypoxantha,9",,
jeantet-dufourq-2023,annomate,zenodo.7828148-v1-47442-4,svl_label,1,"Paridae_Hypocnemis_hypoxantha,9",,
jeantet-dufourq-2023,annomate,zenodo.7828148-v1-47442-5,svl_label,1,"Paridae_Hypocnemis_hypoxantha,9",,
jeantet-dufourq-2023,annomate,zenodo.7828148-v1-47442-6,svl_label,1,"Paridae_Hypocnemis_hypoxantha,9",,
jeantet-dufourq-2023,annomate,zenodo.7828148-v1-47442-7,svl_label,1,"Paridae_Hypocnemis_hypoxantha,9",,
jeantet-dufourq-2023,annomate,zenodo.7828148-v1-47442-8,svl_label,1,"Paridae_Hypocnemis_hypoxantha,9",,
jeantet-dufourq-2023,annomate,zenodo.7828148-v1-47442-9,svl_label,1,"Paridae_Hypocnemis_hypoxantha,9",,
jeantet-dufourq-2023,annomate,zenodo.7828148-v1-474972-1,svl_label,1,"Paridae_Hypocnemis_hypoxantha,9",,
jeantet-dufourq-2023,annomate,zenodo.7828148-v1-474972-2,svl_label,1,"Paridae_Hypocnemis_hypoxantha,9",,
jeantet-dufourq-2023,annomate,zenodo.7828148-v1-474972-3,svl_label,1,"Paridae_Hypocnemis_hypoxantha,9",,
jeantet-dufourq-2023,annomate,zenodo.7828148-v1-474972-4,svl_label,1,"Paridae_Hypocnemis_hypoxantha,9",,
jeantet-dufourq-2023,annomate,zenodo.7828148-v1-474972-5,svl_label,1,"Paridae_Hypocnemis_hypoxantha,9",,
jeantet-dufourq-2023,annomate,zenodo.7828148-v1-476881-1,svl_label,1,"Paridae_Saxicola_rubetra,9",,
jeantet-dufourq-2023,annomate,zenodo.7828148-v1-476881-2,svl_label,1,"Paridae_Saxicola_rubetra,9",,
jeantet-dufourq-2023,annomate,zenodo.7828148-v1-476881-3,svl_label,1,"Paridae_Saxicola_rubetra,9",,
jeantet-dufourq-2023,annomate,zenodo.7828148-v1-476881-4,svl_label,1,"Paridae_Saxicola_rubetra,9",,
jeantet-dufourq-2023,annomate,zenodo.7828148-v1-476881-5,svl_label,1,"Paridae_Saxicola_rubetra,9",,
jeantet-dufourq-2023,annomate,zenodo.7828148-v1-476881-6,svl_label,1,"Paridae_Saxicola_rubetra,9",,
jeantet-dufourq-2023,annomate,zenodo.7828148-v1-476881-7,svl_label,1,"Paridae_Saxicola_rubetra,9",,
jeantet-dufourq-2023,annomate,zenodo.7828148-v1-476881-8,svl_label,1,"Paridae_Saxicola_rubetra,9",,
jeantet-dufourq-2023,annomate,zenodo.7828148-v1-476881-9,svl_label,1,"Paridae_Saxicola_rubetra,9",,
jeantet-dufourq-2023,annomate,zenodo.7828148-v1-476881-10,svl_label,1,"Paridae_Saxicola_rubetra,9",,
jeantet-dufourq-2023,annomate,zenodo.7828148-v1-476881-11,svl_label,1,"Paridae_Saxicola_rubetra,9",,
jeantet-dufourq-2023,annomate,zenodo.7828148-v1-476881-12,svl_label,1,"Paridae_Saxicola_rubetra,9",,
jeantet-dufourq-2023,annomate,zenodo.7828148-v1-476881-13,svl_label,1,"Paridae_Saxicola_rubetra,9",,
jeantet-dufourq-2023,annomate,zenodo.7828148-v1-476881-14,svl_label,1,"Paridae_Saxicola_rubetra,9",,
jeantet-dufourq-2023,annomate,zenodo.7828148-v1-476881-15,svl_label,1,"Paridae_Saxicola_rubetra,9",,
jeantet-dufourq-2023,annomate,zenodo.7828148-v1-476881-16,svl_label,1,"Paridae_Saxicola_rubetra,9",,
jeantet-dufourq-2023,annomate,zenodo.7828148-v1-476881-17,svl_label,1,"Paridae_Saxicola_rubetra,9",,
jeantet-dufourq-2023,annomate,zenodo.7828148-v1-476881-18,svl_label,1,"Paridae_Saxicola_rubetra,9",,
jeantet-dufourq-2023,annomate,zenodo.7828148-v1-476881-19,svl_label,1,"Paridae_Saxicola_rubetra,9",,
jeantet-dufourq-2023,annomate,zenodo.7828148-v1-476881-20,svl_label,1,"Paridae_Saxicola_rubetra,9",,
jeantet-dufourq-2023,annomate,zenodo.7828148-v1-476881-21,svl_label,1,"Paridae_Saxicola_rubetra,9",,
jeantet-dufourq-2023,annomate,zenodo.7828148-v1-476881-22,svl_label,1,"Paridae_Saxicola_rubetra,9",,
jeantet-dufourq-2023,annomate,zenodo.7828148-v1-476881-23,svl_label,1,"Paridae_Saxicola_rubetra,9",,
jeantet-dufourq-2023,annomate,zenodo.7828148-v1-476881-24,svl_label,1,"Paridae_Saxicola_rubetra,9",,
jeantet-dufourq-2023,annomate,zenodo.7828148-v1-476881-25,svl_label,1,"Paridae_Saxicola_rubetra,9",,
jeantet-dufourq-2023,annomate,zenodo.7828148-v1-476881-26,svl_label,1,"Paridae_Saxicola_rubetra,9",,
jeantet-dufourq-2023,annomate,zenodo.7828148-v1-476881-27,svl_label,1,"Paridae_Saxicola_rubetra,9",,
jeantet-dufourq-2023,annomate,zenodo.7828148-v1-476881-28,svl_label,1,"Paridae_Saxicola_rubetra,9",,
jeantet-dufourq-2023,annomate,zenodo.7828148-v1-476881-29,svl_label,1,"Paridae_Saxicola_rubetra,9",,
jeantet-dufourq-2023,annomate,zenodo.7828148-v1-476881-30,svl_label,1,"Paridae_Saxicola_rubetra,9",,
jeantet-dufourq-2023,annomate,zenodo.7828148-v1-476881-31,svl_label,1,"Paridae_Saxicola_rubetra,9",,
jeantet-dufourq-2023,annomate,zenodo.7828148-v1-476881-32,svl_label,1,"Paridae_Saxicola_rubetra,9",,
jeantet-dufourq-2023,annomate,zenodo.7828148-v1-476881-33,svl_label,1,"Paridae_Saxicola_rubetra,9",,
jeantet-dufourq-2023,annomate,zenodo.7828148-v1-476881-34,svl_label,1,"Paridae_Saxicola_rubetra,9",,
jeantet-dufourq-2023,annomate,zenodo.7828148-v1-476881-35,svl_label,1,"Paridae_Saxicola_rubetra,9",,
jeantet-dufourq-2023,annomate,zenodo.7828148-v1-476882-1,svl_label,1,"Paridae_Saxicola_rubetra,8",,
jeantet-dufourq-2023,annomate,zenodo.7828148-v1-476882-2,svl_label,1,"Paridae_Saxicola_rubetra,9",,
jeantet-dufourq-2023,annomate,zenodo.7828148-v1-476882-3,svl_label,1,"Paridae_Saxicola_rubetra,9",,
jeantet-dufourq-2023,annomate,zenodo.7828148-v1-476882-4,svl_label,1,"Paridae_Saxicola_rubetra,9",,
jeantet-dufourq-2023,annomate,zenodo.7828148-v1-476882-5,svl_label,1,"Paridae_Saxicola_rubetra,9",,
jeantet-dufourq-2023,annomate,zenodo.7828148-v1-476882-6,svl_label,1,"Paridae_Saxicola_rubetra,9",,
jeantet-dufourq-2023,annomate,zenodo.7828148-v1-476882-7,svl_label,1,"Paridae_Saxicola_rubetra,9",,
jeantet-dufourq-2023,annomate,zenodo.7828148-v1-476882-8,svl_label,1,"Paridae_Saxicola_rubetra,9",,
jeantet-dufourq-2023,annomate,zenodo.7828148-v1-476882-9,svl_label,1,"Paridae_Saxicola_rubetra,9",,
jeantet-dufourq-2023,annomate,zenodo.7828148-v1-476882-10,svl_label,1,"Paridae_Saxicola_rubetra,9",,
jeantet-dufourq-2023,annomate,zenodo.7828148-v1-480250-1,svl_label,1,"Paridae_Saxicola_rubicola,8",,
jeantet-dufourq-2023,annomate,zenodo.7828148-v1-480250-2,svl_label,1,"Paridae_Saxicola_rubicola,8",,
jeantet-dufourq-2023,annomate,zenodo.7828148-v1-480250-3,svl_label,1,"Paridae_Saxicola_rubicola,8",,
jeantet-dufourq-2023,annomate,zenodo.7828148-v1-480250-4,svl_label,1,"Paridae_Saxicola_rubicola,8",,
jeantet-dufourq-2023,annomate,zenodo.7828148-v1-480250-5,svl_label,1,"Paridae_Saxicola_rubicola,8",,
jeantet-dufourq-2023,annomate,zenodo.7828148-v1-480250-6,svl_label,1,"Paridae_Saxicola_rubicola,8",,
jeantet-dufourq-2023,annomate,zenodo.7828148-v1-480250-7,svl_label,1,"Paridae_Saxicola_rubicola,8",,
jeantet-dufourq-2023,annomate,zenodo.7828148-v1-480250-8,svl_label,1,"Paridae_Saxicola_rubicola,8",,
jeantet-dufourq-2023,annomate,zenodo.7828148-v1-480250-9,svl_label,1,"Paridae_Saxicola_rubicola,8",,
jeantet-dufourq-2023,annomate,zenodo.7828148-v1-480250-10,svl_label,1,"Paridae_Saxicola_rubicola,8",,
jeantet-dufourq-2023,annomate,zenodo.7828148-v1-480250-11,svl_label,1,"Paridae_Saxicola_rubicola,8",,
jeantet-dufourq-2023,annomate,zenodo.7828148-v1-480250-12,svl_label,1,"Paridae_Saxicola_rubicola,8",,
jeantet-dufourq-2023,annomate,zenodo.7828148-v1-480250-13,svl_label,1,"Paridae_Saxicola_rubicola,8",,
jeantet-dufourq-2023,annomate,zenodo.7828148-v1-480250-14,svl_label,1,"Paridae_Saxicola_rubicola,8",,
jeantet-dufourq-2023,annomate,zenodo.7828148-v1-481613-1,svl_label,1,"Turdidae_Catharus_fuscater,9",,
jeantet-dufourq-2023,annomate,zenodo.7828148-v1-481613-2,svl_label,1,"Turdidae_Catharus_fuscater,9",,
jeantet-dufourq-2023,annomate,zenodo.7828148-v1-481613-3,svl_label,1,"Turdidae_Catharus_fuscater,9",,
jeantet-dufourq-2023,annomate,zenodo.7828148-v1-481613-4,svl_label,1,"Turdidae_Catharus_fuscater,9",,
jeantet-dufourq-2023,annomate,zenodo.7828148-v1-481613-5,svl_label,1,"Turdidae_Catharus_fuscater,9",,
jeantet-dufourq-2023,annomate,zenodo.7828148-v1-481613-6,svl_label,1,"Turdidae_Catharus_fuscater,9",,
jeantet-dufourq-2023,annomate,zenodo.7828148-v1-481613-7,svl_label,1,"Turdidae_Catharus_fuscater,9",,
jeantet-dufourq-2023,annomate,zenodo.7828148-v1-481613-8,svl_label,1,"Turdidae_Catharus_fuscater,9",,
jeantet-dufourq-2023,annomate,zenodo.7828148-v1-481613-9,svl_label,1,"Turdidae_Catharus_fuscater,9",,
jeantet-dufourq-2023,annomate,zenodo.7828148-v1-481856-1,svl_label,1,"Troglodytidae_Troglodytes_pacificus,9",,
jeantet-dufourq-2023,annomate,zenodo.7828148-v1-482638-1,svl_label,1,"Paridae_Saxicola_rubicola,9",,
jeantet-dufourq-2023,annomate,zenodo.7828148-v1-482638-2,svl_label,1,"Paridae_Saxicola_rubicola,9",,
jeantet-dufourq-2023,annomate,zenodo.7828148-v1-482638-3,svl_label,1,"Paridae_Saxicola_rubicola,9",,
jeantet-dufourq-2023,annomate,zenodo.7828148-v1-482638-4,svl_label,1,"Paridae_Saxicola_rubicola,9",,
jeantet-dufourq-2023,annomate,zenodo.7828148-v1-482638-5,svl_label,1,"Paridae_Saxicola_rubicola,9",,
jeantet-dufourq-2023,annomate,zenodo.7828148-v1-482638-6,svl_label,1,"Paridae_Saxicola_rubicola,9",,
jeantet-dufourq-2023,annomate,zenodo.7828148-v1-482638-7,svl_label,1,"Paridae_Saxicola_rubicola,9",,
jeantet-dufourq-2023,annomate,zenodo.7828148-v1-482638-8,svl_label,1,"Paridae_Saxicola_rubicola,9",,
jeantet-dufourq-2023,annomate,zenodo.7828148-v1-482638-9,svl_label,1,"Paridae_Saxicola_rubicola,9",,
jeantet-dufourq-2023,annomate,zenodo.7828148-v1-482638-10,svl_label,1,"Paridae_Saxicola_rubicola,9",,
jeantet-dufourq-2023,annomate,zenodo.7828148-v1-482638-11,svl_label,1,"Paridae_Saxicola_rubicola,9",,
jeantet-dufourq-2023,annomate,zenodo.7828148-v1-482638-12,svl_label,1,"Paridae_Saxicola_rubicola,8",,
jeantet-dufourq-2023,annomate,zenodo.7828148-v1-482638-13,svl_label,1,"Paridae_Saxicola_rubicola,8",,
jeantet-dufourq-2023,annomate,zenodo.7828148-v1-482638-14,svl_label,1,"Paridae_Saxicola_rubicola,8",,
jeantet-dufourq-2023,annomate,zenodo.7828148-v1-483089-1,svl_label,1,"Fringillidae_Serinus_serinus,9",,
jeantet-dufourq-2023,annomate,zenodo.7828148-v1-483089-2,svl_label,1,"Fringillidae_Serinus_serinus,9",,
jeantet-dufourq-2023,annomate,zenodo.7828148-v1-483089-3,svl_label,1,"Fringillidae_Serinus_serinus,9",,
jeantet-dufourq-2023,annomate,zenodo.7828148-v1-483089-4,svl_label,1,"Fringillidae_Serinus_serinus,9",,
jeantet-dufourq-2023,annomate,zenodo.7828148-v1-483089-5,svl_label,1,"Fringillidae_Serinus_serinus,9",,
jeantet-dufourq-2023,annomate,zenodo.7828148-v1-483089-6,svl_label,1,"Fringillidae_Serinus_serinus,9",,
jeantet-dufourq-2023,annomate,zenodo.7828148-v1-483089-7,svl_label,1,"Fringillidae_Serinus_serinus,9",,
jeantet-dufourq-2023,annomate,zenodo.7828148-v1-483089-8,svl_label,1,"Fringillidae_Serinus_serinus,9",,
jeantet-dufourq-2023,annomate,zenodo.7828148-v1-483089-9,svl_label,1,"Fringillidae_Serinus_serinus,9",,
jeantet-dufourq-2023,annomate,zenodo.7828148-v1-483089-10,svl_label,1,"Fringillidae_Serinus_serinus,9",,
jeantet-dufourq-2023,annomate,zenodo.7828148-v1-487478-1,svl_label,1,"Turdidae_Catharus_guttatus,9",,
jeantet-dufourq-2023,annomate,zenodo.7828148-v1-487478-2,svl_label,1,"Turdidae_Catharus_guttatus,9",,
jeantet-dufourq-2023,annomate,zenodo.7828148-v1-487478-3,svl_label,1,"Turdidae_Catharus_guttatus,9",,
jeantet-dufourq-2023,annomate,zenodo.7828148-v1-487478-4,svl_label,1,"Turdidae_Catharus_guttatus,9",,
jeantet-dufourq-2023,annomate,zenodo.7828148-v1-487478-5,svl_label,1,"Turdidae_Catharus_guttatus,9",,
jeantet-dufourq-2023,annomate,zenodo.7828148-v1-487478-6,svl_label,1,"Turdidae_Catharus_guttatus,9",,
jeantet-dufourq-2023,annomate,zenodo.7828148-v1-487478-7,svl_label,1,"Turdidae_Catharus_guttatus,9",,
jeantet-dufourq-2023,annomate,zenodo.7828148-v1-487478-8,svl_label,1,"Turdidae_Catharus_guttatus,9",,
jeantet-dufourq-2023,annomate,zenodo.7828148-v1-487479-1,svl_label,1,"Turdidae_Catharus_guttatus,9",,
jeantet-dufourq-2023,annomate,zenodo.7828148-v1-487479-2,svl_label,1,"Turdidae_Catharus_guttatus,9",,
jeantet-dufourq-2023,annomate,zenodo.7828148-v1-487479-3,svl_label,1,"Turdidae_Catharus_guttatus,9",,
jeantet-dufourq-2023,annomate,zenodo.7828148-v1-487479-4,svl_label,1,"Turdidae_Catharus_guttatus,9",,
jeantet-dufourq-2023,annomate,zenodo.7828148-v1-487479-5,svl_label,1,"Turdidae_Catharus_guttatus,9",,
jeantet-dufourq-2023,annomate,zenodo.7828148-v1-487479-6,svl_label,1,"Turdidae_Catharus_guttatus,9",,
jeantet-dufourq-2023,annomate,zenodo.7828148-v1-487479-7,svl_label,1,"Turdidae_Catharus_guttatus,9",,
jeantet-dufourq-2023,annomate,zenodo.7828148-v1-487479-8,svl_label,1,"Turdidae_Catharus_guttatus,9",,
jeantet-dufourq-2023,annomate,zenodo.7828148-v1-487479-9,svl_label,1,"Turdidae_Catharus_guttatus,9",,
jeantet-dufourq-2023,annomate,zenodo.7828148-v1-487479-10,svl_label,1,"Turdidae_Catharus_guttatus,9",,
jeantet-dufourq-2023,annomate,zenodo.7828148-v1-487479-11,svl_label,1,"Turdidae_Catharus_guttatus,9",,
jeantet-dufourq-2023,annomate,zenodo.7828148-v1-487479-12,svl_label,1,"Turdidae_Catharus_guttatus,9",,
jeantet-dufourq-2023,annomate,zenodo.7828148-v1-487479-13,svl_label,1,"Turdidae_Catharus_guttatus,9",,
jeantet-dufourq-2023,annomate,zenodo.7828148-v1-487479-14,svl_label,1,"Turdidae_Catharus_guttatus,9",,
jeantet-dufourq-2023,annomate,zenodo.7828148-v1-487479-15,svl_label,1,"Turdidae_Catharus_guttatus,9",,
jeantet-dufourq-2023,annomate,zenodo.7828148-v1-487479-16,svl_label,1,"Turdidae_Catharus_guttatus,9",,
jeantet-dufourq-2023,annomate,zenodo.7828148-v1-487479-17,svl_label,1,"Turdidae_Catharus_guttatus,9",,
jeantet-dufourq-2023,annomate,zenodo.7828148-v1-487481-1,svl_label,1,"Turdidae_Catharus_guttatus, 10",,
jeantet-dufourq-2023,annomate,zenodo.7828148-v1-487481-2,svl_label,1,"Turdidae_Catharus_guttatus, 10",,
jeantet-dufourq-2023,annomate,zenodo.7828148-v1-487481-3,svl_label,1,"Turdidae_Catharus_guttatus, 10",,
jeantet-dufourq-2023,annomate,zenodo.7828148-v1-487481-4,svl_label,1,"Turdidae_Catharus_guttatus, 10",,
jeantet-dufourq-2023,annomate,zenodo.7828148-v1-487481-5,svl_label,1,"Turdidae_Catharus_guttatus, 10",,
jeantet-dufourq-2023,annomate,zenodo.7828148-v1-487481-6,svl_label,1,"Turdidae_Catharus_guttatus, 10",,
jeantet-dufourq-2023,annomate,zenodo.7828148-v1-487481-7,svl_label,1,"Turdidae_Catharus_guttatus, 10",,
jeantet-dufourq-2023,annomate,zenodo.7828148-v1-487481-8,svl_label,1,"Turdidae_Catharus_guttatus, 10",,
jeantet-dufourq-2023,annomate,zenodo.7828148-v1-487481-9,svl_label,1,"Turdidae_Catharus_guttatus, 10",,
jeantet-dufourq-2023,annomate,zenodo.7828148-v1-487481-10,svl_label,1,"Turdidae_Catharus_guttatus, 10",,
jeantet-dufourq-2023,annomate,zenodo.7828148-v1-487481-11,svl_label,1,"Turdidae_Catharus_guttatus, 10",,
jeantet-dufourq-2023,annomate,zenodo.7828148-v1-487481-12,svl_label,1,"Turdidae_Catharus_guttatus, 10",,
jeantet-dufourq-2023,annomate,zenodo.7828148-v1-487481-13,svl_label,1,"Turdidae_Catharus_guttatus, 10",,
jeantet-dufourq-2023,annomate,zenodo.7828148-v1-487481-14,svl_label,1,"Turdidae_Catharus_guttatus, 10",,
jeantet-dufourq-2023,annomate,zenodo.7828148-v1-488462-1,svl_label,1,"Paridae_Saxicola_torquatus,9",,
jeantet-dufourq-2023,annomate,zenodo.7828148-v1-488462-2,svl_label,1,"Paridae_Saxicola_torquatus,9",,
jeantet-dufourq-2023,annomate,zenodo.7828148-v1-488462-3,svl_label,1,"Paridae_Saxicola_torquatus,9",,
jeantet-dufourq-2023,annomate,zenodo.7828148-v1-488462-4,svl_label,1,"Paridae_Saxicola_torquatus,9",,
jeantet-dufourq-2023,annomate,zenodo.7828148-v1-488462-5,svl_label,1,"Paridae_Saxicola_torquatus,9",,
jeantet-dufourq-2023,annomate,zenodo.7828148-v1-488462-6,svl_label,1,"Paridae_Saxicola_torquatus,9",,
jeantet-dufourq-2023,annomate,zenodo.7828148-v1-488740-1,svl_label,1,"Fringillidae_Serinus_serinus,9",,
jeantet-dufourq-2023,annomate,zenodo.7828148-v1-488740-2,svl_label,1,"Fringillidae_Serinus_serinus,9",,
jeantet-dufourq-2023,annomate,zenodo.7828148-v1-488740-3,svl_label,1,"Fringillidae_Serinus_serinus,9",,
jeantet-dufourq-2023,annomate,zenodo.7828148-v1-488740-4,svl_label,1,"Fringillidae_Serinus_serinus,9",,
jeantet-dufourq-2023,annomate,zenodo.7828148-v1-488740-5,svl_label,1,"Fringillidae_Serinus_serinus,9",,
jeantet-dufourq-2023,annomate,zenodo.7828148-v1-488740-6,svl_label,1,"Fringillidae_Serinus_serinus,9",,
jeantet-dufourq-2023,annomate,zenodo.7828148-v1-488740-7,svl_label,1,"Fringillidae_Serinus_serinus,9",,
jeantet-dufourq-2023,annomate,zenodo.7828148-v1-488740-8,svl_label,1,"Fringillidae_Serinus_serinus,9",,
jeantet-dufourq-2023,annomate,zenodo.7828148-v1-488740-9,svl_label,1,"Fringillidae_Serinus_serinus,9",,
jeantet-dufourq-2023,annomate,zenodo.7828148-v1-489096-1,svl_label,1,"Fringillidae_Serinus_serinus,9",,
jeantet-dufourq-2023,annomate,zenodo.7828148-v1-489096-2,svl_label,1,"Fringillidae_Serinus_serinus,9",,
jeantet-dufourq-2023,annomate,zenodo.7828148-v1-489096-3,svl_label,1,"Fringillidae_Serinus_serinus,9",,
jeantet-dufourq-2023,annomate,zenodo.7828148-v1-489096-4,svl_label,1,"Fringillidae_Serinus_serinus,9",,
jeantet-dufourq-2023,annomate,zenodo.7828148-v1-489096-5,svl_label,1,"Fringillidae_Serinus_serinus,9",,
jeantet-dufourq-2023,annomate,zenodo.7828148-v1-489096-6,svl_label,1,"Fringillidae_Serinus_serinus,9",,
jeantet-dufourq-2023,annomate,zenodo.7828148-v1-489096-7,svl_label,1,"Fringillidae_Serinus_serinus,8",,
jeantet-dufourq-2023,annomate,zenodo.7828148-v1-490942-1,svl_label,1,"Troglodytidae_Troglodytes_pacificus,9",,
jeantet-dufourq-2023,annomate,zenodo.7828148-v1-490942-2,svl_label,1,"Troglodytidae_Troglodytes_pacificus,9",,
jeantet-dufourq-2023,annomate,zenodo.7828148-v1-493634-1,svl_label,1,"Troglodytidae_Troglodytes_aedon,9",,
jeantet-dufourq-2023,annomate,zenodo.7828148-v1-493634-2,svl_label,1,"Troglodytidae_Troglodytes_aedon,9",,
jeantet-dufourq-2023,annomate,zenodo.7828148-v1-49550-1,svl_label,1,"Troglodytidae_Troglodytes_hiemalis,9",,
jeantet-dufourq-2023,annomate,zenodo.7828148-v1-49550-2,svl_label,1,"Troglodytidae_Troglodytes_hiemalis,9",,
jeantet-dufourq-2023,annomate,zenodo.7828148-v1-49550-3,svl_label,1,"Troglodytidae_Troglodytes_hiemalis,9",,
jeantet-dufourq-2023,annomate,zenodo.7828148-v1-49550-4,svl_label,1,"Troglodytidae_Troglodytes_hiemalis,9",,
jeantet-dufourq-2023,annomate,zenodo.7828148-v1-49550-5,svl_label,1,"Troglodytidae_Troglodytes_hiemalis,9",,
jeantet-dufourq-2023,annomate,zenodo.7828148-v1-49550-6,svl_label,1,"Troglodytidae_Troglodytes_hiemalis,9",,
jeantet-dufourq-2023,annomate,zenodo.7828148-v1-495610-1,svl_label,1,"Turdidae_Catharus_aurantiirostris ,9",,
jeantet-dufourq-2023,annomate,zenodo.7828148-v1-495610-2,svl_label,1,"Turdidae_Catharus_aurantiirostris ,9",,
jeantet-dufourq-2023,annomate,zenodo.7828148-v1-495610-3,svl_label,1,"Turdidae_Catharus_aurantiirostris ,9",,
jeantet-dufourq-2023,annomate,zenodo.7828148-v1-495610-4,svl_label,1,"Turdidae_Catharus_aurantiirostris ,9",,
jeantet-dufourq-2023,annomate,zenodo.7828148-v1-495610-5,svl_label,1,"Turdidae_Catharus_aurantiirostris ,9",,
jeantet-dufourq-2023,annomate,zenodo.7828148-v1-495610-6,svl_label,1,"Turdidae_Catharus_aurantiirostris ,9",,
jeantet-dufourq-2023,annomate,zenodo.7828148-v1-495610-7,svl_label,1,"Turdidae_Catharus_aurantiirostris ,9",,
jeantet-dufourq-2023,annomate,zenodo.7828148-v1-495610-8,svl_label,1,"Turdidae_Catharus_aurantiirostris ,9",,
jeantet-dufourq-2023,annomate,zenodo.7828148-v1-495610-9,svl_label,1,"Turdidae_Catharus_aurantiirostris ,9",,
jeantet-dufourq-2023,annomate,zenodo.7828148-v1-495610-10,svl_label,1,"Turdidae_Catharus_aurantiirostris ,9",,
jeantet-dufourq-2023,annomate,zenodo.7828148-v1-498292-1,svl_label,1,"Turdidae_Catharus_aurantiirostris,9",,
jeantet-dufourq-2023,annomate,zenodo.7828148-v1-498292-2,svl_label,1,"Turdidae_Catharus_aurantiirostris,9",,
jeantet-dufourq-2023,annomate,zenodo.7828148-v1-498292-3,svl_label,1,"Turdidae_Catharus_aurantiirostris,9",,
jeantet-dufourq-2023,annomate,zenodo.7828148-v1-498292-4,svl_label,1,"Turdidae_Catharus_aurantiirostris,9",,
jeantet-dufourq-2023,annomate,zenodo.7828148-v1-498292-5,svl_label,1,"Turdidae_Catharus_aurantiirostris,9",,
jeantet-dufourq-2023,annomate,zenodo.7828148-v1-498292-6,svl_label,1,"Turdidae_Catharus_aurantiirostris,9",,
jeantet-dufourq-2023,annomate,zenodo.7828148-v1-498292-7,svl_label,1,"Turdidae_Catharus_aurantiirostris,9",,
jeantet-dufourq-2023,annomate,zenodo.7828148-v1-498292-8,svl_label,1,"Turdidae_Catharus_aurantiirostris,9",,
jeantet-dufourq-2023,annomate,zenodo.7828148-v1-498292-9,svl_label,1,"Turdidae_Catharus_aurantiirostris,9",,
jeantet-dufourq-2023,annomate,zenodo.7828148-v1-498292-10,svl_label,1,"Turdidae_Catharus_aurantiirostris,9",,
jeantet-dufourq-2023,annomate,zenodo.7828148-v1-498292-11,svl_label,1,"Turdidae_Catharus_aurantiirostris,9",,
jeantet-dufourq-2023,annomate,zenodo.7828148-v1-498292-12,svl_label,1,"Turdidae_Catharus_aurantiirostris,9",,
jeantet-dufourq-2023,annomate,zenodo.7828148-v1-498292-13,svl_label,1,"Turdidae_Catharus_aurantiirostris,9",,
jeantet-dufourq-2023,annomate,zenodo.7828148-v1-498292-14,svl_label,1,"Turdidae_Catharus_aurantiirostris,9",,
jeantet-dufourq-2023,annomate,zenodo.7828148-v1-498292-15,svl_label,1,"Turdidae_Catharus_aurantiirostris,9",,
jeantet-dufourq-2023,annomate,zenodo.7828148-v1-498292-16,svl_label,1,"Turdidae_Catharus_aurantiirostris,9",,
jeantet-dufourq-2023,annomate,zenodo.7828148-v1-498292-17,svl_label,1,"Turdidae_Catharus_aurantiirostris,9",,
jeantet-dufourq-2023,annomate,zenodo.7828148-v1-498292-18,svl_label,1,"Turdidae_Catharus_aurantiirostris,9",,
jeantet-dufourq-2023,annomate,zenodo.7828148-v1-498292-19,svl_label,1,"Turdidae_Catharus_aurantiirostris,9",,
jeantet-dufourq-2023,annomate,zenodo.7828148-v1-498292-20,svl_label,1,"Turdidae_Catharus_aurantiirostris,9",,
jeantet-dufourq-2023,annomate,zenodo.7828148-v1-498292-21,svl_label,1,"Turdidae_Catharus_aurantiirostris,9",,
jeantet-dufourq-2023,annomate,zenodo.7828148-v1-498292-22,svl_label,1,"Turdidae_Catharus_aurantiirostris,9",,
jeantet-dufourq-2023,annomate,zenodo.7828148-v1-498292-23,svl_label,1,"Turdidae_Catharus_aurantiirostris,9",,
jeantet-dufourq-2023,annomate,zenodo.7828148-v1-498292-24,svl_label,1,"Turdidae_Catharus_aurantiirostris,9",,
jeantet-dufourq-2023,annomate,zenodo.7828148-v1-498292-25,svl_label,1,"Turdidae_Catharus_aurantiirostris,9",,
jeantet-dufourq-2023,annomate,zenodo.7828148-v1-498637-1,svl_label,1,"Troglodytidae_Troglodytes_aedon,8",,
jeantet-dufourq-2023,annomate,zenodo.7828148-v1-498637-2,svl_label,1,"Troglodytidae_Troglodytes_aedon,8",,
jeantet-dufourq-2023,annomate,zenodo.7828148-v1-498637-3,svl_label,1,"Troglodytidae_Troglodytes_aedon,8",,
jeantet-dufourq-2023,annomate,zenodo.7828148-v1-498637-4,svl_label,1,"Troglodytidae_Troglodytes_aedon,8",,
jeantet-dufourq-2023,annomate,zenodo.7828148-v1-498637-5,svl_label,1,"Troglodytidae_Troglodytes_aedon,8",,
jeantet-dufourq-2023,annomate,zenodo.7828148-v1-498637-6,svl_label,1,"Troglodytidae_Troglodytes_aedon,8",,
jeantet-dufourq-2023,annomate,zenodo.7828148-v1-498637-7,svl_label,1,"Troglodytidae_Troglodytes_aedon,8",,
jeantet-dufourq-2023,annomate,zenodo.7828148-v1-498637-8,svl_label,1,"Troglodytidae_Troglodytes_aedon,8",,
jeantet-dufourq-2023,annomate,zenodo.7828148-v1-498637-9,svl_label,1,"Troglodytidae_Troglodytes_aedon,8",,
jeantet-dufourq-2023,annomate,zenodo.7828148-v1-498637-10,svl_label,1,"Troglodytidae_Troglodytes_aedon,8",,
jeantet-dufourq-2023,annomate,zenodo.7828148-v1-498637-11,svl_label,1,"Troglodytidae_Troglodytes_aedon,8",,
jeantet-dufourq-2023,annomate,zenodo.7828148-v1-498637-12,svl_label,1,"Troglodytidae_Troglodytes_aedon,8",,
jeantet-dufourq-2023,annomate,zenodo.7828148-v1-498637-13,svl_label,1,"Troglodytidae_Troglodytes_aedon,8",,
jeantet-dufourq-2023,annomate,zenodo.7828148-v1-498638-1,svl_label,1,"Troglodytidae_Troglodytes_aedon,8",,
jeantet-dufourq-2023,annomate,zenodo.7828148-v1-498638-2,svl_label,1,"Troglodytidae_Troglodytes_aedon,8",,
jeantet-dufourq-2023,annomate,zenodo.7828148-v1-498638-3,svl_label,1,"Troglodytidae_Troglodytes_aedon,8",,
jeantet-dufourq-2023,annomate,zenodo.7828148-v1-498638-4,svl_label,1,"Troglodytidae_Troglodytes_aedon,8",,
jeantet-dufourq-2023,annomate,zenodo.7828148-v1-498638-5,svl_label,1,"Troglodytidae_Troglodytes_aedon,8",,
jeantet-dufourq-2023,annomate,zenodo.7828148-v1-498638-6,svl_label,1,"Troglodytidae_Troglodytes_aedon,8",,
jeantet-dufourq-2023,annomate,zenodo.7828148-v1-498638-7,svl_label,1,"Troglodytidae_Troglodytes_aedon,8",,
jeantet-dufourq-2023,annomate,zenodo.7828148-v1-498638-8,svl_label,1,"Troglodytidae_Troglodytes_aedon,8",,
jeantet-dufourq-2023,annomate,zenodo.7828148-v1-498638-9,svl_label,1,"Troglodytidae_Troglodytes_aedon,8",,
jeantet-dufourq-2023,annomate,zenodo.7828148-v1-498638-10,svl_label,1,"Troglodytidae_Troglodytes_aedon,8",,
jeantet-dufourq-2023,annomate,zenodo.7828148-v1-498638-11,svl_label,1,"Troglodytidae_Troglodytes_aedon,8",,
jeantet-dufourq-2023,annomate,zenodo.7828148-v1-498638-12,svl_label,1,"Troglodytidae_Troglodytes_aedon,8",,
jeantet-dufourq-2023,annomate,zenodo.7828148-v1-498638-13,svl_label,1,"Troglodytidae_Troglodytes_aedon,8",,
jeantet-dufourq-2023,annomate,zenodo.7828148-v1-499302-1,svl_label,1,"Turdidae_Catharus_aurantiirostris,9",,
jeantet-dufourq-2023,annomate,zenodo.7828148-v1-499302-2,svl_label,1,"Turdidae_Catharus_aurantiirostris,9",,
jeantet-dufourq-2023,annomate,zenodo.7828148-v1-500100-1,svl_label,1,"Turdidae_Catharus_aurantiirostris,8",,
jeantet-dufourq-2023,annomate,zenodo.7828148-v1-500100-2,svl_label,1,"Turdidae_Catharus_aurantiirostris,8",,
jeantet-dufourq-2023,annomate,zenodo.7828148-v1-500100-3,svl_label,1,"Turdidae_Catharus_aurantiirostris,8",,
jeantet-dufourq-2023,annomate,zenodo.7828148-v1-500100-4,svl_label,1,"Turdidae_Catharus_aurantiirostris,8",,
jeantet-dufourq-2023,annomate,zenodo.7828148-v1-500100-5,svl_label,1,"Turdidae_Catharus_aurantiirostris,8",,
jeantet-dufourq-2023,annomate,zenodo.7828148-v1-500100-6,svl_label,1,"Turdidae_Catharus_aurantiirostris,8",,
jeantet-dufourq-2023,annomate,zenodo.7828148-v1-500100-7,svl_label,1,"Turdidae_Catharus_aurantiirostris,8",,
jeantet-dufourq-2023,annomate,zenodo.7828148-v1-500100-8,svl_label,1,"Turdidae_Catharus_aurantiirostris,8",,
jeantet-dufourq-2023,annomate,zenodo.7828148-v1-500100-9,svl_label,1,"Turdidae_Catharus_aurantiirostris,8",,
jeantet-dufourq-2023,annomate,zenodo.7828148-v1-500100-10,svl_label,1,"Turdidae_Catharus_aurantiirostris,8",,
jeantet-dufourq-2023,annomate,zenodo.7828148-v1-500100-11,svl_label,1,"Turdidae_Catharus_aurantiirostris,8",,
jeantet-dufourq-2023,annomate,zenodo.7828148-v1-500100-12,svl_label,1,"Turdidae_Catharus_aurantiirostris,8",,
jeantet-dufourq-2023,annomate,zenodo.7828148-v1-500100-13,svl_label,1,"Turdidae_Catharus_aurantiirostris,8",,
jeantet-dufourq-2023,annomate,zenodo.7828148-v1-500100-14,svl_label,1,"Turdidae_Catharus_aurantiirostris,8",,
jeantet-dufourq-2023,annomate,zenodo.7828148-v1-500100-15,svl_label,1,"Turdidae_Catharus_aurantiirostris,8",,
jeantet-dufourq-2023,annomate,zenodo.7828148-v1-500100-16,svl_label,1,"Turdidae_Catharus_aurantiirostris,8",,
jeantet-dufourq-2023,annomate,zenodo.7828148-v1-500100-17,svl_label,1,"Turdidae_Catharus_aurantiirostris,8",,
jeantet-dufourq-2023,annomate,zenodo.7828148-v1-500100-18,svl_label,1,"Turdidae_Catharus_aurantiirostris,8",,
jeantet-dufourq-2023,annomate,zenodo.7828148-v1-500100-19,svl_label,1,"Turdidae_Catharus_aurantiirostris,8",,
jeantet-dufourq-2023,annomate,zenodo.7828148-v1-500100-20,svl_label,1,"Turdidae_Catharus_aurantiirostris,8",,
jeantet-dufourq-2023,annomate,zenodo.7828148-v1-500100-21,svl_label,1,"Turdidae_Catharus_aurantiirostris,8",,
jeantet-dufourq-2023,annomate,zenodo.7828148-v1-500129-1,svl_label,1,"Troglodytidae_Troglodytes_aedon,9",,
jeantet-dufourq-2023,annomate,zenodo.7828148-v1-500129-2,svl_label,1,"Troglodytidae_Troglodytes_aedon,9",,
jeantet-dufourq-2023,annomate,zenodo.7828148-v1-500129-3,svl_label,1,"Troglodytidae_Troglodytes_aedon,9",,
jeantet-dufourq-2023,annomate,zenodo.7828148-v1-500129-4,svl_label,1,"Troglodytidae_Troglodytes_aedon,9",,
jeantet-dufourq-2023,annomate,zenodo.7828148-v1-500129-5,svl_label,1,"Troglodytidae_Troglodytes_aedon,9",,
jeantet-dufourq-2023,annomate,zenodo.7828148-v1-500395-1,svl_label,1,"Paridae_Saxicola_rubetra,9",,
jeantet-dufourq-2023,annomate,zenodo.7828148-v1-500395-2,svl_label,1,"Paridae_Saxicola_rubetra,9",,
jeantet-dufourq-2023,annomate,zenodo.7828148-v1-500395-3,svl_label,1,"Paridae_Saxicola_rubetra,9",,
jeantet-dufourq-2023,annomate,zenodo.7828148-v1-500395-4,svl_label,1,"Paridae_Saxicola_rubetra,9",,
jeantet-dufourq-2023,annomate,zenodo.7828148-v1-500395-5,svl_label,1,"Paridae_Saxicola_rubetra,9",,
jeantet-dufourq-2023,annomate,zenodo.7828148-v1-500395-6,svl_label,1,"Paridae_Saxicola_rubetra,9",,
jeantet-dufourq-2023,annomate,zenodo.7828148-v1-500395-7,svl_label,1,"Paridae_Saxicola_rubetra,9",,
jeantet-dufourq-2023,annomate,zenodo.7828148-v1-500395-8,svl_label,1,"Paridae_Saxicola_rubetra,9",,
jeantet-dufourq-2023,annomate,zenodo.7828148-v1-500395-9,svl_label,1,"Paridae_Saxicola_rubetra,9",,
jeantet-dufourq-2023,annomate,zenodo.7828148-v1-500395-10,svl_label,1,"Paridae_Saxicola_rubetra,9",,
jeantet-dufourq-2023,annomate,zenodo.7828148-v1-500395-11,svl_label,1,"Paridae_Saxicola_rubetra,9",,
jeantet-dufourq-2023,annomate,zenodo.7828148-v1-500395-12,svl_label,1,"Paridae_Saxicola_rubetra,9",,
jeantet-dufourq-2023,annomate,zenodo.7828148-v1-500395-13,svl_label,1,"Paridae_Saxicola_rubetra,9",,
jeantet-dufourq-2023,annomate,zenodo.7828148-v1-500395-14,svl_label,1,"Paridae_Saxicola_rubetra,9",,
jeantet-dufourq-2023,annomate,zenodo.7828148-v1-500396-1,svl_label,1,"Paridae_Saxicola_rubetra,9",,
jeantet-dufourq-2023,annomate,zenodo.7828148-v1-500396-2,svl_label,1,"Paridae_Saxicola_rubetra,9",,
jeantet-dufourq-2023,annomate,zenodo.7828148-v1-500396-3,svl_label,1,"Paridae_Saxicola_rubetra,9",,
jeantet-dufourq-2023,annomate,zenodo.7828148-v1-500396-4,svl_label,1,"Paridae_Saxicola_rubetra,8",,
jeantet-dufourq-2023,annomate,zenodo.7828148-v1-500396-5,svl_label,1,"Paridae_Saxicola_rubetra,9",,
jeantet-dufourq-2023,annomate,zenodo.7828148-v1-500396-6,svl_label,1,"Paridae_Saxicola_rubetra,9",,
jeantet-dufourq-2023,annomate,zenodo.7828148-v1-500396-7,svl_label,1,"Paridae_Saxicola_rubetra,8",,
jeantet-dufourq-2023,annomate,zenodo.7828148-v1-500399-1,svl_label,1,"Paridae_Saxicola_rubetra,9",,
jeantet-dufourq-2023,annomate,zenodo.7828148-v1-500399-2,svl_label,1,"Paridae_Saxicola_rubetra,9",,
jeantet-dufourq-2023,annomate,zenodo.7828148-v1-500399-3,svl_label,1,"Paridae_Saxicola_rubetra,9",,
jeantet-dufourq-2023,annomate,zenodo.7828148-v1-500399-4,svl_label,1,"Paridae_Saxicola_rubetra,9",,
jeantet-dufourq-2023,annomate,zenodo.7828148-v1-500399-5,svl_label,1,"Paridae_Saxicola_rubetra,8",,
jeantet-dufourq-2023,annomate,zenodo.7828148-v1-500399-6,svl_label,1,"Paridae_Saxicola_rubetra,8",,
jeantet-dufourq-2023,annomate,zenodo.7828148-v1-500399-7,svl_label,1,"Paridae_Saxicola_rubetra,7",,
jeantet-dufourq-2023,annomate,zenodo.7828148-v1-500947-1,svl_label,1,Fringillidae_Serinus_serinus,,
jeantet-dufourq-2023,annomate,zenodo.7828148-v1-500947-2,svl_label,1,Fringillidae_Serinus_serinus,,
jeantet-dufourq-2023,annomate,zenodo.7828148-v1-500947-3,svl_label,1,Fringillidae_Serinus_serinus,,
jeantet-dufourq-2023,annomate,zenodo.7828148-v1-504092-1,svl_label,1,"Turdidae_Catharus_aurantiirostris,8",,
jeantet-dufourq-2023,annomate,zenodo.7828148-v1-504092-2,svl_label,1,"Turdidae_Catharus_aurantiirostris,8",,
jeantet-dufourq-2023,annomate,zenodo.7828148-v1-504092-3,svl_label,1,"Turdidae_Catharus_aurantiirostris,8",,
jeantet-dufourq-2023,annomate,zenodo.7828148-v1-504092-4,svl_label,1,"Turdidae_Catharus_aurantiirostris,8",,
jeantet-dufourq-2023,annomate,zenodo.7828148-v1-504092-5,svl_label,1,"Turdidae_Catharus_aurantiirostris,8",,
jeantet-dufourq-2023,annomate,zenodo.7828148-v1-504092-6,svl_label,1,"Turdidae_Catharus_aurantiirostris,8",,
jeantet-dufourq-2023,annomate,zenodo.7828148-v1-504092-7,svl_label,1,"Turdidae_Catharus_aurantiirostris,8",,
jeantet-dufourq-2023,annomate,zenodo.7828148-v1-504092-8,svl_label,1,"Turdidae_Catharus_aurantiirostris,8",,
jeantet-dufourq-2023,annomate,zenodo.7828148-v1-504092-9,svl_label,1,"Turdidae_Catharus_aurantiirostris,8",,
jeantet-dufourq-2023,annomate,zenodo.7828148-v1-504092-10,svl_label,1,"Turdidae_Catharus_aurantiirostris,8",,
jeantet-dufourq-2023,annomate,zenodo.7828148-v1-504092-11,svl_label,1,"Turdidae_Catharus_aurantiirostris,8",,
jeantet-dufourq-2023,annomate,zenodo.7828148-v1-504092-12,svl_label,1,"Turdidae_Catharus_aurantiirostris,8",,
jeantet-dufourq-2023,annomate,zenodo.7828148-v1-504092-13,svl_label,1,"Turdidae_Catharus_aurantiirostris,8",,
jeantet-dufourq-2023,annomate,zenodo.7828148-v1-504092-14,svl_label,1,"Turdidae_Catharus_aurantiirostris,8",,
jeantet-dufourq-2023,annomate,zenodo.7828148-v1-504092-15,svl_label,1,"Turdidae_Catharus_aurantiirostris,8",,
jeantet-dufourq-2023,annomate,zenodo.7828148-v1-504092-16,svl_label,1,"Turdidae_Catharus_aurantiirostris,8",,
jeantet-dufourq-2023,annomate,zenodo.7828148-v1-504092-17,svl_label,1,"Turdidae_Catharus_aurantiirostris,8",,
jeantet-dufourq-2023,annomate,zenodo.7828148-v1-504092-18,svl_label,1,"Turdidae_Catharus_aurantiirostris,8",,
jeantet-dufourq-2023,annomate,zenodo.7828148-v1-504092-19,svl_label,1,"Turdidae_Catharus_aurantiirostris,8",,
jeantet-dufourq-2023,annomate,zenodo.7828148-v1-504476-1,svl_label,1,"Troglodytidae_Troglodytes_aedon,9",,
jeantet-dufourq-2023,annomate,zenodo.7828148-v1-504476-2,svl_label,1,"Troglodytidae_Troglodytes_aedon,9",,
jeantet-dufourq-2023,annomate,zenodo.7828148-v1-504476-3,svl_label,1,"Troglodytidae_Troglodytes_aedon,9",,
jeantet-dufourq-2023,annomate,zenodo.7828148-v1-504476-4,svl_label,1,"Troglodytidae_Troglodytes_aedon,9",,
jeantet-dufourq-2023,annomate,zenodo.7828148-v1-504476-5,svl_label,1,"Troglodytidae_Troglodytes_aedon,9",,
jeantet-dufourq-2023,annomate,zenodo.7828148-v1-504476-6,svl_label,1,"Troglodytidae_Troglodytes_aedon,9",,
jeantet-dufourq-2023,annomate,zenodo.7828148-v1-504476-7,svl_label,1,"Troglodytidae_Troglodytes_aedon,9",,
jeantet-dufourq-2023,annomate,zenodo.7828148-v1-504476-8,svl_label,1,"Troglodytidae_Troglodytes_aedon,9",,
jeantet-dufourq-2023,annomate,zenodo.7828148-v1-504602-1,svl_label,1,"Paridae_Hypocnemis_cantator,8",,
jeantet-dufourq-2023,annomate,zenodo.7828148-v1-504602-2,svl_label,1,"Paridae_Hypocnemis_cantator,8",,
jeantet-dufourq-2023,annomate,zenodo.7828148-v1-504602-3,svl_label,1,"Paridae_Hypocnemis_cantator,8",,
jeantet-dufourq-2023,annomate,zenodo.7828148-v1-504602-4,svl_label,1,"Paridae_Hypocnemis_cantator,8",,
jeantet-dufourq-2023,annomate,zenodo.7828148-v1-504602-5,svl_label,1,"Paridae_Hypocnemis_cantator,8",,
jeantet-dufourq-2023,annomate,zenodo.7828148-v1-504602-6,svl_label,1,"Paridae_Hypocnemis_cantator,8",,
jeantet-dufourq-2023,annomate,zenodo.7828148-v1-504602-7,svl_label,1,"Paridae_Hypocnemis_cantator,8",,
jeantet-dufourq-2023,annomate,zenodo.7828148-v1-504602-8,svl_label,1,"Paridae_Hypocnemis_cantator,8",,
jeantet-dufourq-2023,annomate,zenodo.7828148-v1-504602-9,svl_label,1,"Paridae_Hypocnemis_cantator,8",,
jeantet-dufourq-2023,annomate,zenodo.7828148-v1-504602-10,svl_label,1,"Paridae_Hypocnemis_cantator,8",,
jeantet-dufourq-2023,annomate,zenodo.7828148-v1-504602-11,svl_label,1,"Paridae_Hypocnemis_cantator,8",,
jeantet-dufourq-2023,annomate,zenodo.7828148-v1-504602-12,svl_label,1,"Paridae_Hypocnemis_cantator,8",,
jeantet-dufourq-2023,annomate,zenodo.7828148-v1-504602-13,svl_label,1,"Paridae_Hypocnemis_cantator,8",,
jeantet-dufourq-2023,annomate,zenodo.7828148-v1-504602-14,svl_label,1,"Paridae_Hypocnemis_cantator,8",,
jeantet-dufourq-2023,annomate,zenodo.7828148-v1-504602-15,svl_label,1,"Paridae_Hypocnemis_cantator,8",,
jeantet-dufourq-2023,annomate,zenodo.7828148-v1-504632-1,svl_label,1,"Paridae_Hypocnemis_peruviana,8",,
jeantet-dufourq-2023,annomate,zenodo.7828148-v1-504632-2,svl_label,1,"Paridae_Hypocnemis_peruviana,8",,
jeantet-dufourq-2023,annomate,zenodo.7828148-v1-504632-3,svl_label,1,"Paridae_Hypocnemis_peruviana,8",,
jeantet-dufourq-2023,annomate,zenodo.7828148-v1-504632-4,svl_label,1,"Paridae_Hypocnemis_peruviana,8",,
jeantet-dufourq-2023,annomate,zenodo.7828148-v1-504632-5,svl_label,1,"Paridae_Hypocnemis_peruviana,8",,
jeantet-dufourq-2023,annomate,zenodo.7828148-v1-508100-1,svl_label,1,"Troglodytidae_Troglodytes_aedon,8",,
jeantet-dufourq-2023,annomate,zenodo.7828148-v1-508100-2,svl_label,1,"Troglodytidae_Troglodytes_aedon,8",,
jeantet-dufourq-2023,annomate,zenodo.7828148-v1-508100-3,svl_label,1,"Troglodytidae_Troglodytes_aedon,8",,
jeantet-dufourq-2023,annomate,zenodo.7828148-v1-509554-1,svl_label,1,"Fringillidae_Serinus_serinus, 10",,
jeantet-dufourq-2023,annomate,zenodo.7828148-v1-509554-2,svl_label,1,"Fringillidae_Serinus_serinus,10",,
jeantet-dufourq-2023,annomate,zenodo.7828148-v1-509554-3,svl_label,1,"Fringillidae_Serinus_serinus,10",,
jeantet-dufourq-2023,annomate,zenodo.7828148-v1-509554-4,svl_label,1,"Fringillidae_Serinus_serinus,10",,
jeantet-dufourq-2023,annomate,zenodo.7828148-v1-509554-5,svl_label,1,"Fringillidae_Serinus_serinus,10",,
jeantet-dufourq-2023,annomate,zenodo.7828148-v1-509554-6,svl_label,1,"Fringillidae_Serinus_serinus,10",,
jeantet-dufourq-2023,annomate,zenodo.7828148-v1-509554-7,svl_label,1,"Fringillidae_Serinus_serinus,10",,
jeantet-dufourq-2023,annomate,zenodo.7828148-v1-509554-8,svl_label,1,"Fringillidae_Serinus_serinus,10",,
jeantet-dufourq-2023,annomate,zenodo.7828148-v1-509554-9,svl_label,1,"Fringillidae_Serinus_serinus,10",,
jeantet-dufourq-2023,annomate,zenodo.7828148-v1-509554-10,svl_label,1,"Fringillidae_Serinus_serinus,10",,
jeantet-dufourq-2023,annomate,zenodo.7828148-v1-509554-11,svl_label,1,"Fringillidae_Serinus_serinus,10",,
jeantet-dufourq-2023,annomate,zenodo.7828148-v1-509554-12,svl_label,1,"Fringillidae_Serinus_serinus,10",,
jeantet-dufourq-2023,annomate,zenodo.7828148-v1-509554-13,svl_label,1,"Fringillidae_Serinus_serinus,10",,
jeantet-dufourq-2023,annomate,zenodo.7828148-v1-509689-1,svl_label,1,"Paridae_Saxicola_rubetra,9",,
jeantet-dufourq-2023,annomate,zenodo.7828148-v1-509689-2,svl_label,1,"Paridae_Saxicola_rubetra,9",,
jeantet-dufourq-2023,annomate,zenodo.7828148-v1-509689-3,svl_label,1,"Paridae_Saxicola_rubetra,9",,
jeantet-dufourq-2023,annomate,zenodo.7828148-v1-509689-4,svl_label,1,"Paridae_Saxicola_rubetra,9",,
jeantet-dufourq-2023,annomate,zenodo.7828148-v1-509689-5,svl_label,1,"Paridae_Saxicola_rubetra,9",,
jeantet-dufourq-2023,annomate,zenodo.7828148-v1-511299-1,svl_label,1,"Troglodytidae_Troglodytes_pacificus,9",,
jeantet-dufourq-2023,annomate,zenodo.7828148-v1-511299-2,svl_label,1,"Troglodytidae_Troglodytes_pacificus,9",,
jeantet-dufourq-2023,annomate,zenodo.7828148-v1-511299-3,svl_label,1,"Troglodytidae_Troglodytes_pacificus,9",,
jeantet-dufourq-2023,annomate,zenodo.7828148-v1-511299-4,svl_label,1,"Troglodytidae_Troglodytes_pacificus,9",,
jeantet-dufourq-2023,annomate,zenodo.7828148-v1-511299-5,svl_label,1,"Troglodytidae_Troglodytes_pacificus,9",,
jeantet-dufourq-2023,annomate,zenodo.7828148-v1-511318-1,svl_label,1,"Turdidae_Catharus_fuscescens,8",,
jeantet-dufourq-2023,annomate,zenodo.7828148-v1-511318-2,svl_label,1,"Turdidae_Catharus_fuscescens,8",,
jeantet-dufourq-2023,annomate,zenodo.7828148-v1-511318-3,svl_label,1,"Turdidae_Catharus_fuscescens,8",,
jeantet-dufourq-2023,annomate,zenodo.7828148-v1-511318-4,svl_label,1,"Turdidae_Catharus_fuscescens,8",,
jeantet-dufourq-2023,annomate,zenodo.7828148-v1-511318-5,svl_label,1,"Turdidae_Catharus_fuscescens,8",,
jeantet-dufourq-2023,annomate,zenodo.7828148-v1-511318-6,svl_label,1,"Turdidae_Catharus_fuscescens,8",,
jeantet-dufourq-2023,annomate,zenodo.7828148-v1-511318-7,svl_label,1,"Turdidae_Catharus_fuscescens,8",,
jeantet-dufourq-2023,annomate,zenodo.7828148-v1-511318-8,svl_label,1,"Turdidae_Catharus_fuscescens,8",,
jeantet-dufourq-2023,annomate,zenodo.7828148-v1-511318-9,svl_label,1,"Turdidae_Catharus_fuscescens,8",,
jeantet-dufourq-2023,annomate,zenodo.7828148-v1-511318-10,svl_label,1,"Turdidae_Catharus_fuscescens,8",,
jeantet-dufourq-2023,annomate,zenodo.7828148-v1-511318-11,svl_label,1,"Turdidae_Catharus_fuscescens,8",,
jeantet-dufourq-2023,annomate,zenodo.7828148-v1-511318-12,svl_label,1,"Turdidae_Catharus_fuscescens,8",,
jeantet-dufourq-2023,annomate,zenodo.7828148-v1-511318-13,svl_label,1,"Turdidae_Catharus_fuscescens,8",,
jeantet-dufourq-2023,annomate,zenodo.7828148-v1-511321-1,svl_label,1,"Turdidae_Catharus_ustulatus,9",,
jeantet-dufourq-2023,annomate,zenodo.7828148-v1-511321-2,svl_label,1,"Turdidae_Catharus_ustulatus,9",,
jeantet-dufourq-2023,annomate,zenodo.7828148-v1-511321-3,svl_label,1,"Turdidae_Catharus_ustulatus,9",,
jeantet-dufourq-2023,annomate,zenodo.7828148-v1-511321-4,svl_label,1,"Turdidae_Catharus_ustulatus,9",,
jeantet-dufourq-2023,annomate,zenodo.7828148-v1-511321-5,svl_label,1,"Turdidae_Catharus_ustulatus,9",,
jeantet-dufourq-2023,annomate,zenodo.7828148-v1-511321-6,svl_label,1,"Turdidae_Catharus_ustulatus,9",,
jeantet-dufourq-2023,annomate,zenodo.7828148-v1-511321-7,svl_label,1,"Turdidae_Catharus_ustulatus,9",,
jeantet-dufourq-2023,annomate,zenodo.7828148-v1-512813-1,svl_label,1,"Turdidae_Catharus_fuscater,9",,
jeantet-dufourq-2023,annomate,zenodo.7828148-v1-512813-2,svl_label,1,"Turdidae_Catharus_fuscater,9",,
jeantet-dufourq-2023,annomate,zenodo.7828148-v1-512813-3,svl_label,1,"Turdidae_Catharus_fuscater,9",,
jeantet-dufourq-2023,annomate,zenodo.7828148-v1-512813-4,svl_label,1,"Turdidae_Catharus_fuscater,9",,
jeantet-dufourq-2023,annomate,zenodo.7828148-v1-512813-5,svl_label,1,"Turdidae_Catharus_fuscater,9",,
jeantet-dufourq-2023,annomate,zenodo.7828148-v1-512813-6,svl_label,1,"Turdidae_Catharus_fuscater,9",,
jeantet-dufourq-2023,annomate,zenodo.7828148-v1-512813-7,svl_label,1,"Turdidae_Catharus_fuscater,9",,
jeantet-dufourq-2023,annomate,zenodo.7828148-v1-512813-8,svl_label,1,"Turdidae_Catharus_fuscater,9",,
jeantet-dufourq-2023,annomate,zenodo.7828148-v1-512813-9,svl_label,1,"Turdidae_Catharus_fuscater,9",,
jeantet-dufourq-2023,annomate,zenodo.7828148-v1-512813-10,svl_label,1,"Turdidae_Catharus_fuscater,9",,
jeantet-dufourq-2023,annomate,zenodo.7828148-v1-512813-11,svl_label,1,"Turdidae_Catharus_fuscater,9",,
jeantet-dufourq-2023,annomate,zenodo.7828148-v1-512813-12,svl_label,1,"Turdidae_Catharus_fuscater,9",,
jeantet-dufourq-2023,annomate,zenodo.7828148-v1-512813-13,svl_label,1,"Turdidae_Catharus_fuscater,9",,
jeantet-dufourq-2023,annomate,zenodo.7828148-v1-512813-14,svl_label,1,"Turdidae_Catharus_fuscater,9",,
jeantet-dufourq-2023,annomate,zenodo.7828148-v1-512813-15,svl_label,1,"Turdidae_Catharus_fuscater,9",,
jeantet-dufourq-2023,annomate,zenodo.7828148-v1-512813-16,svl_label,1,"Turdidae_Catharus_fuscater,9",,
jeantet-dufourq-2023,annomate,zenodo.7828148-v1-512813-17,svl_label,1,"Turdidae_Catharus_fuscater,9",,
jeantet-dufourq-2023,annomate,zenodo.7828148-v1-512813-18,svl_label,1,"Turdidae_Catharus_fuscater,9",,
jeantet-dufourq-2023,annomate,zenodo.7828148-v1-512813-19,svl_label,1,"Turdidae_Catharus_fuscater,9",,
jeantet-dufourq-2023,annomate,zenodo.7828148-v1-512813-20,svl_label,1,"Turdidae_Catharus_fuscater,9",,
jeantet-dufourq-2023,annomate,zenodo.7828148-v1-512813-21,svl_label,1,"Turdidae_Catharus_fuscater,9",,
jeantet-dufourq-2023,annomate,zenodo.7828148-v1-512813-22,svl_label,1,"Turdidae_Catharus_fuscater,9",,
jeantet-dufourq-2023,annomate,zenodo.7828148-v1-512813-23,svl_label,1,"Turdidae_Catharus_fuscater,9",,
jeantet-dufourq-2023,annomate,zenodo.7828148-v1-512813-24,svl_label,1,"Turdidae_Catharus_fuscater,9",,
jeantet-dufourq-2023,annomate,zenodo.7828148-v1-512813-25,svl_label,1,"Turdidae_Catharus_fuscater,9",,
jeantet-dufourq-2023,annomate,zenodo.7828148-v1-512813-26,svl_label,1,"Turdidae_Catharus_fuscater,8",,
jeantet-dufourq-2023,annomate,zenodo.7828148-v1-51462-1,svl_label,1,"Turdidae_Catharus_ustulatus,8",,
jeantet-dufourq-2023,annomate,zenodo.7828148-v1-51462-2,svl_label,1,"Turdidae_Catharus_ustulatus,8",,
jeantet-dufourq-2023,annomate,zenodo.7828148-v1-51462-3,svl_label,1,"Turdidae_Catharus_ustulatus,8",,
jeantet-dufourq-2023,annomate,zenodo.7828148-v1-51462-4,svl_label,1,"Turdidae_Catharus_ustulatus,8",,
jeantet-dufourq-2023,annomate,zenodo.7828148-v1-51462-5,svl_label,1,"Turdidae_Catharus_ustulatus,8",,
jeantet-dufourq-2023,annomate,zenodo.7828148-v1-51462-6,svl_label,1,"Turdidae_Catharus_ustulatus,8",,
jeantet-dufourq-2023,annomate,zenodo.7828148-v1-51462-7,svl_label,1,"Turdidae_Catharus_ustulatus,8",,
jeantet-dufourq-2023,annomate,zenodo.7828148-v1-51462-8,svl_label,1,"Turdidae_Catharus_ustulatus,8",,
jeantet-dufourq-2023,annomate,zenodo.7828148-v1-51462-9,svl_label,1,"Turdidae_Catharus_ustulatus,8",,
jeantet-dufourq-2023,annomate,zenodo.7828148-v1-51462-10,svl_label,1,"Turdidae_Catharus_ustulatus,8",,
jeantet-dufourq-2023,annomate,zenodo.7828148-v1-51462-11,svl_label,1,"Turdidae_Catharus_ustulatus,9",,
jeantet-dufourq-2023,annomate,zenodo.7828148-v1-515435-1,svl_label,1,"Fringillidae_Serinus_canicollis,9",,
jeantet-dufourq-2023,annomate,zenodo.7828148-v1-515435-2,svl_label,1,"Fringillidae_Serinus_canicollis,9",,
jeantet-dufourq-2023,annomate,zenodo.7828148-v1-515435-3,svl_label,1,"Fringillidae_Serinus_canicollis,9",,
jeantet-dufourq-2023,annomate,zenodo.7828148-v1-515435-4,svl_label,1,"Fringillidae_Serinus_canicollis,9",,
jeantet-dufourq-2023,annomate,zenodo.7828148-v1-515435-5,svl_label,1,"Fringillidae_Serinus_canicollis,9",,
jeantet-dufourq-2023,annomate,zenodo.7828148-v1-515435-6,svl_label,1,"Fringillidae_Serinus_canicollis,7",,
jeantet-dufourq-2023,annomate,zenodo.7828148-v1-515435-7,svl_label,1,"Fringillidae_Serinus_canicollis,9",,
jeantet-dufourq-2023,annomate,zenodo.7828148-v1-516046-1,svl_label,1,"Fringillidae_Serinus_canicollis,9",,
jeantet-dufourq-2023,annomate,zenodo.7828148-v1-516046-2,svl_label,1,"Fringillidae_Serinus_canicollis,9",,
jeantet-dufourq-2023,annomate,zenodo.7828148-v1-516047-1,svl_label,1,"Fringillidae_Serinus_canicollis,8",,
jeantet-dufourq-2023,annomate,zenodo.7828148-v1-516047-2,svl_label,1,"Fringillidae_Serinus_canicollis,7",,
jeantet-dufourq-2023,annomate,zenodo.7828148-v1-516047-3,svl_label,1,"Fringillidae_Serinus_canicollis,8",,
jeantet-dufourq-2023,annomate,zenodo.7828148-v1-516048-1,svl_label,1,"Fringillidae_Serinus_canicollis, 10",,
jeantet-dufourq-2023,annomate,zenodo.7828148-v1-516048-2,svl_label,1,"Fringillidae_Serinus_canicollis, 10",,
jeantet-dufourq-2023,annomate,zenodo.7828148-v1-516049-1,svl_label,1,"Fringillidae_Serinus_canicollis, 8",,
jeantet-dufourq-2023,annomate,zenodo.7828148-v1-516049-2,svl_label,1,"Fringillidae_Serinus_canicollis, 8",,
jeantet-dufourq-2023,annomate,zenodo.7828148-v1-516049-3,svl_label,1,"Fringillidae_Serinus_canicollis, 8",,
jeantet-dufourq-2023,annomate,zenodo.7828148-v1-516049-4,svl_label,1,"Fringillidae_Serinus_canicollis, 8",,
jeantet-dufourq-2023,annomate,zenodo.7828148-v1-518900-1,svl_label,1,"Paridae_Hypocnemis_cantator,9",,
jeantet-dufourq-2023,annomate,zenodo.7828148-v1-518900-2,svl_label,1,"Paridae_Hypocnemis_cantator,9",,
jeantet-dufourq-2023,annomate,zenodo.7828148-v1-518900-3,svl_label,1,"Paridae_Hypocnemis_cantator,9",,
jeantet-dufourq-2023,annomate,zenodo.7828148-v1-518900-4,svl_label,1,"Paridae_Hypocnemis_cantator,9",,
jeantet-dufourq-2023,annomate,zenodo.7828148-v1-519960-1,svl_label,1,"Paridae_Saxicola_rubetra,9",,
jeantet-dufourq-2023,annomate,zenodo.7828148-v1-519960-2,svl_label,1,"Paridae_Saxicola_rubetra,9",,
jeantet-dufourq-2023,annomate,zenodo.7828148-v1-519960-3,svl_label,1,"Paridae_Saxicola_rubetra,9",,
jeantet-dufourq-2023,annomate,zenodo.7828148-v1-519960-4,svl_label,1,"Paridae_Saxicola_rubetra,9",,
jeantet-dufourq-2023,annomate,zenodo.7828148-v1-519960-5,svl_label,1,"Paridae_Saxicola_rubetra,9",,
jeantet-dufourq-2023,annomate,zenodo.7828148-v1-519960-6,svl_label,1,"Paridae_Saxicola_rubetra,9",,
jeantet-dufourq-2023,annomate,zenodo.7828148-v1-519960-7,svl_label,1,"Paridae_Saxicola_rubetra,9",,
jeantet-dufourq-2023,annomate,zenodo.7828148-v1-519960-8,svl_label,1,"Paridae_Saxicola_rubetra,9",,
jeantet-dufourq-2023,annomate,zenodo.7828148-v1-519960-9,svl_label,1,"Paridae_Saxicola_rubetra,9",,
jeantet-dufourq-2023,annomate,zenodo.7828148-v1-519960-10,svl_label,1,"Paridae_Saxicola_rubetra,9",,
jeantet-dufourq-2023,annomate,zenodo.7828148-v1-519960-11,svl_label,1,"Paridae_Saxicola_rubetra,9",,
jeantet-dufourq-2023,annomate,zenodo.7828148-v1-519960-12,svl_label,1,"Paridae_Saxicola_rubetra,9",,
jeantet-dufourq-2023,annomate,zenodo.7828148-v1-519960-13,svl_label,1,"Paridae_Saxicola_rubetra,9",,
jeantet-dufourq-2023,annomate,zenodo.7828148-v1-519960-14,svl_label,1,"Paridae_Saxicola_rubetra,9",,
jeantet-dufourq-2023,annomate,zenodo.7828148-v1-519962-1,svl_label,1,"Paridae_Saxicola_rubetra,9",,
jeantet-dufourq-2023,annomate,zenodo.7828148-v1-519962-2,svl_label,1,"Paridae_Saxicola_rubetra,9",,
jeantet-dufourq-2023,annomate,zenodo.7828148-v1-519962-3,svl_label,1,"Paridae_Saxicola_rubetra,9",,
jeantet-dufourq-2023,annomate,zenodo.7828148-v1-519962-4,svl_label,1,"Paridae_Saxicola_rubetra,9",,
jeantet-dufourq-2023,annomate,zenodo.7828148-v1-519962-5,svl_label,1,"Paridae_Saxicola_rubetra,9",,
jeantet-dufourq-2023,annomate,zenodo.7828148-v1-519962-6,svl_label,1,"Paridae_Saxicola_rubetra,9",,
jeantet-dufourq-2023,annomate,zenodo.7828148-v1-520034-1,svl_label,1,"Paridae_Hypocnemis_cantator,8",,
jeantet-dufourq-2023,annomate,zenodo.7828148-v1-520034-2,svl_label,1,"Paridae_Hypocnemis_cantator,8",,
jeantet-dufourq-2023,annomate,zenodo.7828148-v1-520034-3,svl_label,1,"Paridae_Hypocnemis_cantator,8",,
jeantet-dufourq-2023,annomate,zenodo.7828148-v1-520034-4,svl_label,1,"Paridae_Hypocnemis_cantator,8",,
jeantet-dufourq-2023,annomate,zenodo.7828148-v1-520034-5,svl_label,1,"Paridae_Hypocnemis_cantator,8",,
jeantet-dufourq-2023,annomate,zenodo.7828148-v1-520034-6,svl_label,1,"Paridae_Hypocnemis_cantator,8",,
jeantet-dufourq-2023,annomate,zenodo.7828148-v1-520034-7,svl_label,1,"Paridae_Hypocnemis_cantator,8",,
jeantet-dufourq-2023,annomate,zenodo.7828148-v1-520034-8,svl_label,1,"Paridae_Hypocnemis_cantator,8",,
jeantet-dufourq-2023,annomate,zenodo.7828148-v1-520034-9,svl_label,1,"Paridae_Hypocnemis_cantator,8",,
jeantet-dufourq-2023,annomate,zenodo.7828148-v1-521390-1,svl_label,1,"Fringillidae_Serinus_canicollis,9",,
jeantet-dufourq-2023,annomate,zenodo.7828148-v1-521390-2,svl_label,1,"Fringillidae_Serinus_canicollis,9",,
jeantet-dufourq-2023,annomate,zenodo.7828148-v1-521390-3,svl_label,1,"Fringillidae_Serinus_canicollis,9",,
jeantet-dufourq-2023,annomate,zenodo.7828148-v1-521390-4,svl_label,1,"Fringillidae_Serinus_canicollis,9",,
jeantet-dufourq-2023,annomate,zenodo.7828148-v1-521390-5,svl_label,1,"Fringillidae_Serinus_canicollis,9",,
jeantet-dufourq-2023,annomate,zenodo.7828148-v1-521390-6,svl_label,1,"Fringillidae_Serinus_canicollis,9",,
jeantet-dufourq-2023,annomate,zenodo.7828148-v1-521390-7,svl_label,1,"Fringillidae_Serinus_canicollis,9",,
jeantet-dufourq-2023,annomate,zenodo.7828148-v1-521390-8,svl_label,1,"Fringillidae_Serinus_canicollis,9",,
jeantet-dufourq-2023,annomate,zenodo.7828148-v1-521390-9,svl_label,1,"Fringillidae_Serinus_canicollis,8",,
jeantet-dufourq-2023,annomate,zenodo.7828148-v1-521390-10,svl_label,1,"Fringillidae_Serinus_canicollis,9",,
jeantet-dufourq-2023,annomate,zenodo.7828148-v1-521393-1,svl_label,1,"Fringillidae_Serinus_canicollis,8",,
jeantet-dufourq-2023,annomate,zenodo.7828148-v1-521393-2,svl_label,1,"Fringillidae_Serinus_canicollis,9",,
jeantet-dufourq-2023,annomate,zenodo.7828148-v1-522014-1,svl_label,1,"Paridae_Saxicola_rubicola,8",,
jeantet-dufourq-2023,annomate,zenodo.7828148-v1-522014-2,svl_label,1,"Paridae_Saxicola_rubicola,8",,
jeantet-dufourq-2023,annomate,zenodo.7828148-v1-522014-3,svl_label,1,"Paridae_Saxicola_rubicola,8",,
jeantet-dufourq-2023,annomate,zenodo.7828148-v1-522014-4,svl_label,1,"Paridae_Saxicola_rubicola,8",,
jeantet-dufourq-2023,annomate,zenodo.7828148-v1-522014-5,svl_label,1,"Paridae_Saxicola_rubicola,8",,
jeantet-dufourq-2023,annomate,zenodo.7828148-v1-522014-6,svl_label,1,"Paridae_Saxicola_rubicola,8",,
jeantet-dufourq-2023,annomate,zenodo.7828148-v1-522014-7,svl_label,1,"Paridae_Saxicola_rubicola,8",,
jeantet-dufourq-2023,annomate,zenodo.7828148-v1-522014-8,svl_label,1,"Paridae_Saxicola_rubicola,8",,
jeantet-dufourq-2023,annomate,zenodo.7828148-v1-522016-1,svl_label,1,"Paridae_Saxicola_rubicola,8",,
jeantet-dufourq-2023,annomate,zenodo.7828148-v1-522016-2,svl_label,1,"Paridae_Saxicola_rubicola,8",,
jeantet-dufourq-2023,annomate,zenodo.7828148-v1-522016-3,svl_label,1,"Paridae_Saxicola_rubicola,8",,
jeantet-dufourq-2023,annomate,zenodo.7828148-v1-522016-4,svl_label,1,"Paridae_Saxicola_rubicola,8",,
jeantet-dufourq-2023,annomate,zenodo.7828148-v1-522016-5,svl_label,1,"Paridae_Saxicola_rubicola,8",,
jeantet-dufourq-2023,annomate,zenodo.7828148-v1-522016-6,svl_label,1,"Paridae_Saxicola_rubicola,8",,
jeantet-dufourq-2023,annomate,zenodo.7828148-v1-522016-7,svl_label,1,"Paridae_Saxicola_rubicola,8",,
jeantet-dufourq-2023,annomate,zenodo.7828148-v1-522016-8,svl_label,1,"Paridae_Saxicola_rubicola,8",,
jeantet-dufourq-2023,annomate,zenodo.7828148-v1-522017-1,svl_label,1,"Paridae_Saxicola_rubicola,8",,
jeantet-dufourq-2023,annomate,zenodo.7828148-v1-522017-2,svl_label,1,"Paridae_Saxicola_rubicola,8",,
jeantet-dufourq-2023,annomate,zenodo.7828148-v1-522017-3,svl_label,1,"Paridae_Saxicola_rubicola,8",,
jeantet-dufourq-2023,annomate,zenodo.7828148-v1-522017-4,svl_label,1,"Paridae_Saxicola_rubicola,8",,
jeantet-dufourq-2023,annomate,zenodo.7828148-v1-522017-5,svl_label,1,"Paridae_Saxicola_rubicola,8",,
jeantet-dufourq-2023,annomate,zenodo.7828148-v1-522018-1,svl_label,1,"Paridae_Saxicola_rubicola,8",,
jeantet-dufourq-2023,annomate,zenodo.7828148-v1-522018-2,svl_label,1,"Paridae_Saxicola_rubicola,8",,
jeantet-dufourq-2023,annomate,zenodo.7828148-v1-522018-3,svl_label,1,"Paridae_Saxicola_rubicola,8",,
jeantet-dufourq-2023,annomate,zenodo.7828148-v1-522018-4,svl_label,1,"Paridae_Saxicola_rubicola,8",,
jeantet-dufourq-2023,annomate,zenodo.7828148-v1-527493-1,svl_label,1,"Fringillidae_Serinus_serinus,9",,
jeantet-dufourq-2023,annomate,zenodo.7828148-v1-527493-2,svl_label,1,"Fringillidae_Serinus_serinus,9",,
jeantet-dufourq-2023,annomate,zenodo.7828148-v1-527493-3,svl_label,1,"Fringillidae_Serinus_serinus,8",,
jeantet-dufourq-2023,annomate,zenodo.7828148-v1-527493-4,svl_label,1,"Fringillidae_Serinus_serinus,9",,
jeantet-dufourq-2023,annomate,zenodo.7828148-v1-527493-5,svl_label,1,"Fringillidae_Serinus_serinus,8",,
jeantet-dufourq-2023,annomate,zenodo.7828148-v1-527493-6,svl_label,1,"Fringillidae_Serinus_serinus,9",,
jeantet-dufourq-2023,annomate,zenodo.7828148-v1-527493-7,svl_label,1,"Fringillidae_Serinus_serinus,8",,
jeantet-dufourq-2023,annomate,zenodo.7828148-v1-527493-8,svl_label,1,"Fringillidae_Serinus_serinus,9",,
jeantet-dufourq-2023,annomate,zenodo.7828148-v1-527493-9,svl_label,1,"Fringillidae_Serinus_serinus,6",,
jeantet-dufourq-2023,annomate,zenodo.7828148-v1-527493-10,svl_label,1,"Fringillidae_Serinus_serinus,9",,
jeantet-dufourq-2023,annomate,zenodo.7828148-v1-529000-1,svl_label,1,"Turdidae_Catharus_fuscater,9",,
jeantet-dufourq-2023,annomate,zenodo.7828148-v1-529000-2,svl_label,1,"Turdidae_Catharus_fuscater,9",,
jeantet-dufourq-2023,annomate,zenodo.7828148-v1-529000-3,svl_label,1,"Turdidae_Catharus_fuscater,9",,
jeantet-dufourq-2023,annomate,zenodo.7828148-v1-529000-4,svl_label,1,"Turdidae_Catharus_fuscater,9",,
jeantet-dufourq-2023,annomate,zenodo.7828148-v1-529000-5,svl_label,1,"Turdidae_Catharus_fuscater,9",,
jeantet-dufourq-2023,annomate,zenodo.7828148-v1-529000-6,svl_label,1,"Turdidae_Catharus_fuscater,9",,
jeantet-dufourq-2023,annomate,zenodo.7828148-v1-529000-7,svl_label,1,"Turdidae_Catharus_fuscater,9",,
jeantet-dufourq-2023,annomate,zenodo.7828148-v1-529000-8,svl_label,1,"Turdidae_Catharus_fuscater,9",,
jeantet-dufourq-2023,annomate,zenodo.7828148-v1-530952-1,svl_label,1,"Paridae_Saxicola_rubicola,8",,
jeantet-dufourq-2023,annomate,zenodo.7828148-v1-530952-2,svl_label,1,"Paridae_Saxicola_rubicola,8",,
jeantet-dufourq-2023,annomate,zenodo.7828148-v1-530952-3,svl_label,1,"Paridae_Saxicola_rubicola,8",,
jeantet-dufourq-2023,annomate,zenodo.7828148-v1-530952-4,svl_label,1,"Paridae_Saxicola_rubicola,8",,
jeantet-dufourq-2023,annomate,zenodo.7828148-v1-530952-5,svl_label,1,"Paridae_Saxicola_rubicola,8",,
jeantet-dufourq-2023,annomate,zenodo.7828148-v1-530952-6,svl_label,1,"Paridae_Saxicola_rubicola,8",,
jeantet-dufourq-2023,annomate,zenodo.7828148-v1-530952-7,svl_label,1,"Paridae_Saxicola_rubicola,8",,
jeantet-dufourq-2023,annomate,zenodo.7828148-v1-530952-8,svl_label,1,"Paridae_Saxicola_rubicola,8",,
jeantet-dufourq-2023,annomate,zenodo.7828148-v1-530952-9,svl_label,1,"Paridae_Saxicola_rubicola,8",,
jeantet-dufourq-2023,annomate,zenodo.7828148-v1-530952-10,svl_label,1,"Paridae_Saxicola_rubicola,8",,
jeantet-dufourq-2023,annomate,zenodo.7828148-v1-530952-11,svl_label,1,"Paridae_Saxicola_rubicola,8",,
jeantet-dufourq-2023,annomate,zenodo.7828148-v1-530952-12,svl_label,1,"Paridae_Saxicola_rubicola,8",,
jeantet-dufourq-2023,annomate,zenodo.7828148-v1-530952-13,svl_label,1,"Paridae_Saxicola_rubicola,8",,
jeantet-dufourq-2023,annomate,zenodo.7828148-v1-530952-14,svl_label,1,"Paridae_Saxicola_rubicola,8",,
jeantet-dufourq-2023,annomate,zenodo.7828148-v1-530952-15,svl_label,1,"Paridae_Saxicola_rubicola,8",,
jeantet-dufourq-2023,annomate,zenodo.7828148-v1-530952-16,svl_label,1,"Paridae_Saxicola_rubicola,8",,
jeantet-dufourq-2023,annomate,zenodo.7828148-v1-530952-17,svl_label,1,"Paridae_Saxicola_rubicola,8",,
jeantet-dufourq-2023,annomate,zenodo.7828148-v1-530952-18,svl_label,1,"Paridae_Saxicola_rubicola,8",,
jeantet-dufourq-2023,annomate,zenodo.7828148-v1-530952-19,svl_label,1,"Paridae_Saxicola_rubicola,8",,
jeantet-dufourq-2023,annomate,zenodo.7828148-v1-530952-20,svl_label,1,"Paridae_Saxicola_rubicola,8",,
jeantet-dufourq-2023,annomate,zenodo.7828148-v1-533402-1,svl_label,1,"Troglodytidae_Troglodytes_hiemalis,9",,
jeantet-dufourq-2023,annomate,zenodo.7828148-v1-533402-2,svl_label,1,"Troglodytidae_Troglodytes_hiemalis,9",,
jeantet-dufourq-2023,annomate,zenodo.7828148-v1-533402-3,svl_label,1,"Troglodytidae_Troglodytes_hiemalis,9",,
jeantet-dufourq-2023,annomate,zenodo.7828148-v1-533402-4,svl_label,1,"Troglodytidae_Troglodytes_hiemalis,9",,
jeantet-dufourq-2023,annomate,zenodo.7828148-v1-535506-1,svl_label,1,"Paridae_Saxicola_rubicola,6",,
jeantet-dufourq-2023,annomate,zenodo.7828148-v1-535506-2,svl_label,1,"Paridae_Saxicola_rubicola,6",,
jeantet-dufourq-2023,annomate,zenodo.7828148-v1-535506-3,svl_label,1,"Paridae_Saxicola_rubicola,6",,
jeantet-dufourq-2023,annomate,zenodo.7828148-v1-535506-4,svl_label,1,"Paridae_Saxicola_rubicola,6",,
jeantet-dufourq-2023,annomate,zenodo.7828148-v1-536260-1,svl_label,1,"Paridae_Hypocnemis_hypoxantha,9",,
jeantet-dufourq-2023,annomate,zenodo.7828148-v1-536260-2,svl_label,1,"Paridae_Hypocnemis_hypoxantha,9",,
jeantet-dufourq-2023,annomate,zenodo.7828148-v1-536260-3,svl_label,1,"Paridae_Hypocnemis_hypoxantha,9",,
jeantet-dufourq-2023,annomate,zenodo.7828148-v1-536260-4,svl_label,1,"Paridae_Hypocnemis_hypoxantha,9",,
jeantet-dufourq-2023,annomate,zenodo.7828148-v1-536260-5,svl_label,1,"Paridae_Hypocnemis_hypoxantha,9",,
jeantet-dufourq-2023,annomate,zenodo.7828148-v1-536260-6,svl_label,1,"Paridae_Hypocnemis_hypoxantha,9",,
jeantet-dufourq-2023,annomate,zenodo.7828148-v1-536260-7,svl_label,1,"Paridae_Hypocnemis_hypoxantha,9",,
jeantet-dufourq-2023,annomate,zenodo.7828148-v1-536260-8,svl_label,1,"Paridae_Hypocnemis_hypoxantha,9",,
jeantet-dufourq-2023,annomate,zenodo.7828148-v1-537625-1,svl_label,1,"Troglodytidae_Troglodytes_aedon,8",,
jeantet-dufourq-2023,annomate,zenodo.7828148-v1-537625-2,svl_label,1,"Troglodytidae_Troglodytes_aedon,8",,
jeantet-dufourq-2023,annomate,zenodo.7828148-v1-539960-1,svl_label,1,"Turdidae_Catharus_aurantiirostris,9",,
jeantet-dufourq-2023,annomate,zenodo.7828148-v1-539960-2,svl_label,1,"Turdidae_Catharus_aurantiirostris,9",,
jeantet-dufourq-2023,annomate,zenodo.7828148-v1-539960-3,svl_label,1,"Turdidae_Catharus_aurantiirostris,8",,
jeantet-dufourq-2023,annomate,zenodo.7828148-v1-539964-1,svl_label,1,"Turdidae_Catharus_aurantiirostris,6",,
jeantet-dufourq-2023,annomate,zenodo.7828148-v1-539964-2,svl_label,1,"Turdidae_Catharus_aurantiirostris,6",,
jeantet-dufourq-2023,annomate,zenodo.7828148-v1-539964-3,svl_label,1,"Turdidae_Catharus_aurantiirostris,6",,
jeantet-dufourq-2023,annomate,zenodo.7828148-v1-541181-1,svl_label,1,"Paridae_Saxicola_rubicola,8",,
jeantet-dufourq-2023,annomate,zenodo.7828148-v1-541181-2,svl_label,1,"Paridae_Saxicola_rubicola,8",,
jeantet-dufourq-2023,annomate,zenodo.7828148-v1-541181-3,svl_label,1,"Paridae_Saxicola_rubicola,8",,
jeantet-dufourq-2023,annomate,zenodo.7828148-v1-541181-4,svl_label,1,"Paridae_Saxicola_rubicola,8",,
jeantet-dufourq-2023,annomate,zenodo.7828148-v1-541181-5,svl_label,1,"Paridae_Saxicola_rubicola,8",,
jeantet-dufourq-2023,annomate,zenodo.7828148-v1-541181-6,svl_label,1,"Paridae_Saxicola_rubicola,8",,
jeantet-dufourq-2023,annomate,zenodo.7828148-v1-541181-7,svl_label,1,"Paridae_Saxicola_rubicola,8",,
jeantet-dufourq-2023,annomate,zenodo.7828148-v1-541181-8,svl_label,1,"Paridae_Saxicola_rubicola,8",,
jeantet-dufourq-2023,annomate,zenodo.7828148-v1-541181-9,svl_label,1,"Paridae_Saxicola_rubicola,8",,
jeantet-dufourq-2023,annomate,zenodo.7828148-v1-541181-10,svl_label,1,"Paridae_Saxicola_rubicola,8",,
jeantet-dufourq-2023,annomate,zenodo.7828148-v1-541419-1,svl_label,1,"Paridae_Saxicola_rubicola,9",,
jeantet-dufourq-2023,annomate,zenodo.7828148-v1-541419-2,svl_label,1,"Paridae_Saxicola_rubicola,9",,
jeantet-dufourq-2023,annomate,zenodo.7828148-v1-541419-3,svl_label,1,"Paridae_Saxicola_rubicola,9",,
jeantet-dufourq-2023,annomate,zenodo.7828148-v1-541419-4,svl_label,1,"Paridae_Saxicola_rubicola,9",,
jeantet-dufourq-2023,annomate,zenodo.7828148-v1-541419-5,svl_label,1,"Paridae_Saxicola_rubicola,9",,
jeantet-dufourq-2023,annomate,zenodo.7828148-v1-541419-6,svl_label,1,"Paridae_Saxicola_rubicola,9",,
jeantet-dufourq-2023,annomate,zenodo.7828148-v1-541419-7,svl_label,1,"Paridae_Saxicola_rubicola,9",,
jeantet-dufourq-2023,annomate,zenodo.7828148-v1-541419-8,svl_label,1,"Paridae_Saxicola_rubicola,9",,
jeantet-dufourq-2023,annomate,zenodo.7828148-v1-541419-9,svl_label,1,"Paridae_Saxicola_rubicola,9",,
jeantet-dufourq-2023,annomate,zenodo.7828148-v1-541419-10,svl_label,1,"Paridae_Saxicola_rubicola,9",,
jeantet-dufourq-2023,annomate,zenodo.7828148-v1-541419-11,svl_label,1,"Paridae_Saxicola_rubicola,9",,
jeantet-dufourq-2023,annomate,zenodo.7828148-v1-541955-1,svl_label,1,"Paridae_Hypocnemis_hypoxantha, 10",,
jeantet-dufourq-2023,annomate,zenodo.7828148-v1-541955-2,svl_label,1,"Paridae_Hypocnemis_hypoxantha, 10",,
jeantet-dufourq-2023,annomate,zenodo.7828148-v1-541955-3,svl_label,1,"Paridae_Hypocnemis_hypoxantha, 10",,
jeantet-dufourq-2023,annomate,zenodo.7828148-v1-541955-4,svl_label,1,"Paridae_Hypocnemis_hypoxantha, 10",,
jeantet-dufourq-2023,annomate,zenodo.7828148-v1-541955-5,svl_label,1,"Paridae_Hypocnemis_hypoxantha, 10",,
jeantet-dufourq-2023,annomate,zenodo.7828148-v1-541955-6,svl_label,1,"Paridae_Hypocnemis_hypoxantha, 10",,
jeantet-dufourq-2023,annomate,zenodo.7828148-v1-541955-7,svl_label,1,"Paridae_Hypocnemis_hypoxantha, 10",,
jeantet-dufourq-2023,annomate,zenodo.7828148-v1-541955-8,svl_label,1,"Paridae_Hypocnemis_hypoxantha, 10",,
jeantet-dufourq-2023,annomate,zenodo.7828148-v1-543968-1,svl_label,1,"Paridae_Saxicola_rubetra,9",,
jeantet-dufourq-2023,annomate,zenodo.7828148-v1-543968-2,svl_label,1,"Paridae_Saxicola_rubetra,9",,
jeantet-dufourq-2023,annomate,zenodo.7828148-v1-543968-3,svl_label,1,"Paridae_Saxicola_rubetra,9",,
jeantet-dufourq-2023,annomate,zenodo.7828148-v1-543968-4,svl_label,1,"Paridae_Saxicola_rubetra,9",,
jeantet-dufourq-2023,annomate,zenodo.7828148-v1-543968-5,svl_label,1,"Paridae_Saxicola_rubetra,9",,
jeantet-dufourq-2023,annomate,zenodo.7828148-v1-543968-6,svl_label,1,"Paridae_Saxicola_rubetra,9",,
jeantet-dufourq-2023,annomate,zenodo.7828148-v1-543968-7,svl_label,1,"Paridae_Saxicola_rubetra,9",,
jeantet-dufourq-2023,annomate,zenodo.7828148-v1-543968-8,svl_label,1,"Paridae_Saxicola_rubetra,9",,
jeantet-dufourq-2023,annomate,zenodo.7828148-v1-543968-9,svl_label,1,"Paridae_Saxicola_rubetra,9",,
jeantet-dufourq-2023,annomate,zenodo.7828148-v1-543968-10,svl_label,1,"Paridae_Saxicola_rubetra,9",,
jeantet-dufourq-2023,annomate,zenodo.7828148-v1-543968-11,svl_label,1,"Paridae_Saxicola_rubetra,9",,
jeantet-dufourq-2023,annomate,zenodo.7828148-v1-543968-12,svl_label,1,"Paridae_Saxicola_rubetra,9",,
jeantet-dufourq-2023,annomate,zenodo.7828148-v1-543968-13,svl_label,1,"Paridae_Saxicola_rubetra,9",,
jeantet-dufourq-2023,annomate,zenodo.7828148-v1-543968-14,svl_label,1,"Paridae_Saxicola_rubetra,9",,
jeantet-dufourq-2023,annomate,zenodo.7828148-v1-54428-1,svl_label,1,"Turdidae_Catharus_ustulatus,9",,
jeantet-dufourq-2023,annomate,zenodo.7828148-v1-54428-2,svl_label,1,"Turdidae_Catharus_ustulatus,9",,
jeantet-dufourq-2023,annomate,zenodo.7828148-v1-54428-3,svl_label,1,"Turdidae_Catharus_ustulatus,9",,
jeantet-dufourq-2023,annomate,zenodo.7828148-v1-54428-4,svl_label,1,"Turdidae_Catharus_ustulatus,9",,
jeantet-dufourq-2023,annomate,zenodo.7828148-v1-54428-5,svl_label,1,"Turdidae_Catharus_ustulatus,9",,
jeantet-dufourq-2023,annomate,zenodo.7828148-v1-54428-6,svl_label,1,"Turdidae_Catharus_ustulatus,9",,
jeantet-dufourq-2023,annomate,zenodo.7828148-v1-54428-7,svl_label,1,"Turdidae_Catharus_ustulatus,9",,
jeantet-dufourq-2023,annomate,zenodo.7828148-v1-54428-8,svl_label,1,"Turdidae_Catharus_ustulatus,9",,
jeantet-dufourq-2023,annomate,zenodo.7828148-v1-54462-1,svl_label,1,"Turdidae_Catharus_fuscescens,9",,
jeantet-dufourq-2023,annomate,zenodo.7828148-v1-54462-2,svl_label,1,"Turdidae_Catharus_fuscescens,9",,
jeantet-dufourq-2023,annomate,zenodo.7828148-v1-54462-3,svl_label,1,"Turdidae_Catharus_fuscescens,9",,
jeantet-dufourq-2023,annomate,zenodo.7828148-v1-54462-4,svl_label,1,"Turdidae_Catharus_fuscescens,9",,
jeantet-dufourq-2023,annomate,zenodo.7828148-v1-54462-5,svl_label,1,"Turdidae_Catharus_fuscescens,9",,
jeantet-dufourq-2023,annomate,zenodo.7828148-v1-54462-6,svl_label,1,"Turdidae_Catharus_fuscescens,9",,
jeantet-dufourq-2023,annomate,zenodo.7828148-v1-54462-7,svl_label,1,"Turdidae_Catharus_fuscescens,9",,
jeantet-dufourq-2023,annomate,zenodo.7828148-v1-54462-8,svl_label,1,"Turdidae_Catharus_fuscescens,9",,
jeantet-dufourq-2023,annomate,zenodo.7828148-v1-545139-1,svl_label,1,"Turdidae_Catharus_fuscater,9",,
jeantet-dufourq-2023,annomate,zenodo.7828148-v1-545139-2,svl_label,1,"Turdidae_Catharus_fuscater,9",,
jeantet-dufourq-2023,annomate,zenodo.7828148-v1-545139-3,svl_label,1,"Turdidae_Catharus_fuscater,9",,
jeantet-dufourq-2023,annomate,zenodo.7828148-v1-545139-4,svl_label,1,"Turdidae_Catharus_fuscater,9",,
jeantet-dufourq-2023,annomate,zenodo.7828148-v1-545139-5,svl_label,1,"Turdidae_Catharus_fuscater,9",,
jeantet-dufourq-2023,annomate,zenodo.7828148-v1-545139-6,svl_label,1,"Turdidae_Catharus_fuscater,9",,
jeantet-dufourq-2023,annomate,zenodo.7828148-v1-545139-7,svl_label,1,"Turdidae_Catharus_fuscater,9",,
jeantet-dufourq-2023,annomate,zenodo.7828148-v1-545139-8,svl_label,1,"Turdidae_Catharus_fuscater,9",,
jeantet-dufourq-2023,annomate,zenodo.7828148-v1-547092-1,svl_label,1,"Paridae_Saxicola_rubicola,8",,
jeantet-dufourq-2023,annomate,zenodo.7828148-v1-547092-2,svl_label,1,"Paridae_Saxicola_rubicola,8",,
jeantet-dufourq-2023,annomate,zenodo.7828148-v1-547092-3,svl_label,1,"Paridae_Saxicola_rubicola,8",,
jeantet-dufourq-2023,annomate,zenodo.7828148-v1-547092-4,svl_label,1,"Paridae_Saxicola_rubicola,8",,
jeantet-dufourq-2023,annomate,zenodo.7828148-v1-547092-5,svl_label,1,"Paridae_Saxicola_rubicola,8",,
jeantet-dufourq-2023,annomate,zenodo.7828148-v1-547092-6,svl_label,1,"Paridae_Saxicola_rubicola,8",,
jeantet-dufourq-2023,annomate,zenodo.7828148-v1-547092-7,svl_label,1,"Paridae_Saxicola_rubicola,8",,
jeantet-dufourq-2023,annomate,zenodo.7828148-v1-547092-8,svl_label,1,"Paridae_Saxicola_rubicola,8",,
jeantet-dufourq-2023,annomate,zenodo.7828148-v1-548070-1,svl_label,1,"Fringillidae_Serinus_serinus,9",,
jeantet-dufourq-2023,annomate,zenodo.7828148-v1-548070-2,svl_label,1,"Fringillidae_Serinus_serinus,9",,
jeantet-dufourq-2023,annomate,zenodo.7828148-v1-548070-3,svl_label,1,"Fringillidae_Serinus_serinus,9",,
jeantet-dufourq-2023,annomate,zenodo.7828148-v1-548070-4,svl_label,1,"Fringillidae_Serinus_serinus,9",,
jeantet-dufourq-2023,annomate,zenodo.7828148-v1-548070-5,svl_label,1,"Fringillidae_Serinus_serinus,9",,
jeantet-dufourq-2023,annomate,zenodo.7828148-v1-548070-6,svl_label,1,"Fringillidae_Serinus_serinus,9",,
jeantet-dufourq-2023,annomate,zenodo.7828148-v1-548070-7,svl_label,1,"Fringillidae_Serinus_serinus,9",,
jeantet-dufourq-2023,annomate,zenodo.7828148-v1-548070-8,svl_label,1,"Fringillidae_Serinus_serinus,9",,
jeantet-dufourq-2023,annomate,zenodo.7828148-v1-548070-9,svl_label,1,"Fringillidae_Serinus_serinus,9",,
jeantet-dufourq-2023,annomate,zenodo.7828148-v1-548070-10,svl_label,1,"Fringillidae_Serinus_serinus,9",,
jeantet-dufourq-2023,annomate,zenodo.7828148-v1-548070-11,svl_label,1,"Fringillidae_Serinus_serinus,9",,
jeantet-dufourq-2023,annomate,zenodo.7828148-v1-548070-12,svl_label,1,"Fringillidae_Serinus_serinus,9",,
jeantet-dufourq-2023,annomate,zenodo.7828148-v1-54830-1,svl_label,1,"Turdidae_Catharus_bicknelli,9",,
jeantet-dufourq-2023,annomate,zenodo.7828148-v1-54830-2,svl_label,1,"Turdidae_Catharus_bicknelli,9",,
jeantet-dufourq-2023,annomate,zenodo.7828148-v1-54830-3,svl_label,1,"Turdidae_Catharus_bicknelli,9",,
jeantet-dufourq-2023,annomate,zenodo.7828148-v1-54830-4,svl_label,1,"Turdidae_Catharus_bicknelli,9",,
jeantet-dufourq-2023,annomate,zenodo.7828148-v1-54830-5,svl_label,1,"Turdidae_Catharus_bicknelli,9",,
jeantet-dufourq-2023,annomate,zenodo.7828148-v1-54830-6,svl_label,1,"Turdidae_Catharus_bicknelli,9",,
jeantet-dufourq-2023,annomate,zenodo.7828148-v1-54830-7,svl_label,1,"Turdidae_Catharus_bicknelli,9",,
jeantet-dufourq-2023,annomate,zenodo.7828148-v1-54830-8,svl_label,1,"Turdidae_Catharus_bicknelli,9",,
jeantet-dufourq-2023,annomate,zenodo.7828148-v1-54830-9,svl_label,1,"Turdidae_Catharus_bicknelli,9",,
jeantet-dufourq-2023,annomate,zenodo.7828148-v1-54830-10,svl_label,1,"Turdidae_Catharus_bicknelli,9",,
jeantet-dufourq-2023,annomate,zenodo.7828148-v1-54831-1,svl_label,1,"Turdidae_Catharus_bicknelli,9",,
jeantet-dufourq-2023,annomate,zenodo.7828148-v1-54831-2,svl_label,1,"Turdidae_Catharus_bicknelli,9",,
jeantet-dufourq-2023,annomate,zenodo.7828148-v1-54831-3,svl_label,1,"Turdidae_Catharus_bicknelli,9",,
jeantet-dufourq-2023,annomate,zenodo.7828148-v1-54831-4,svl_label,1,"Turdidae_Catharus_bicknelli,9",,
jeantet-dufourq-2023,annomate,zenodo.7828148-v1-54832-1,svl_label,1,"Turdidae_Catharus_bicknelli,8",,
jeantet-dufourq-2023,annomate,zenodo.7828148-v1-54832-2,svl_label,1,"Turdidae_Catharus_bicknelli,8",,
jeantet-dufourq-2023,annomate,zenodo.7828148-v1-54832-3,svl_label,1,"Turdidae_Catharus_bicknelli,8",,
jeantet-dufourq-2023,annomate,zenodo.7828148-v1-54832-4,svl_label,1,"Turdidae_Catharus_bicknelli,8",,
jeantet-dufourq-2023,annomate,zenodo.7828148-v1-54832-5,svl_label,1,"Turdidae_Catharus_bicknelli,8",,
jeantet-dufourq-2023,annomate,zenodo.7828148-v1-54832-6,svl_label,1,"Turdidae_Catharus_bicknelli,8",,
jeantet-dufourq-2023,annomate,zenodo.7828148-v1-54832-7,svl_label,1,"Turdidae_Catharus_bicknelli,8",,
jeantet-dufourq-2023,annomate,zenodo.7828148-v1-54832-8,svl_label,1,"Turdidae_Catharus_bicknelli,8",,
jeantet-dufourq-2023,annomate,zenodo.7828148-v1-54832-9,svl_label,1,"Turdidae_Catharus_bicknelli,8",,
jeantet-dufourq-2023,annomate,zenodo.7828148-v1-54832-10,svl_label,1,"Turdidae_Catharus_bicknelli,8",,
jeantet-dufourq-2023,annomate,zenodo.7828148-v1-54832-11,svl_label,1,"Turdidae_Catharus_bicknelli,8",,
jeantet-dufourq-2023,annomate,zenodo.7828148-v1-550241-1,svl_label,1,"Troglodytidae_Troglodytes_hiemalis,9",,
jeantet-dufourq-2023,annomate,zenodo.7828148-v1-550241-2,svl_label,1,"Troglodytidae_Troglodytes_hiemalis,9",,
jeantet-dufourq-2023,annomate,zenodo.7828148-v1-550241-3,svl_label,1,"Troglodytidae_Troglodytes_hiemalis,9",,
jeantet-dufourq-2023,annomate,zenodo.7828148-v1-550241-4,svl_label,1,"Troglodytidae_Troglodytes_hiemalis,9",,
jeantet-dufourq-2023,annomate,zenodo.7828148-v1-55102-1,svl_label,1,"Fringillidae_Serinus_serinus, 10",,
jeantet-dufourq-2023,annomate,zenodo.7828148-v1-55102-2,svl_label,1,"Fringillidae_Serinus_serinus, 10",,
jeantet-dufourq-2023,annomate,zenodo.7828148-v1-55102-3,svl_label,1,"Fringillidae_Serinus_serinus, 10",,
jeantet-dufourq-2023,annomate,zenodo.7828148-v1-55102-4,svl_label,1,"Fringillidae_Serinus_serinus, 10",,
jeantet-dufourq-2023,annomate,zenodo.7828148-v1-55102-5,svl_label,1,"Fringillidae_Serinus_serinus, 10",,
jeantet-dufourq-2023,annomate,zenodo.7828148-v1-551248-1,svl_label,1,"Fringillidae_Serinus_serinus, 10",,
jeantet-dufourq-2023,annomate,zenodo.7828148-v1-551248-2,svl_label,1,"Fringillidae_Serinus_serinus, 10",,
jeantet-dufourq-2023,annomate,zenodo.7828148-v1-551248-3,svl_label,1,"Fringillidae_Serinus_serinus, 10",,
jeantet-dufourq-2023,annomate,zenodo.7828148-v1-551248-4,svl_label,1,"Fringillidae_Serinus_serinus, 10",,
jeantet-dufourq-2023,annomate,zenodo.7828148-v1-551248-5,svl_label,1,"Fringillidae_Serinus_serinus, 10",,
jeantet-dufourq-2023,annomate,zenodo.7828148-v1-551248-6,svl_label,1,"Fringillidae_Serinus_serinus, 10",,
jeantet-dufourq-2023,annomate,zenodo.7828148-v1-551248-7,svl_label,1,"Fringillidae_Serinus_serinus, 10",,
jeantet-dufourq-2023,annomate,zenodo.7828148-v1-551248-8,svl_label,1,"Fringillidae_Serinus_serinus, 10",,
jeantet-dufourq-2023,annomate,zenodo.7828148-v1-551248-9,svl_label,1,"Fringillidae_Serinus_serinus, 10",,
jeantet-dufourq-2023,annomate,zenodo.7828148-v1-551248-10,svl_label,1,"Fringillidae_Serinus_serinus, 10",,
jeantet-dufourq-2023,annomate,zenodo.7828148-v1-551248-11,svl_label,1,"Fringillidae_Serinus_serinus, 10",,
jeantet-dufourq-2023,annomate,zenodo.7828148-v1-551248-12,svl_label,1,"Fringillidae_Serinus_serinus, 10",,
jeantet-dufourq-2023,annomate,zenodo.7828148-v1-551248-13,svl_label,1,"Fringillidae_Serinus_serinus, 10",,
jeantet-dufourq-2023,annomate,zenodo.7828148-v1-551248-14,svl_label,1,"Fringillidae_Serinus_serinus, 10",,
jeantet-dufourq-2023,annomate,zenodo.7828148-v1-551248-15,svl_label,1,"Fringillidae_Serinus_serinus, 10",,
jeantet-dufourq-2023,annomate,zenodo.7828148-v1-551248-16,svl_label,1,"Fringillidae_Serinus_serinus, 10",,
jeantet-dufourq-2023,annomate,zenodo.7828148-v1-554701-1,svl_label,1,"Troglodytidae_Troglodytes_hiemalis,9",,
jeantet-dufourq-2023,annomate,zenodo.7828148-v1-554701-2,svl_label,1,"Troglodytidae_Troglodytes_hiemalis,9",,
jeantet-dufourq-2023,annomate,zenodo.7828148-v1-554701-3,svl_label,1,"Troglodytidae_Troglodytes_hiemalis,9",,
jeantet-dufourq-2023,annomate,zenodo.7828148-v1-554701-4,svl_label,1,"Troglodytidae_Troglodytes_hiemalis,9",,
jeantet-dufourq-2023,annomate,zenodo.7828148-v1-554701-5,svl_label,1,"Troglodytidae_Troglodytes_hiemalis,9",,
jeantet-dufourq-2023,annomate,zenodo.7828148-v1-554701-6,svl_label,1,"Troglodytidae_Troglodytes_hiemalis,9",,
jeantet-dufourq-2023,annomate,zenodo.7828148-v1-554701-7,svl_label,1,"Troglodytidae_Troglodytes_hiemalis,9",,
jeantet-dufourq-2023,annomate,zenodo.7828148-v1-554701-8,svl_label,1,"Troglodytidae_Troglodytes_hiemalis,9",,
jeantet-dufourq-2023,annomate,zenodo.7828148-v1-554701-9,svl_label,1,"Troglodytidae_Troglodytes_hiemalis,9",,
jeantet-dufourq-2023,annomate,zenodo.7828148-v1-554701-10,svl_label,1,"Troglodytidae_Troglodytes_hiemalis,9",,
jeantet-dufourq-2023,annomate,zenodo.7828148-v1-556823-1,svl_label,1,"Fringillidae_Serinus_serinus,7",,
jeantet-dufourq-2023,annomate,zenodo.7828148-v1-556823-2,svl_label,1,"Fringillidae_Serinus_serinus,8",,
jeantet-dufourq-2023,annomate,zenodo.7828148-v1-556823-3,svl_label,1,"Fringillidae_Serinus_serinus,8",,
jeantet-dufourq-2023,annomate,zenodo.7828148-v1-556823-4,svl_label,1,"Fringillidae_Serinus_serinus,8",,
jeantet-dufourq-2023,annomate,zenodo.7828148-v1-557240-1,svl_label,1," Paridae_Saxicola_rubicola,9",,
jeantet-dufourq-2023,annomate,zenodo.7828148-v1-557240-2,svl_label,1," Paridae_Saxicola_rubicola,9",,
jeantet-dufourq-2023,annomate,zenodo.7828148-v1-557240-3,svl_label,1," Paridae_Saxicola_rubicola,9",,
jeantet-dufourq-2023,annomate,zenodo.7828148-v1-557240-4,svl_label,1," Paridae_Saxicola_rubicola,9",,
jeantet-dufourq-2023,annomate,zenodo.7828148-v1-557240-5,svl_label,1," Paridae_Saxicola_rubicola,9",,
jeantet-dufourq-2023,annomate,zenodo.7828148-v1-557484-1,svl_label,1,"Paridae_Saxicola_rubetra,9",,
jeantet-dufourq-2023,annomate,zenodo.7828148-v1-557484-2,svl_label,1,"Paridae_Saxicola_rubetra,9",,
jeantet-dufourq-2023,annomate,zenodo.7828148-v1-557484-3,svl_label,1,"Paridae_Saxicola_rubetra,9",,
jeantet-dufourq-2023,annomate,zenodo.7828148-v1-557484-4,svl_label,1,"Paridae_Saxicola_rubetra,9",,
jeantet-dufourq-2023,annomate,zenodo.7828148-v1-557484-5,svl_label,1,"Paridae_Saxicola_rubetra,9",,
jeantet-dufourq-2023,annomate,zenodo.7828148-v1-557484-6,svl_label,1,"Paridae_Saxicola_rubetra,9",,
jeantet-dufourq-2023,annomate,zenodo.7828148-v1-557484-7,svl_label,1,"Paridae_Saxicola_rubetra,9",,
jeantet-dufourq-2023,annomate,zenodo.7828148-v1-55775-1,svl_label,1,"Turdidae_Catharus_aurantiirostris,8",,
jeantet-dufourq-2023,annomate,zenodo.7828148-v1-55775-2,svl_label,1,"Turdidae_Catharus_aurantiirostris,8",,
jeantet-dufourq-2023,annomate,zenodo.7828148-v1-55775-3,svl_label,1,"Turdidae_Catharus_aurantiirostris,8",,
jeantet-dufourq-2023,annomate,zenodo.7828148-v1-55775-4,svl_label,1,"Turdidae_Catharus_aurantiirostris,8",,
jeantet-dufourq-2023,annomate,zenodo.7828148-v1-55775-5,svl_label,1,"Turdidae_Catharus_aurantiirostris,8",,
jeantet-dufourq-2023,annomate,zenodo.7828148-v1-55775-6,svl_label,1,"Turdidae_Catharus_aurantiirostris,8",,
jeantet-dufourq-2023,annomate,zenodo.7828148-v1-55775-7,svl_label,1,"Turdidae_Catharus_aurantiirostris,8",,
jeantet-dufourq-2023,annomate,zenodo.7828148-v1-55776-1,svl_label,1,"Turdidae_Catharus_aurantiirostris,8",,
jeantet-dufourq-2023,annomate,zenodo.7828148-v1-55776-2,svl_label,1,"Turdidae_Catharus_aurantiirostris,8",,
jeantet-dufourq-2023,annomate,zenodo.7828148-v1-55776-3,svl_label,1,"Turdidae_Catharus_aurantiirostris,8",,
jeantet-dufourq-2023,annomate,zenodo.7828148-v1-55776-4,svl_label,1,"Turdidae_Catharus_aurantiirostris,8",,
jeantet-dufourq-2023,annomate,zenodo.7828148-v1-55776-5,svl_label,1,"Turdidae_Catharus_aurantiirostris,8",,
jeantet-dufourq-2023,annomate,zenodo.7828148-v1-55776-6,svl_label,1,"Turdidae_Catharus_aurantiirostris,8",,
jeantet-dufourq-2023,annomate,zenodo.7828148-v1-558274-1,svl_label,1,"Fringillidae_Serinus_serinus,9",,
jeantet-dufourq-2023,annomate,zenodo.7828148-v1-558274-2,svl_label,1,"Fringillidae_Serinus_serinus,9",,
jeantet-dufourq-2023,annomate,zenodo.7828148-v1-558274-3,svl_label,1,"Fringillidae_Serinus_serinus,9",,
jeantet-dufourq-2023,annomate,zenodo.7828148-v1-558274-4,svl_label,1,"Fringillidae_Serinus_serinus,9",,
jeantet-dufourq-2023,annomate,zenodo.7828148-v1-558274-5,svl_label,1,"Fringillidae_Serinus_serinus,9",,
jeantet-dufourq-2023,annomate,zenodo.7828148-v1-558274-6,svl_label,1,"Fringillidae_Serinus_serinus,9",,
jeantet-dufourq-2023,annomate,zenodo.7828148-v1-558274-7,svl_label,1,"Fringillidae_Serinus_serinus,9",,
jeantet-dufourq-2023,annomate,zenodo.7828148-v1-558274-8,svl_label,1,"Fringillidae_Serinus_serinus,9",,
jeantet-dufourq-2023,annomate,zenodo.7828148-v1-558274-9,svl_label,1,"Fringillidae_Serinus_serinus,8",,
jeantet-dufourq-2023,annomate,zenodo.7828148-v1-558274-10,svl_label,1,"Fringillidae_Serinus_serinus,8",,
jeantet-dufourq-2023,annomate,zenodo.7828148-v1-558298-1,svl_label,1,"Paridae_Saxicola_rubetra,8",,
jeantet-dufourq-2023,annomate,zenodo.7828148-v1-558298-2,svl_label,1,"Paridae_Saxicola_rubetra,8",,
jeantet-dufourq-2023,annomate,zenodo.7828148-v1-558298-3,svl_label,1,"Paridae_Saxicola_rubetra,8",,
jeantet-dufourq-2023,annomate,zenodo.7828148-v1-558298-4,svl_label,1,"Paridae_Saxicola_rubetra,8",,
jeantet-dufourq-2023,annomate,zenodo.7828148-v1-558298-5,svl_label,1,"Paridae_Saxicola_rubetra,8",,
jeantet-dufourq-2023,annomate,zenodo.7828148-v1-558299-1,svl_label,1,"Paridae_Saxicola_rubetra,8",,
jeantet-dufourq-2023,annomate,zenodo.7828148-v1-558299-2,svl_label,1,"Paridae_Saxicola_rubetra,8",,
jeantet-dufourq-2023,annomate,zenodo.7828148-v1-558299-3,svl_label,1,"Paridae_Saxicola_rubetra,8",,
jeantet-dufourq-2023,annomate,zenodo.7828148-v1-558303-1,svl_label,1,"Paridae_Saxicola_rubetra,9",,
jeantet-dufourq-2023,annomate,zenodo.7828148-v1-558303-2,svl_label,1,"Paridae_Saxicola_rubetra,9",,
jeantet-dufourq-2023,annomate,zenodo.7828148-v1-558303-3,svl_label,1,"Paridae_Saxicola_rubetra,9",,
jeantet-dufourq-2023,annomate,zenodo.7828148-v1-558303-4,svl_label,1,"Paridae_Saxicola_rubetra,9",,
jeantet-dufourq-2023,annomate,zenodo.7828148-v1-558303-5,svl_label,1,"Paridae_Saxicola_rubetra,9",,
jeantet-dufourq-2023,annomate,zenodo.7828148-v1-558303-6,svl_label,1,"Paridae_Saxicola_rubetra,9",,
jeantet-dufourq-2023,annomate,zenodo.7828148-v1-558303-7,svl_label,1,"Paridae_Saxicola_rubetra,9",,
jeantet-dufourq-2023,annomate,zenodo.7828148-v1-558308-1,svl_label,1,"Paridae_Saxicola_rubetra,9",,
jeantet-dufourq-2023,annomate,zenodo.7828148-v1-558308-2,svl_label,1,"Paridae_Saxicola_rubetra,9",,
jeantet-dufourq-2023,annomate,zenodo.7828148-v1-558308-3,svl_label,1,"Paridae_Saxicola_rubetra,9",,
jeantet-dufourq-2023,annomate,zenodo.7828148-v1-558308-4,svl_label,1,"Paridae_Saxicola_rubetra,9",,
jeantet-dufourq-2023,annomate,zenodo.7828148-v1-558308-5,svl_label,1,"Paridae_Saxicola_rubetra,9",,
jeantet-dufourq-2023,annomate,zenodo.7828148-v1-558308-6,svl_label,1,"Paridae_Saxicola_rubetra,9",,
jeantet-dufourq-2023,annomate,zenodo.7828148-v1-558308-7,svl_label,1,"Paridae_Saxicola_rubetra,9",,
jeantet-dufourq-2023,annomate,zenodo.7828148-v1-558308-8,svl_label,1,"Paridae_Saxicola_rubetra,9",,
jeantet-dufourq-2023,annomate,zenodo.7828148-v1-558308-9,svl_label,1,"Paridae_Saxicola_rubetra,9",,
jeantet-dufourq-2023,annomate,zenodo.7828148-v1-558308-10,svl_label,1,"Paridae_Saxicola_rubetra,9",,
jeantet-dufourq-2023,annomate,zenodo.7828148-v1-558308-11,svl_label,1,"Paridae_Saxicola_rubetra,9",,
jeantet-dufourq-2023,annomate,zenodo.7828148-v1-558362-1,svl_label,1,"Turdidae_Catharus_guttatus,9",,
jeantet-dufourq-2023,annomate,zenodo.7828148-v1-558362-2,svl_label,1,"Turdidae_Catharus_guttatus,9",,
jeantet-dufourq-2023,annomate,zenodo.7828148-v1-558362-3,svl_label,1,"Turdidae_Catharus_guttatus,9",,
jeantet-dufourq-2023,annomate,zenodo.7828148-v1-558362-4,svl_label,1,"Turdidae_Catharus_guttatus,9",,
jeantet-dufourq-2023,annomate,zenodo.7828148-v1-558362-5,svl_label,1,"Turdidae_Catharus_guttatus,9",,
jeantet-dufourq-2023,annomate,zenodo.7828148-v1-558362-6,svl_label,1,"Turdidae_Catharus_guttatus,9",,
jeantet-dufourq-2023,annomate,zenodo.7828148-v1-558362-7,svl_label,1,"Turdidae_Catharus_guttatus,9",,
jeantet-dufourq-2023,annomate,zenodo.7828148-v1-559703-1,svl_label,1,"Paridae_Saxicola_rubicola,9",,
jeantet-dufourq-2023,annomate,zenodo.7828148-v1-559703-2,svl_label,1,"Paridae_Saxicola_rubicola,9",,
jeantet-dufourq-2023,annomate,zenodo.7828148-v1-559703-3,svl_label,1,"Paridae_Saxicola_rubicola,9",,
jeantet-dufourq-2023,annomate,zenodo.7828148-v1-559703-4,svl_label,1,"Paridae_Saxicola_rubicola,9",,
jeantet-dufourq-2023,annomate,zenodo.7828148-v1-559703-5,svl_label,1,"Paridae_Saxicola_rubicola,9",,
jeantet-dufourq-2023,annomate,zenodo.7828148-v1-559703-6,svl_label,1,"Paridae_Saxicola_rubicola,9",,
jeantet-dufourq-2023,annomate,zenodo.7828148-v1-559703-7,svl_label,1,"Paridae_Saxicola_rubicola,9",,
jeantet-dufourq-2023,annomate,zenodo.7828148-v1-559703-8,svl_label,1,"Paridae_Saxicola_rubicola,9",,
jeantet-dufourq-2023,annomate,zenodo.7828148-v1-559703-9,svl_label,1,"Paridae_Saxicola_rubicola,9",,
jeantet-dufourq-2023,annomate,zenodo.7828148-v1-559703-10,svl_label,1,"Paridae_Saxicola_rubicola,9",,
jeantet-dufourq-2023,annomate,zenodo.7828148-v1-559703-11,svl_label,1,"Paridae_Saxicola_rubicola,9",,
jeantet-dufourq-2023,annomate,zenodo.7828148-v1-559703-12,svl_label,1,"Paridae_Saxicola_rubicola,9",,
jeantet-dufourq-2023,annomate,zenodo.7828148-v1-559703-13,svl_label,1,"Paridae_Saxicola_rubicola,9",,
jeantet-dufourq-2023,annomate,zenodo.7828148-v1-562333-1,svl_label,1,"Troglodytidae_Troglodytes_aedon, 10",,
jeantet-dufourq-2023,annomate,zenodo.7828148-v1-562333-2,svl_label,1,"Troglodytidae_Troglodytes_aedon, 10",,
jeantet-dufourq-2023,annomate,zenodo.7828148-v1-564825-1,svl_label,1,"Fringillidae_Serinus_serinus,8",,
jeantet-dufourq-2023,annomate,zenodo.7828148-v1-564825-2,svl_label,1,"Fringillidae_Serinus_serinus,8",,
jeantet-dufourq-2023,annomate,zenodo.7828148-v1-564825-3,svl_label,1,"Fringillidae_Serinus_serinus,8",,
jeantet-dufourq-2023,annomate,zenodo.7828148-v1-564825-4,svl_label,1,"Fringillidae_Serinus_serinus,8",,
jeantet-dufourq-2023,annomate,zenodo.7828148-v1-565798-1,svl_label,1,"Paridae_Saxicola_rubetra,9",,
jeantet-dufourq-2023,annomate,zenodo.7828148-v1-565798-2,svl_label,1,"Paridae_Saxicola_rubetra,9",,
jeantet-dufourq-2023,annomate,zenodo.7828148-v1-565798-3,svl_label,1,"Paridae_Saxicola_rubetra,9",,
jeantet-dufourq-2023,annomate,zenodo.7828148-v1-566113-1,svl_label,1,"Troglodytidae_Troglodytes_hiemalis,9",,
jeantet-dufourq-2023,annomate,zenodo.7828148-v1-566113-2,svl_label,1,"Troglodytidae_Troglodytes_hiemalis,9",,
jeantet-dufourq-2023,annomate,zenodo.7828148-v1-566113-3,svl_label,1,"Troglodytidae_Troglodytes_hiemalis,9",,
jeantet-dufourq-2023,annomate,zenodo.7828148-v1-566113-4,svl_label,1,"Troglodytidae_Troglodytes_hiemalis,9",,
jeantet-dufourq-2023,annomate,zenodo.7828148-v1-566113-5,svl_label,1,"Troglodytidae_Troglodytes_hiemalis,9",,
jeantet-dufourq-2023,annomate,zenodo.7828148-v1-566113-6,svl_label,1,"Troglodytidae_Troglodytes_hiemalis,9",,
jeantet-dufourq-2023,annomate,zenodo.7828148-v1-566113-7,svl_label,1,"Troglodytidae_Troglodytes_hiemalis,9",,
jeantet-dufourq-2023,annomate,zenodo.7828148-v1-566113-8,svl_label,1,"Troglodytidae_Troglodytes_hiemalis,9",,
jeantet-dufourq-2023,annomate,zenodo.7828148-v1-566113-9,svl_label,1,"Troglodytidae_Troglodytes_hiemalis,9",,
jeantet-dufourq-2023,annomate,zenodo.7828148-v1-566113-10,svl_label,1,"Troglodytidae_Troglodytes_hiemalis,9",,
jeantet-dufourq-2023,annomate,zenodo.7828148-v1-566113-11,svl_label,1,"Troglodytidae_Troglodytes_hiemalis,9",,
jeantet-dufourq-2023,annomate,zenodo.7828148-v1-566113-12,svl_label,1,"Troglodytidae_Troglodytes_hiemalis,9",,
jeantet-dufourq-2023,annomate,zenodo.7828148-v1-566113-13,svl_label,1,"Troglodytidae_Troglodytes_hiemalis,9",,
jeantet-dufourq-2023,annomate,zenodo.7828148-v1-566113-14,svl_label,1,"Troglodytidae_Troglodytes_hiemalis,9",,
jeantet-dufourq-2023,annomate,zenodo.7828148-v1-566113-15,svl_label,1,"Troglodytidae_Troglodytes_hiemalis,9",,
jeantet-dufourq-2023,annomate,zenodo.7828148-v1-566113-16,svl_label,1,"Troglodytidae_Troglodytes_hiemalis,9",,
jeantet-dufourq-2023,annomate,zenodo.7828148-v1-566113-17,svl_label,1,"Troglodytidae_Troglodytes_hiemalis,9",,
jeantet-dufourq-2023,annomate,zenodo.7828148-v1-566113-18,svl_label,1,"Troglodytidae_Troglodytes_hiemalis,9",,
jeantet-dufourq-2023,annomate,zenodo.7828148-v1-566113-19,svl_label,1,"Troglodytidae_Troglodytes_hiemalis,9",,
jeantet-dufourq-2023,annomate,zenodo.7828148-v1-566113-20,svl_label,1,"Troglodytidae_Troglodytes_hiemalis,9",,
jeantet-dufourq-2023,annomate,zenodo.7828148-v1-566113-21,svl_label,1,"Troglodytidae_Troglodytes_hiemalis,9",,
jeantet-dufourq-2023,annomate,zenodo.7828148-v1-566113-22,svl_label,1,"Troglodytidae_Troglodytes_hiemalis,9",,
jeantet-dufourq-2023,annomate,zenodo.7828148-v1-566113-23,svl_label,1,"Troglodytidae_Troglodytes_hiemalis,9",,
jeantet-dufourq-2023,annomate,zenodo.7828148-v1-566113-24,svl_label,1,"Troglodytidae_Troglodytes_hiemalis,9",,
jeantet-dufourq-2023,annomate,zenodo.7828148-v1-566113-25,svl_label,1,"Troglodytidae_Troglodytes_hiemalis,9",,
jeantet-dufourq-2023,annomate,zenodo.7828148-v1-566113-26,svl_label,1,"Troglodytidae_Troglodytes_hiemalis,9",,
jeantet-dufourq-2023,annomate,zenodo.7828148-v1-566153-1,svl_label,1,"Troglodytidae_Troglodytes_hiemalis,9",,
jeantet-dufourq-2023,annomate,zenodo.7828148-v1-566153-2,svl_label,1,"Troglodytidae_Troglodytes_hiemalis,9",,
jeantet-dufourq-2023,annomate,zenodo.7828148-v1-566153-3,svl_label,1,"Troglodytidae_Troglodytes_hiemalis,9",,
jeantet-dufourq-2023,annomate,zenodo.7828148-v1-566153-4,svl_label,1,"Troglodytidae_Troglodytes_hiemalis,9",,
jeantet-dufourq-2023,annomate,zenodo.7828148-v1-567904-1,svl_label,1,"Turdidae_Catharus_fuscescens,8",,
jeantet-dufourq-2023,annomate,zenodo.7828148-v1-567904-2,svl_label,1,"Turdidae_Catharus_fuscescens,8",,
jeantet-dufourq-2023,annomate,zenodo.7828148-v1-567904-3,svl_label,1,"Turdidae_Catharus_fuscescens,8",,
jeantet-dufourq-2023,annomate,zenodo.7828148-v1-567904-4,svl_label,1,"Turdidae_Catharus_fuscescens,8",,
jeantet-dufourq-2023,annomate,zenodo.7828148-v1-569253-1,svl_label,1,"Paridae_Saxicola_rubetra,9",,
jeantet-dufourq-2023,annomate,zenodo.7828148-v1-569253-2,svl_label,1,"Paridae_Saxicola_rubetra,9",,
jeantet-dufourq-2023,annomate,zenodo.7828148-v1-569253-3,svl_label,1,"Paridae_Saxicola_rubetra,9",,
jeantet-dufourq-2023,annomate,zenodo.7828148-v1-569253-4,svl_label,1,"Paridae_Saxicola_rubetra,9",,
jeantet-dufourq-2023,annomate,zenodo.7828148-v1-569256-1,svl_label,1,"Paridae_Saxicola_rubetra,9",,
jeantet-dufourq-2023,annomate,zenodo.7828148-v1-569256-2,svl_label,1,"Paridae_Saxicola_rubetra,9",,
jeantet-dufourq-2023,annomate,zenodo.7828148-v1-569256-3,svl_label,1,"Paridae_Saxicola_rubetra,9",,
jeantet-dufourq-2023,annomate,zenodo.7828148-v1-569256-4,svl_label,1,"Paridae_Saxicola_rubetra,9",,
jeantet-dufourq-2023,annomate,zenodo.7828148-v1-569256-5,svl_label,1,"Paridae_Saxicola_rubetra,9",,
jeantet-dufourq-2023,annomate,zenodo.7828148-v1-569256-6,svl_label,1,"Paridae_Saxicola_rubetra,9",,
jeantet-dufourq-2023,annomate,zenodo.7828148-v1-569256-7,svl_label,1,"Paridae_Saxicola_rubetra,9",,
jeantet-dufourq-2023,annomate,zenodo.7828148-v1-569256-8,svl_label,1,"Paridae_Saxicola_rubetra,9",,
jeantet-dufourq-2023,annomate,zenodo.7828148-v1-569256-9,svl_label,1,"Paridae_Saxicola_rubetra,9",,
jeantet-dufourq-2023,annomate,zenodo.7828148-v1-569256-10,svl_label,1,"Paridae_Saxicola_rubetra,9",,
jeantet-dufourq-2023,annomate,zenodo.7828148-v1-569256-11,svl_label,1,"Paridae_Saxicola_rubetra,9",,
jeantet-dufourq-2023,annomate,zenodo.7828148-v1-569256-12,svl_label,1,"Paridae_Saxicola_rubetra,9",,
jeantet-dufourq-2023,annomate,zenodo.7828148-v1-569256-13,svl_label,1,"Paridae_Saxicola_rubetra,9",,
jeantet-dufourq-2023,annomate,zenodo.7828148-v1-569256-14,svl_label,1,"Paridae_Saxicola_rubetra,9",,
jeantet-dufourq-2023,annomate,zenodo.7828148-v1-569256-15,svl_label,1,"Paridae_Saxicola_rubetra,9",,
jeantet-dufourq-2023,annomate,zenodo.7828148-v1-569256-16,svl_label,1,"Paridae_Saxicola_rubetra,9",,
jeantet-dufourq-2023,annomate,zenodo.7828148-v1-575136-1,svl_label,1,"Paridae_Saxicola_torquatus,9",,
jeantet-dufourq-2023,annomate,zenodo.7828148-v1-575136-2,svl_label,1,"Paridae_Saxicola_torquatus,9",,
jeantet-dufourq-2023,annomate,zenodo.7828148-v1-575136-3,svl_label,1,"Paridae_Saxicola_torquatus,9",,
jeantet-dufourq-2023,annomate,zenodo.7828148-v1-575136-4,svl_label,1,"Paridae_Saxicola_torquatus,9",,
jeantet-dufourq-2023,annomate,zenodo.7828148-v1-575300-1,svl_label,1,"Troglodytidae_Troglodytes_hiemalis,9",,
jeantet-dufourq-2023,annomate,zenodo.7828148-v1-575300-2,svl_label,1,"Troglodytidae_Troglodytes_hiemalis,9",,
jeantet-dufourq-2023,annomate,zenodo.7828148-v1-575300-3,svl_label,1,"Troglodytidae_Troglodytes_hiemalis,9",,
jeantet-dufourq-2023,annomate,zenodo.7828148-v1-575300-4,svl_label,1,"Troglodytidae_Troglodytes_hiemalis,9",,
jeantet-dufourq-2023,annomate,zenodo.7828148-v1-580282-1,svl_label,1,"Paridae_Saxicola_torquatus,9",,
jeantet-dufourq-2023,annomate,zenodo.7828148-v1-580282-2,svl_label,1,"Paridae_Saxicola_torquatus,9",,
jeantet-dufourq-2023,annomate,zenodo.7828148-v1-580282-3,svl_label,1,"Paridae_Saxicola_torquatus,9",,
jeantet-dufourq-2023,annomate,zenodo.7828148-v1-580282-4,svl_label,1,"Paridae_Saxicola_torquatus,9",,
jeantet-dufourq-2023,annomate,zenodo.7828148-v1-580282-5,svl_label,1,"Paridae_Saxicola_torquatus,9",,
jeantet-dufourq-2023,annomate,zenodo.7828148-v1-580282-6,svl_label,1,"Paridae_Saxicola_torquatus,9",,
jeantet-dufourq-2023,annomate,zenodo.7828148-v1-580282-7,svl_label,1,"Paridae_Saxicola_torquatus,9",,
jeantet-dufourq-2023,annomate,zenodo.7828148-v1-580282-8,svl_label,1,"Paridae_Saxicola_torquatus,9",,
jeantet-dufourq-2023,annomate,zenodo.7828148-v1-580282-9,svl_label,1,"Paridae_Saxicola_torquatus,9",,
jeantet-dufourq-2023,annomate,zenodo.7828148-v1-580282-10,svl_label,1,"Paridae_Saxicola_torquatus,9",,
jeantet-dufourq-2023,annomate,zenodo.7828148-v1-581752-1,svl_label,1,"Troglodytidae_Troglodytes_troglodytes, 10",,
jeantet-dufourq-2023,annomate,zenodo.7828148-v1-581752-2,svl_label,1,"Troglodytidae_Troglodytes_troglodytes, 10",,
jeantet-dufourq-2023,annomate,zenodo.7828148-v1-581752-3,svl_label,1,"Troglodytidae_Troglodytes_troglodytes, 10",,
jeantet-dufourq-2023,annomate,zenodo.7828148-v1-581752-4,svl_label,1,"Troglodytidae_Troglodytes_troglodytes, 10",,
jeantet-dufourq-2023,annomate,zenodo.7828148-v1-581790-1,svl_label,1,"Troglodytidae_Troglodytes_troglodytes,9",,
jeantet-dufourq-2023,annomate,zenodo.7828148-v1-582254-1,svl_label,1,"Troglodytidae_Troglodytes_troglodytes, 10",,
jeantet-dufourq-2023,annomate,zenodo.7828148-v1-582254-2,svl_label,1,"Troglodytidae_Troglodytes_troglodytes, 10",,
jeantet-dufourq-2023,annomate,zenodo.7828148-v1-582254-3,svl_label,1,"Troglodytidae_Troglodytes_troglodytes, 10",,
jeantet-dufourq-2023,annomate,zenodo.7828148-v1-582254-4,svl_label,1,"Troglodytidae_Troglodytes_troglodytes, 10",,
jeantet-dufourq-2023,annomate,zenodo.7828148-v1-582254-5,svl_label,1,"Troglodytidae_Troglodytes_troglodytes, 10",,
jeantet-dufourq-2023,annomate,zenodo.7828148-v1-582287-1,svl_label,1,"Troglodytidae_Troglodytes_troglodytes,9",,
jeantet-dufourq-2023,annomate,zenodo.7828148-v1-582287-2,svl_label,1,"Troglodytidae_Troglodytes_troglodytes,9",,
jeantet-dufourq-2023,annomate,zenodo.7828148-v1-582287-3,svl_label,1,"Troglodytidae_Troglodytes_troglodytes,9",,
jeantet-dufourq-2023,annomate,zenodo.7828148-v1-582287-4,svl_label,1,"Troglodytidae_Troglodytes_troglodytes,9",,
jeantet-dufourq-2023,annomate,zenodo.7828148-v1-582287-5,svl_label,1,"Troglodytidae_Troglodytes_troglodytes,9",,
jeantet-dufourq-2023,annomate,zenodo.7828148-v1-583621-1,svl_label,1,"Troglodytidae_Troglodytes_aedon,9",,
jeantet-dufourq-2023,annomate,zenodo.7828148-v1-583621-2,svl_label,1,"Troglodytidae_Troglodytes_aedon,9",,
jeantet-dufourq-2023,annomate,zenodo.7828148-v1-583623-1,svl_label,1,"Troglodytidae_Troglodytes_aedon,9",,
jeantet-dufourq-2023,annomate,zenodo.7828148-v1-583623-2,svl_label,1,"Troglodytidae_Troglodytes_aedon,9",,
jeantet-dufourq-2023,annomate,zenodo.7828148-v1-583623-3,svl_label,1,"Troglodytidae_Troglodytes_aedon,9",,
jeantet-dufourq-2023,annomate,zenodo.7828148-v1-583623-4,svl_label,1,"Troglodytidae_Troglodytes_aedon,9",,
jeantet-dufourq-2023,annomate,zenodo.7828148-v1-583623-5,svl_label,1,"Troglodytidae_Troglodytes_aedon,9",,
jeantet-dufourq-2023,annomate,zenodo.7828148-v1-583623-6,svl_label,1,"Troglodytidae_Troglodytes_aedon,9",,
jeantet-dufourq-2023,annomate,zenodo.7828148-v1-583623-7,svl_label,1,"Troglodytidae_Troglodytes_aedon,9",,
jeantet-dufourq-2023,annomate,zenodo.7828148-v1-583623-8,svl_label,1,"Troglodytidae_Troglodytes_aedon,9",,
jeantet-dufourq-2023,annomate,zenodo.7828148-v1-583623-9,svl_label,1,"Troglodytidae_Troglodytes_aedon,9",,
jeantet-dufourq-2023,annomate,zenodo.7828148-v1-584500-1,svl_label,1,"Troglodytidae_Troglodytes_troglodytes,8",,
jeantet-dufourq-2023,annomate,zenodo.7828148-v1-584500-2,svl_label,1,"Troglodytidae_Troglodytes_troglodytes,8",,
jeantet-dufourq-2023,annomate,zenodo.7828148-v1-584500-3,svl_label,1,"Troglodytidae_Troglodytes_troglodytes,8",,
jeantet-dufourq-2023,annomate,zenodo.7828148-v1-584500-4,svl_label,1,"Troglodytidae_Troglodytes_troglodytes,8",,
jeantet-dufourq-2023,annomate,zenodo.7828148-v1-584500-5,svl_label,1,"Troglodytidae_Troglodytes_troglodytes,8",,
jeantet-dufourq-2023,annomate,zenodo.7828148-v1-584500-6,svl_label,1,"Troglodytidae_Troglodytes_troglodytes,8",,
jeantet-dufourq-2023,annomate,zenodo.7828148-v1-584500-7,svl_label,1,"Troglodytidae_Troglodytes_troglodytes,8",,
jeantet-dufourq-2023,annomate,zenodo.7828148-v1-584500-8,svl_label,1,"Troglodytidae_Troglodytes_troglodytes,8",,
jeantet-dufourq-2023,annomate,zenodo.7828148-v1-584500-9,svl_label,1,"Troglodytidae_Troglodytes_troglodytes,8",,
jeantet-dufourq-2023,annomate,zenodo.7828148-v1-584500-10,svl_label,1,"Troglodytidae_Troglodytes_troglodytes,8",,
jeantet-dufourq-2023,annomate,zenodo.7828148-v1-584990-1,svl_label,1,"Troglodytidae_Troglodytes_aedon,9",,
jeantet-dufourq-2023,annomate,zenodo.7828148-v1-584990-2,svl_label,1,"Troglodytidae_Troglodytes_aedon,9",,
jeantet-dufourq-2023,annomate,zenodo.7828148-v1-58563-1,svl_label,1,"Paridae_Saxicola_rubetra,9",,
jeantet-dufourq-2023,annomate,zenodo.7828148-v1-58563-2,svl_label,1,"Paridae_Saxicola_rubetra,9",,
jeantet-dufourq-2023,annomate,zenodo.7828148-v1-58563-3,svl_label,1,"Paridae_Saxicola_rubetra,9",,
jeantet-dufourq-2023,annomate,zenodo.7828148-v1-58563-4,svl_label,1,"Paridae_Saxicola_rubetra,9",,
jeantet-dufourq-2023,annomate,zenodo.7828148-v1-58563-5,svl_label,1,"Paridae_Saxicola_rubetra,9",,
jeantet-dufourq-2023,annomate,zenodo.7828148-v1-58563-6,svl_label,1,"Paridae_Saxicola_rubetra,9",,
jeantet-dufourq-2023,annomate,zenodo.7828148-v1-58563-7,svl_label,1,"Paridae_Saxicola_rubetra,9",,
jeantet-dufourq-2023,annomate,zenodo.7828148-v1-58563-8,svl_label,1,"Paridae_Saxicola_rubetra,9",,
jeantet-dufourq-2023,annomate,zenodo.7828148-v1-58563-9,svl_label,1,"Paridae_Saxicola_rubetra,9",,
jeantet-dufourq-2023,annomate,zenodo.7828148-v1-58563-10,svl_label,1,"Paridae_Saxicola_rubetra,9",,
jeantet-dufourq-2023,annomate,zenodo.7828148-v1-58563-11,svl_label,1,"Paridae_Saxicola_rubetra,9",,
jeantet-dufourq-2023,annomate,zenodo.7828148-v1-58563-12,svl_label,1,"Paridae_Saxicola_rubetra,9",,
jeantet-dufourq-2023,annomate,zenodo.7828148-v1-58563-13,svl_label,1,"Paridae_Saxicola_rubetra,9",,
jeantet-dufourq-2023,annomate,zenodo.7828148-v1-58563-14,svl_label,1,"Paridae_Saxicola_rubetra,9",,
jeantet-dufourq-2023,annomate,zenodo.7828148-v1-58563-15,svl_label,1,"Paridae_Saxicola_rubetra,9",,
jeantet-dufourq-2023,annomate,zenodo.7828148-v1-58563-16,svl_label,1,"Paridae_Saxicola_rubetra,9",,
jeantet-dufourq-2023,annomate,zenodo.7828148-v1-58563-17,svl_label,1,"Paridae_Saxicola_rubetra,9",,
jeantet-dufourq-2023,annomate,zenodo.7828148-v1-58563-18,svl_label,1,"Paridae_Saxicola_rubetra,9",,
jeantet-dufourq-2023,annomate,zenodo.7828148-v1-58563-19,svl_label,1,"Paridae_Saxicola_rubetra,9",,
jeantet-dufourq-2023,annomate,zenodo.7828148-v1-58563-20,svl_label,1,"Paridae_Saxicola_rubetra,9",,
jeantet-dufourq-2023,annomate,zenodo.7828148-v1-58563-21,svl_label,1,"Paridae_Saxicola_rubetra,9",,
jeantet-dufourq-2023,annomate,zenodo.7828148-v1-58563-22,svl_label,1,"Paridae_Saxicola_rubetra,9",,
jeantet-dufourq-2023,annomate,zenodo.7828148-v1-58563-23,svl_label,1,"Paridae_Saxicola_rubetra,9",,
jeantet-dufourq-2023,annomate,zenodo.7828148-v1-58563-24,svl_label,1,"Paridae_Saxicola_rubetra,9",,
jeantet-dufourq-2023,annomate,zenodo.7828148-v1-58563-25,svl_label,1,"Paridae_Saxicola_rubetra,9",,
jeantet-dufourq-2023,annomate,zenodo.7828148-v1-58563-26,svl_label,1,"Paridae_Saxicola_rubetra,9",,
jeantet-dufourq-2023,annomate,zenodo.7828148-v1-585688-1,svl_label,1,"Troglodytidae_Troglodytes_aedon,9",,
jeantet-dufourq-2023,annomate,zenodo.7828148-v1-585847-1,svl_label,1,"Troglodytidae_Troglodytes_aedon,9",,
jeantet-dufourq-2023,annomate,zenodo.7828148-v1-585847-2,svl_label,1,"Troglodytidae_Troglodytes_aedon,9",,
jeantet-dufourq-2023,annomate,zenodo.7828148-v1-585847-3,svl_label,1,"Troglodytidae_Troglodytes_aedon,9",,
jeantet-dufourq-2023,annomate,zenodo.7828148-v1-585847-4,svl_label,1,"Troglodytidae_Troglodytes_aedon,9",,
jeantet-dufourq-2023,annomate,zenodo.7828148-v1-58684-1,svl_label,1,"Turdidae_Catharus_guttatus,9",,
jeantet-dufourq-2023,annomate,zenodo.7828148-v1-58684-2,svl_label,1,"Turdidae_Catharus_guttatus,9",,
jeantet-dufourq-2023,annomate,zenodo.7828148-v1-58684-3,svl_label,1,"Turdidae_Catharus_guttatus,9",,
jeantet-dufourq-2023,annomate,zenodo.7828148-v1-58684-4,svl_label,1,"Turdidae_Catharus_guttatus,6",,
jeantet-dufourq-2023,annomate,zenodo.7828148-v1-58684-5,svl_label,1,"Turdidae_Catharus_guttatus,9",,
jeantet-dufourq-2023,annomate,zenodo.7828148-v1-58684-6,svl_label,1,"Turdidae_Catharus_guttatus,9",,
jeantet-dufourq-2023,annomate,zenodo.7828148-v1-58684-7,svl_label,1,"Turdidae_Catharus_guttatus,9",,
jeantet-dufourq-2023,annomate,zenodo.7828148-v1-58684-8,svl_label,1,"Turdidae_Catharus_guttatus,9",,
jeantet-dufourq-2023,annomate,zenodo.7828148-v1-58684-9,svl_label,1,"Turdidae_Catharus_guttatus,9",,
jeantet-dufourq-2023,annomate,zenodo.7828148-v1-58684-10,svl_label,1,"Turdidae_Catharus_guttatus,9",,
jeantet-dufourq-2023,annomate,zenodo.7828148-v1-58684-11,svl_label,1,"Turdidae_Catharus_guttatus,6",,
jeantet-dufourq-2023,annomate,zenodo.7828148-v1-58684-12,svl_label,1,"Turdidae_Catharus_guttatus,9",,
jeantet-dufourq-2023,annomate,zenodo.7828148-v1-58684-13,svl_label,1,"Turdidae_Catharus_guttatus,9",,
jeantet-dufourq-2023,annomate,zenodo.7828148-v1-588675-1,svl_label,1,"Troglodytidae_Troglodytes_troglodytes,9",,
jeantet-dufourq-2023,annomate,zenodo.7828148-v1-588675-2,svl_label,1,"Troglodytidae_Troglodytes_troglodytes,9",,
jeantet-dufourq-2023,annomate,zenodo.7828148-v1-588675-3,svl_label,1,"Troglodytidae_Troglodytes_troglodytes,9",,
jeantet-dufourq-2023,annomate,zenodo.7828148-v1-588675-4,svl_label,1,"Troglodytidae_Troglodytes_troglodytes,9",,
jeantet-dufourq-2023,annomate,zenodo.7828148-v1-588675-5,svl_label,1,"Troglodytidae_Troglodytes_troglodytes,9",,
jeantet-dufourq-2023,annomate,zenodo.7828148-v1-588675-6,svl_label,1,"Troglodytidae_Troglodytes_troglodytes,9",,
jeantet-dufourq-2023,annomate,zenodo.7828148-v1-588676-1,svl_label,1,"Troglodytidae_Troglodytes_troglodytes,9",,
jeantet-dufourq-2023,annomate,zenodo.7828148-v1-588676-2,svl_label,1,"Troglodytidae_Troglodytes_troglodytes,9",,
jeantet-dufourq-2023,annomate,zenodo.7828148-v1-588676-3,svl_label,1,"Troglodytidae_Troglodytes_troglodytes,9",,
jeantet-dufourq-2023,annomate,zenodo.7828148-v1-588676-4,svl_label,1,"Troglodytidae_Troglodytes_troglodytes,9",,
jeantet-dufourq-2023,annomate,zenodo.7828148-v1-588676-5,svl_label,1,"Troglodytidae_Troglodytes_troglodytes,9",,
jeantet-dufourq-2023,annomate,zenodo.7828148-v1-588676-6,svl_label,1,"Troglodytidae_Troglodytes_troglodytes,9",,
jeantet-dufourq-2023,annomate,zenodo.7828148-v1-58948-1,svl_label,1,"Turdidae_Catharus_aurantiirostris,9",,
jeantet-dufourq-2023,annomate,zenodo.7828148-v1-58948-2,svl_label,1,"Turdidae_Catharus_aurantiirostris,9",,
jeantet-dufourq-2023,annomate,zenodo.7828148-v1-58948-3,svl_label,1,"Turdidae_Catharus_aurantiirostris,8",,
jeantet-dufourq-2023,annomate,zenodo.7828148-v1-58948-4,svl_label,1,"Turdidae_Catharus_aurantiirostris,8",,
jeantet-dufourq-2023,annomate,zenodo.7828148-v1-58948-5,svl_label,1,"Turdidae_Catharus_aurantiirostris,9",,
jeantet-dufourq-2023,annomate,zenodo.7828148-v1-58948-6,svl_label,1,"Turdidae_Catharus_aurantiirostris,9",,
jeantet-dufourq-2023,annomate,zenodo.7828148-v1-58948-7,svl_label,1,"Turdidae_Catharus_aurantiirostris,9",,
jeantet-dufourq-2023,annomate,zenodo.7828148-v1-58948-8,svl_label,1,"Turdidae_Catharus_aurantiirostris,8",,
jeantet-dufourq-2023,annomate,zenodo.7828148-v1-58948-9,svl_label,1,"Turdidae_Catharus_aurantiirostris,8",,
jeantet-dufourq-2023,annomate,zenodo.7828148-v1-58948-10,svl_label,1,"Turdidae_Catharus_aurantiirostris,8",,
jeantet-dufourq-2023,annomate,zenodo.7828148-v1-58948-11,svl_label,1,"Turdidae_Catharus_aurantiirostris,9",,
jeantet-dufourq-2023,annomate,zenodo.7828148-v1-58948-12,svl_label,1,"Turdidae_Catharus_aurantiirostris,8",,
jeantet-dufourq-2023,annomate,zenodo.7828148-v1-58948-13,svl_label,1,"Turdidae_Catharus_aurantiirostris,8",,
jeantet-dufourq-2023,annomate,zenodo.7828148-v1-58948-14,svl_label,1,"Turdidae_Catharus_aurantiirostris,8",,
jeantet-dufourq-2023,annomate,zenodo.7828148-v1-58948-15,svl_label,1,"Turdidae_Catharus_aurantiirostris,9",,
jeantet-dufourq-2023,annomate,zenodo.7828148-v1-58948-16,svl_label,1,"Turdidae_Catharus_aurantiirostris,9",,
jeantet-dufourq-2023,annomate,zenodo.7828148-v1-58948-17,svl_label,1,"Turdidae_Catharus_aurantiirostris,9",,
jeantet-dufourq-2023,annomate,zenodo.7828148-v1-58948-18,svl_label,1,"Turdidae_Catharus_aurantiirostris,8",,
jeantet-dufourq-2023,annomate,zenodo.7828148-v1-590623-1,svl_label,1,"Troglodytidae_Troglodytes_aedon,9",,
jeantet-dufourq-2023,annomate,zenodo.7828148-v1-590623-2,svl_label,1,"Troglodytidae_Troglodytes_aedon,9",,
jeantet-dufourq-2023,annomate,zenodo.7828148-v1-590623-3,svl_label,1,"Troglodytidae_Troglodytes_aedon,9",,
jeantet-dufourq-2023,annomate,zenodo.7828148-v1-590623-4,svl_label,1,"Troglodytidae_Troglodytes_aedon,9",,
jeantet-dufourq-2023,annomate,zenodo.7828148-v1-590623-5,svl_label,1,"Troglodytidae_Troglodytes_aedon,9",,
jeantet-dufourq-2023,annomate,zenodo.7828148-v1-590623-6,svl_label,1,"Troglodytidae_Troglodytes_aedon,9",,
jeantet-dufourq-2023,annomate,zenodo.7828148-v1-590623-7,svl_label,1,"Troglodytidae_Troglodytes_aedon,9",,
jeantet-dufourq-2023,annomate,zenodo.7828148-v1-590623-8,svl_label,1,"Troglodytidae_Troglodytes_aedon,9",,
jeantet-dufourq-2023,annomate,zenodo.7828148-v1-590623-9,svl_label,1,"Troglodytidae_Troglodytes_aedon,9",,
jeantet-dufourq-2023,annomate,zenodo.7828148-v1-590623-10,svl_label,1,"Troglodytidae_Troglodytes_aedon,9",,
jeantet-dufourq-2023,annomate,zenodo.7828148-v1-590623-11,svl_label,1,"Troglodytidae_Troglodytes_aedon,9",,
jeantet-dufourq-2023,annomate,zenodo.7828148-v1-590623-12,svl_label,1,"Troglodytidae_Troglodytes_aedon,9",,
jeantet-dufourq-2023,annomate,zenodo.7828148-v1-590623-13,svl_label,1,"Troglodytidae_Troglodytes_aedon,9",,
jeantet-dufourq-2023,annomate,zenodo.7828148-v1-590623-14,svl_label,1,"Troglodytidae_Troglodytes_aedon,9",,
jeantet-dufourq-2023,annomate,zenodo.7828148-v1-590623-15,svl_label,1,"Troglodytidae_Troglodytes_aedon,9",,
jeantet-dufourq-2023,annomate,zenodo.7828148-v1-590623-16,svl_label,1,"Troglodytidae_Troglodytes_aedon,9",,
jeantet-dufourq-2023,annomate,zenodo.7828148-v1-590623-17,svl_label,1,"Troglodytidae_Troglodytes_aedon,9",,
jeantet-dufourq-2023,annomate,zenodo.7828148-v1-590623-18,svl_label,1,"Troglodytidae_Troglodytes_aedon,9",,
jeantet-dufourq-2023,annomate,zenodo.7828148-v1-590623-19,svl_label,1,"Troglodytidae_Troglodytes_aedon,9",,
jeantet-dufourq-2023,annomate,zenodo.7828148-v1-590623-20,svl_label,1,"Troglodytidae_Troglodytes_aedon,9",,
jeantet-dufourq-2023,annomate,zenodo.7828148-v1-590623-21,svl_label,1,"Troglodytidae_Troglodytes_aedon,9",,
jeantet-dufourq-2023,annomate,zenodo.7828148-v1-590623-22,svl_label,1,"Troglodytidae_Troglodytes_aedon,9",,
jeantet-dufourq-2023,annomate,zenodo.7828148-v1-590623-23,svl_label,1,"Troglodytidae_Troglodytes_aedon,9",,
jeantet-dufourq-2023,annomate,zenodo.7828148-v1-590623-24,svl_label,1,"Troglodytidae_Troglodytes_aedon,9",,
jeantet-dufourq-2023,annomate,zenodo.7828148-v1-590623-25,svl_label,1,"Troglodytidae_Troglodytes_aedon,9",,
jeantet-dufourq-2023,annomate,zenodo.7828148-v1-590623-26,svl_label,1,"Troglodytidae_Troglodytes_aedon,9",,
jeantet-dufourq-2023,annomate,zenodo.7828148-v1-590623-27,svl_label,1,"Troglodytidae_Troglodytes_aedon,9",,
jeantet-dufourq-2023,annomate,zenodo.7828148-v1-590623-28,svl_label,1,"Troglodytidae_Troglodytes_aedon,9",,
jeantet-dufourq-2023,annomate,zenodo.7828148-v1-590623-29,svl_label,1,"Troglodytidae_Troglodytes_aedon,9",,
jeantet-dufourq-2023,annomate,zenodo.7828148-v1-590623-30,svl_label,1,"Troglodytidae_Troglodytes_aedon,9",,
jeantet-dufourq-2023,annomate,zenodo.7828148-v1-590623-31,svl_label,1,"Troglodytidae_Troglodytes_aedon,9",,
jeantet-dufourq-2023,annomate,zenodo.7828148-v1-590623-32,svl_label,1,"Troglodytidae_Troglodytes_aedon,9",,
jeantet-dufourq-2023,annomate,zenodo.7828148-v1-590623-33,svl_label,1,"Troglodytidae_Troglodytes_aedon,9",,
jeantet-dufourq-2023,annomate,zenodo.7828148-v1-590623-34,svl_label,1,"Troglodytidae_Troglodytes_aedon,9",,
jeantet-dufourq-2023,annomate,zenodo.7828148-v1-590623-35,svl_label,1,"Troglodytidae_Troglodytes_aedon,9",,
jeantet-dufourq-2023,annomate,zenodo.7828148-v1-590623-36,svl_label,1,"Troglodytidae_Troglodytes_aedon,9",,
jeantet-dufourq-2023,annomate,zenodo.7828148-v1-590623-37,svl_label,1,"Troglodytidae_Troglodytes_aedon,9",,
jeantet-dufourq-2023,annomate,zenodo.7828148-v1-590623-38,svl_label,1,"Troglodytidae_Troglodytes_aedon,9",,
jeantet-dufourq-2023,annomate,zenodo.7828148-v1-590623-39,svl_label,1,"Troglodytidae_Troglodytes_aedon,9",,
jeantet-dufourq-2023,annomate,zenodo.7828148-v1-590623-40,svl_label,1,"Troglodytidae_Troglodytes_aedon,9",,
jeantet-dufourq-2023,annomate,zenodo.7828148-v1-590623-41,svl_label,1,"Troglodytidae_Troglodytes_aedon,9",,
jeantet-dufourq-2023,annomate,zenodo.7828148-v1-590623-42,svl_label,1,"Troglodytidae_Troglodytes_aedon,9",,
jeantet-dufourq-2023,annomate,zenodo.7828148-v1-590623-43,svl_label,1,"Troglodytidae_Troglodytes_aedon,9",,
jeantet-dufourq-2023,annomate,zenodo.7828148-v1-590623-44,svl_label,1,"Troglodytidae_Troglodytes_aedon,9",,
jeantet-dufourq-2023,annomate,zenodo.7828148-v1-59163-1,svl_label,1,"Troglodytidae_Troglodytes_hiemalis,9",,
jeantet-dufourq-2023,annomate,zenodo.7828148-v1-59163-2,svl_label,1,"Troglodytidae_Troglodytes_hiemalis,9",,
jeantet-dufourq-2023,annomate,zenodo.7828148-v1-59163-3,svl_label,1,"Troglodytidae_Troglodytes_hiemalis,9",,
jeantet-dufourq-2023,annomate,zenodo.7828148-v1-593481-1,svl_label,1,Troglodytidae_Troglodytes_troglodytes. 8,,
jeantet-dufourq-2023,annomate,zenodo.7828148-v1-593481-2,svl_label,1,Troglodytidae_Troglodytes_troglodytes. 8,,
jeantet-dufourq-2023,annomate,zenodo.7828148-v1-593481-3,svl_label,1,Troglodytidae_Troglodytes_troglodytes. 8,,
jeantet-dufourq-2023,annomate,zenodo.7828148-v1-593481-4,svl_label,1,Troglodytidae_Troglodytes_troglodytes. 8,,
jeantet-dufourq-2023,annomate,zenodo.7828148-v1-593481-5,svl_label,1,Troglodytidae_Troglodytes_troglodytes. 8,,
jeantet-dufourq-2023,annomate,zenodo.7828148-v1-593481-6,svl_label,1,Troglodytidae_Troglodytes_troglodytes. 8,,
jeantet-dufourq-2023,annomate,zenodo.7828148-v1-593481-7,svl_label,1,Troglodytidae_Troglodytes_troglodytes. 8,,
jeantet-dufourq-2023,annomate,zenodo.7828148-v1-593481-8,svl_label,1,Troglodytidae_Troglodytes_troglodytes. 8,,
jeantet-dufourq-2023,annomate,zenodo.7828148-v1-593481-9,svl_label,1,Troglodytidae_Troglodytes_troglodytes. 8,,
jeantet-dufourq-2023,annomate,zenodo.7828148-v1-593481-10,svl_label,1,Troglodytidae_Troglodytes_troglodytes. 8,,
jeantet-dufourq-2023,annomate,zenodo.7828148-v1-593481-11,svl_label,1,Troglodytidae_Troglodytes_troglodytes. 8,,
jeantet-dufourq-2023,annomate,zenodo.7828148-v1-593518-1,svl_label,1,"Troglodytidae_Troglodytes_aedon,9",,
jeantet-dufourq-2023,annomate,zenodo.7828148-v1-593518-2,svl_label,1,"Troglodytidae_Troglodytes_aedon,9",,
jeantet-dufourq-2023,annomate,zenodo.7828148-v1-593518-3,svl_label,1,"Troglodytidae_Troglodytes_aedon,9",,
jeantet-dufourq-2023,annomate,zenodo.7828148-v1-594589-1,svl_label,1,"Paridae_Hypocnemis_striata,9",,
jeantet-dufourq-2023,annomate,zenodo.7828148-v1-594589-2,svl_label,1,"Paridae_Hypocnemis_striata,9",,
jeantet-dufourq-2023,annomate,zenodo.7828148-v1-594589-3,svl_label,1,"Paridae_Hypocnemis_striata,9",,
jeantet-dufourq-2023,annomate,zenodo.7828148-v1-594589-4,svl_label,1,"Paridae_Hypocnemis_striata,9",,
jeantet-dufourq-2023,annomate,zenodo.7828148-v1-594589-5,svl_label,1,"Paridae_Hypocnemis_striata,9",,
jeantet-dufourq-2023,annomate,zenodo.7828148-v1-594905-1,svl_label,1,"Paridae_Saxicola_rubetra,9",,
jeantet-dufourq-2023,annomate,zenodo.7828148-v1-594905-2,svl_label,1,"Paridae_Saxicola_rubetra,9",,
jeantet-dufourq-2023,annomate,zenodo.7828148-v1-594905-3,svl_label,1,"Paridae_Saxicola_rubetra,9",,
jeantet-dufourq-2023,annomate,zenodo.7828148-v1-594905-4,svl_label,1,"Paridae_Saxicola_rubetra,9",,
jeantet-dufourq-2023,annomate,zenodo.7828148-v1-594905-5,svl_label,1,"Paridae_Saxicola_rubetra,9",,
jeantet-dufourq-2023,annomate,zenodo.7828148-v1-594905-6,svl_label,1,"Paridae_Saxicola_rubetra,8",,
jeantet-dufourq-2023,annomate,zenodo.7828148-v1-594905-7,svl_label,1,"Paridae_Saxicola_rubetra,8",,
jeantet-dufourq-2023,annomate,zenodo.7828148-v1-594905-8,svl_label,1,"Paridae_Saxicola_rubetra,9",,
jeantet-dufourq-2023,annomate,zenodo.7828148-v1-594905-9,svl_label,1,"Paridae_Saxicola_rubetra,9",,
jeantet-dufourq-2023,annomate,zenodo.7828148-v1-594905-10,svl_label,1,"Paridae_Saxicola_rubetra,8",,
jeantet-dufourq-2023,annomate,zenodo.7828148-v1-594905-11,svl_label,1,"Paridae_Saxicola_rubetra,8",,
jeantet-dufourq-2023,annomate,zenodo.7828148-v1-594905-12,svl_label,1,"Paridae_Saxicola_rubetra,9",,
jeantet-dufourq-2023,annomate,zenodo.7828148-v1-594905-13,svl_label,1,"Paridae_Saxicola_rubetra,8",,
jeantet-dufourq-2023,annomate,zenodo.7828148-v1-594905-14,svl_label,1,"Paridae_Saxicola_rubetra,8",,
jeantet-dufourq-2023,annomate,zenodo.7828148-v1-594905-15,svl_label,1,"Paridae_Saxicola_rubetra,8",,
jeantet-dufourq-2023,annomate,zenodo.7828148-v1-594905-16,svl_label,1,"Paridae_Saxicola_rubetra,8",,
jeantet-dufourq-2023,annomate,zenodo.7828148-v1-594905-17,svl_label,1,"Paridae_Saxicola_rubetra,8",,
jeantet-dufourq-2023,annomate,zenodo.7828148-v1-594905-18,svl_label,1,"Paridae_Saxicola_rubetra,8",,
jeantet-dufourq-2023,annomate,zenodo.7828148-v1-594905-19,svl_label,1,"Paridae_Saxicola_rubetra,8",,
jeantet-dufourq-2023,annomate,zenodo.7828148-v1-594905-20,svl_label,1,"Paridae_Saxicola_rubetra,8",,
jeantet-dufourq-2023,annomate,zenodo.7828148-v1-594905-21,svl_label,1,"Paridae_Saxicola_rubetra,8",,
jeantet-dufourq-2023,annomate,zenodo.7828148-v1-594905-22,svl_label,1,"Paridae_Saxicola_rubetra,8",,
jeantet-dufourq-2023,annomate,zenodo.7828148-v1-594905-23,svl_label,1,"Paridae_Saxicola_rubetra,8",,
jeantet-dufourq-2023,annomate,zenodo.7828148-v1-594905-24,svl_label,1,"Paridae_Saxicola_rubetra,8",,
jeantet-dufourq-2023,annomate,zenodo.7828148-v1-594906-1,svl_label,1,"aridae_Saxicola_rubetra,9",,
jeantet-dufourq-2023,annomate,zenodo.7828148-v1-594906-2,svl_label,1,"aridae_Saxicola_rubetra,9",,
jeantet-dufourq-2023,annomate,zenodo.7828148-v1-594906-3,svl_label,1,"aridae_Saxicola_rubetra,9",,
jeantet-dufourq-2023,annomate,zenodo.7828148-v1-594906-4,svl_label,1,"aridae_Saxicola_rubetra,9",,
jeantet-dufourq-2023,annomate,zenodo.7828148-v1-594906-5,svl_label,1,"aridae_Saxicola_rubetra,9",,
jeantet-dufourq-2023,annomate,zenodo.7828148-v1-594906-6,svl_label,1,"aridae_Saxicola_rubetra,9",,
jeantet-dufourq-2023,annomate,zenodo.7828148-v1-594906-7,svl_label,1,"aridae_Saxicola_rubetra,9",,
jeantet-dufourq-2023,annomate,zenodo.7828148-v1-594906-8,svl_label,1,"aridae_Saxicola_rubetra,9",,
jeantet-dufourq-2023,annomate,zenodo.7828148-v1-594906-9,svl_label,1,"aridae_Saxicola_rubetra,9",,
jeantet-dufourq-2023,annomate,zenodo.7828148-v1-594906-10,svl_label,1,"aridae_Saxicola_rubetra,9",,
jeantet-dufourq-2023,annomate,zenodo.7828148-v1-594906-11,svl_label,1,"aridae_Saxicola_rubetra,9",,
jeantet-dufourq-2023,annomate,zenodo.7828148-v1-594906-12,svl_label,1,"aridae_Saxicola_rubetra,9",,
jeantet-dufourq-2023,annomate,zenodo.7828148-v1-594906-13,svl_label,1,"aridae_Saxicola_rubetra,9",,
jeantet-dufourq-2023,annomate,zenodo.7828148-v1-594906-14,svl_label,1,"aridae_Saxicola_rubetra,9",,
jeantet-dufourq-2023,annomate,zenodo.7828148-v1-594906-15,svl_label,1,"aridae_Saxicola_rubetra,9",,
jeantet-dufourq-2023,annomate,zenodo.7828148-v1-594906-16,svl_label,1,"aridae_Saxicola_rubetra,9",,
jeantet-dufourq-2023,annomate,zenodo.7828148-v1-594906-17,svl_label,1,"aridae_Saxicola_rubetra,9",,
jeantet-dufourq-2023,annomate,zenodo.7828148-v1-594906-18,svl_label,1,"aridae_Saxicola_rubetra,9",,
jeantet-dufourq-2023,annomate,zenodo.7828148-v1-594906-19,svl_label,1,"aridae_Saxicola_rubetra,9",,
jeantet-dufourq-2023,annomate,zenodo.7828148-v1-594906-20,svl_label,1,"aridae_Saxicola_rubetra,9",,
jeantet-dufourq-2023,annomate,zenodo.7828148-v1-594906-21,svl_label,1,"aridae_Saxicola_rubetra,9",,
jeantet-dufourq-2023,annomate,zenodo.7828148-v1-594906-22,svl_label,1,"aridae_Saxicola_rubetra,9",,
jeantet-dufourq-2023,annomate,zenodo.7828148-v1-594906-23,svl_label,1,"aridae_Saxicola_rubetra,9",,
jeantet-dufourq-2023,annomate,zenodo.7828148-v1-594906-24,svl_label,1,"aridae_Saxicola_rubetra,9",,
jeantet-dufourq-2023,annomate,zenodo.7828148-v1-594906-25,svl_label,1,"aridae_Saxicola_rubetra,9",,
jeantet-dufourq-2023,annomate,zenodo.7828148-v1-594906-26,svl_label,1,"aridae_Saxicola_rubetra,9",,
jeantet-dufourq-2023,annomate,zenodo.7828148-v1-594906-27,svl_label,1,"aridae_Saxicola_rubetra,9",,
jeantet-dufourq-2023,annomate,zenodo.7828148-v1-594906-28,svl_label,1,"aridae_Saxicola_rubetra,9",,
jeantet-dufourq-2023,annomate,zenodo.7828148-v1-594906-29,svl_label,1,"aridae_Saxicola_rubetra,9",,
jeantet-dufourq-2023,annomate,zenodo.7828148-v1-594906-30,svl_label,1,"aridae_Saxicola_rubetra,9",,
jeantet-dufourq-2023,annomate,zenodo.7828148-v1-594906-31,svl_label,1,"aridae_Saxicola_rubetra,9",,
jeantet-dufourq-2023,annomate,zenodo.7828148-v1-594906-32,svl_label,1,"aridae_Saxicola_rubetra,9",,
jeantet-dufourq-2023,annomate,zenodo.7828148-v1-594906-33,svl_label,1,"aridae_Saxicola_rubetra,9",,
jeantet-dufourq-2023,annomate,zenodo.7828148-v1-594906-34,svl_label,1,"aridae_Saxicola_rubetra,9",,
jeantet-dufourq-2023,annomate,zenodo.7828148-v1-594906-35,svl_label,1,"aridae_Saxicola_rubetra,9",,
jeantet-dufourq-2023,annomate,zenodo.7828148-v1-594906-36,svl_label,1,"aridae_Saxicola_rubetra,9",,
jeantet-dufourq-2023,annomate,zenodo.7828148-v1-594906-37,svl_label,1,"aridae_Saxicola_rubetra,9",,
jeantet-dufourq-2023,annomate,zenodo.7828148-v1-594906-38,svl_label,1,"aridae_Saxicola_rubetra,9",,
jeantet-dufourq-2023,annomate,zenodo.7828148-v1-594906-39,svl_label,1,"aridae_Saxicola_rubetra,9",,
jeantet-dufourq-2023,annomate,zenodo.7828148-v1-594906-40,svl_label,1,"aridae_Saxicola_rubetra,9",,
jeantet-dufourq-2023,annomate,zenodo.7828148-v1-594906-41,svl_label,1,"aridae_Saxicola_rubetra,9",,
jeantet-dufourq-2023,annomate,zenodo.7828148-v1-594906-42,svl_label,1,"aridae_Saxicola_rubetra,9",,
jeantet-dufourq-2023,annomate,zenodo.7828148-v1-594906-43,svl_label,1,"aridae_Saxicola_rubetra,9",,
jeantet-dufourq-2023,annomate,zenodo.7828148-v1-594906-44,svl_label,1,"aridae_Saxicola_rubetra,9",,
jeantet-dufourq-2023,annomate,zenodo.7828148-v1-594906-45,svl_label,1,"aridae_Saxicola_rubetra,9",,
jeantet-dufourq-2023,annomate,zenodo.7828148-v1-594906-46,svl_label,1,"aridae_Saxicola_rubetra,9",,
jeantet-dufourq-2023,annomate,zenodo.7828148-v1-594906-47,svl_label,1,"aridae_Saxicola_rubetra,9",,
jeantet-dufourq-2023,annomate,zenodo.7828148-v1-594906-48,svl_label,1,"aridae_Saxicola_rubetra,9",,
jeantet-dufourq-2023,annomate,zenodo.7828148-v1-594906-49,svl_label,1,"aridae_Saxicola_rubetra,9",,
jeantet-dufourq-2023,annomate,zenodo.7828148-v1-594906-50,svl_label,1,"aridae_Saxicola_rubetra,9",,
jeantet-dufourq-2023,annomate,zenodo.7828148-v1-594906-51,svl_label,1,"aridae_Saxicola_rubetra,9",,
jeantet-dufourq-2023,annomate,zenodo.7828148-v1-594906-52,svl_label,1,"aridae_Saxicola_rubetra,9",,
jeantet-dufourq-2023,annomate,zenodo.7828148-v1-594906-53,svl_label,1,"aridae_Saxicola_rubetra,9",,
jeantet-dufourq-2023,annomate,zenodo.7828148-v1-594906-54,svl_label,1,"aridae_Saxicola_rubetra,9",,
jeantet-dufourq-2023,annomate,zenodo.7828148-v1-594906-55,svl_label,1,"aridae_Saxicola_rubetra,9",,
jeantet-dufourq-2023,annomate,zenodo.7828148-v1-594906-56,svl_label,1,"aridae_Saxicola_rubetra,9",,
jeantet-dufourq-2023,annomate,zenodo.7828148-v1-594906-57,svl_label,1,"aridae_Saxicola_rubetra,9",,
jeantet-dufourq-2023,annomate,zenodo.7828148-v1-594906-58,svl_label,1,"aridae_Saxicola_rubetra,9",,
jeantet-dufourq-2023,annomate,zenodo.7828148-v1-594906-59,svl_label,1,"aridae_Saxicola_rubetra,9",,
jeantet-dufourq-2023,annomate,zenodo.7828148-v1-594906-60,svl_label,1,"aridae_Saxicola_rubetra,9",,
jeantet-dufourq-2023,annomate,zenodo.7828148-v1-594906-61,svl_label,1,"aridae_Saxicola_rubetra,9",,
jeantet-dufourq-2023,annomate,zenodo.7828148-v1-594906-62,svl_label,1,"aridae_Saxicola_rubetra,9",,
jeantet-dufourq-2023,annomate,zenodo.7828148-v1-594906-63,svl_label,1,"aridae_Saxicola_rubetra,9",,
jeantet-dufourq-2023,annomate,zenodo.7828148-v1-594906-64,svl_label,1,"aridae_Saxicola_rubetra,9",,
jeantet-dufourq-2023,annomate,zenodo.7828148-v1-594906-65,svl_label,1,"aridae_Saxicola_rubetra,9",,
jeantet-dufourq-2023,annomate,zenodo.7828148-v1-594906-66,svl_label,1,"aridae_Saxicola_rubetra,9",,
jeantet-dufourq-2023,annomate,zenodo.7828148-v1-594906-67,svl_label,1,"aridae_Saxicola_rubetra,9",,
jeantet-dufourq-2023,annomate,zenodo.7828148-v1-594906-68,svl_label,1,"aridae_Saxicola_rubetra,9",,
jeantet-dufourq-2023,annomate,zenodo.7828148-v1-594906-69,svl_label,1,"aridae_Saxicola_rubetra,9",,
jeantet-dufourq-2023,annomate,zenodo.7828148-v1-594906-70,svl_label,1,"aridae_Saxicola_rubetra,9",,
jeantet-dufourq-2023,annomate,zenodo.7828148-v1-594906-71,svl_label,1,"aridae_Saxicola_rubetra,9",,
jeantet-dufourq-2023,annomate,zenodo.7828148-v1-594906-72,svl_label,1,"aridae_Saxicola_rubetra,9",,
jeantet-dufourq-2023,annomate,zenodo.7828148-v1-594906-73,svl_label,1,"aridae_Saxicola_rubetra,9",,
jeantet-dufourq-2023,annomate,zenodo.7828148-v1-594906-74,svl_label,1,"aridae_Saxicola_rubetra,9",,
jeantet-dufourq-2023,annomate,zenodo.7828148-v1-594906-75,svl_label,1,"aridae_Saxicola_rubetra,9",,
jeantet-dufourq-2023,annomate,zenodo.7828148-v1-594906-76,svl_label,1,"aridae_Saxicola_rubetra,9",,
jeantet-dufourq-2023,annomate,zenodo.7828148-v1-594906-77,svl_label,1,"aridae_Saxicola_rubetra,9",,
jeantet-dufourq-2023,annomate,zenodo.7828148-v1-594906-78,svl_label,1,"aridae_Saxicola_rubetra,9",,
jeantet-dufourq-2023,annomate,zenodo.7828148-v1-594906-79,svl_label,1,"aridae_Saxicola_rubetra,9",,
jeantet-dufourq-2023,annomate,zenodo.7828148-v1-594906-80,svl_label,1,"aridae_Saxicola_rubetra,9",,
jeantet-dufourq-2023,annomate,zenodo.7828148-v1-594906-81,svl_label,1,"aridae_Saxicola_rubetra,9",,
jeantet-dufourq-2023,annomate,zenodo.7828148-v1-594906-82,svl_label,1,"aridae_Saxicola_rubetra,9",,
jeantet-dufourq-2023,annomate,zenodo.7828148-v1-594906-83,svl_label,1,"aridae_Saxicola_rubetra,9",,
jeantet-dufourq-2023,annomate,zenodo.7828148-v1-594906-84,svl_label,1,"aridae_Saxicola_rubetra,9",,
jeantet-dufourq-2023,annomate,zenodo.7828148-v1-594906-85,svl_label,1,"aridae_Saxicola_rubetra,9",,
jeantet-dufourq-2023,annomate,zenodo.7828148-v1-594906-86,svl_label,1,"aridae_Saxicola_rubetra,9",,
jeantet-dufourq-2023,annomate,zenodo.7828148-v1-594906-87,svl_label,1,"aridae_Saxicola_rubetra,9",,
jeantet-dufourq-2023,annomate,zenodo.7828148-v1-594906-88,svl_label,1,"aridae_Saxicola_rubetra,9",,
jeantet-dufourq-2023,annomate,zenodo.7828148-v1-594906-89,svl_label,1,"aridae_Saxicola_rubetra,9",,
jeantet-dufourq-2023,annomate,zenodo.7828148-v1-594906-90,svl_label,1,"aridae_Saxicola_rubetra,9",,
jeantet-dufourq-2023,annomate,zenodo.7828148-v1-594906-91,svl_label,1,"aridae_Saxicola_rubetra,9",,
jeantet-dufourq-2023,annomate,zenodo.7828148-v1-594906-92,svl_label,1,"aridae_Saxicola_rubetra,9",,
jeantet-dufourq-2023,annomate,zenodo.7828148-v1-594906-93,svl_label,1,"aridae_Saxicola_rubetra,9",,
jeantet-dufourq-2023,annomate,zenodo.7828148-v1-594906-94,svl_label,1,"aridae_Saxicola_rubetra,9",,
jeantet-dufourq-2023,annomate,zenodo.7828148-v1-594906-95,svl_label,1,"aridae_Saxicola_rubetra,9",,
jeantet-dufourq-2023,annomate,zenodo.7828148-v1-594906-96,svl_label,1,"aridae_Saxicola_rubetra,9",,
jeantet-dufourq-2023,annomate,zenodo.7828148-v1-594906-97,svl_label,1,"aridae_Saxicola_rubetra,9",,
jeantet-dufourq-2023,annomate,zenodo.7828148-v1-594906-98,svl_label,1,"aridae_Saxicola_rubetra,9",,
jeantet-dufourq-2023,annomate,zenodo.7828148-v1-594906-99,svl_label,1,"aridae_Saxicola_rubetra,9",,
jeantet-dufourq-2023,annomate,zenodo.7828148-v1-594906-100,svl_label,1,"aridae_Saxicola_rubetra,9",,
jeantet-dufourq-2023,annomate,zenodo.7828148-v1-594906-101,svl_label,1,"aridae_Saxicola_rubetra,9",,
jeantet-dufourq-2023,annomate,zenodo.7828148-v1-594906-102,svl_label,1,"aridae_Saxicola_rubetra,9",,
jeantet-dufourq-2023,annomate,zenodo.7828148-v1-594906-103,svl_label,1,"aridae_Saxicola_rubetra,9",,
jeantet-dufourq-2023,annomate,zenodo.7828148-v1-594906-104,svl_label,1,"aridae_Saxicola_rubetra,9",,
jeantet-dufourq-2023,annomate,zenodo.7828148-v1-594906-105,svl_label,1,"aridae_Saxicola_rubetra,9",,
jeantet-dufourq-2023,annomate,zenodo.7828148-v1-594906-106,svl_label,1,"aridae_Saxicola_rubetra,9",,
jeantet-dufourq-2023,annomate,zenodo.7828148-v1-594906-107,svl_label,1,"aridae_Saxicola_rubetra,9",,
jeantet-dufourq-2023,annomate,zenodo.7828148-v1-594906-108,svl_label,1,"aridae_Saxicola_rubetra,9",,
jeantet-dufourq-2023,annomate,zenodo.7828148-v1-594906-109,svl_label,1,"aridae_Saxicola_rubetra,9",,
jeantet-dufourq-2023,annomate,zenodo.7828148-v1-594906-110,svl_label,1,"aridae_Saxicola_rubetra,9",,
jeantet-dufourq-2023,annomate,zenodo.7828148-v1-594906-111,svl_label,1,"aridae_Saxicola_rubetra,9",,
jeantet-dufourq-2023,annomate,zenodo.7828148-v1-594906-112,svl_label,1,"aridae_Saxicola_rubetra,9",,
jeantet-dufourq-2023,annomate,zenodo.7828148-v1-594906-113,svl_label,1,"aridae_Saxicola_rubetra,9",,
jeantet-dufourq-2023,annomate,zenodo.7828148-v1-594906-114,svl_label,1,"aridae_Saxicola_rubetra,9",,
jeantet-dufourq-2023,annomate,zenodo.7828148-v1-594906-115,svl_label,1,"aridae_Saxicola_rubetra,9",,
jeantet-dufourq-2023,annomate,zenodo.7828148-v1-594906-116,svl_label,1,"aridae_Saxicola_rubetra,9",,
jeantet-dufourq-2023,annomate,zenodo.7828148-v1-594906-117,svl_label,1,"aridae_Saxicola_rubetra,9",,
jeantet-dufourq-2023,annomate,zenodo.7828148-v1-594906-118,svl_label,1,"aridae_Saxicola_rubetra,9",,
jeantet-dufourq-2023,annomate,zenodo.7828148-v1-594906-119,svl_label,1,"aridae_Saxicola_rubetra,9",,
jeantet-dufourq-2023,annomate,zenodo.7828148-v1-594906-120,svl_label,1,"aridae_Saxicola_rubetra,9",,
jeantet-dufourq-2023,annomate,zenodo.7828148-v1-594906-121,svl_label,1,"aridae_Saxicola_rubetra,9",,
jeantet-dufourq-2023,annomate,zenodo.7828148-v1-594906-122,svl_label,1,"aridae_Saxicola_rubetra,9",,
jeantet-dufourq-2023,annomate,zenodo.7828148-v1-594906-123,svl_label,1,"aridae_Saxicola_rubetra,9",,
jeantet-dufourq-2023,annomate,zenodo.7828148-v1-594906-124,svl_label,1,"aridae_Saxicola_rubetra,9",,
jeantet-dufourq-2023,annomate,zenodo.7828148-v1-594906-125,svl_label,1,"aridae_Saxicola_rubetra,9",,
jeantet-dufourq-2023,annomate,zenodo.7828148-v1-594907-1,svl_label,1,"Paridae_Saxicola_rubetra,9",,
jeantet-dufourq-2023,annomate,zenodo.7828148-v1-594907-2,svl_label,1,"Paridae_Saxicola_rubetra,9",,
jeantet-dufourq-2023,annomate,zenodo.7828148-v1-594907-3,svl_label,1,"Paridae_Saxicola_rubetra,9",,
jeantet-dufourq-2023,annomate,zenodo.7828148-v1-594907-4,svl_label,1,"Paridae_Saxicola_rubetra,9",,
jeantet-dufourq-2023,annomate,zenodo.7828148-v1-594907-5,svl_label,1,"Paridae_Saxicola_rubetra,9",,
jeantet-dufourq-2023,annomate,zenodo.7828148-v1-594907-6,svl_label,1,"Paridae_Saxicola_rubetra,9",,
jeantet-dufourq-2023,annomate,zenodo.7828148-v1-594907-7,svl_label,1,"Paridae_Saxicola_rubetra,9",,
jeantet-dufourq-2023,annomate,zenodo.7828148-v1-594907-8,svl_label,1,"Paridae_Saxicola_rubetra,9",,
jeantet-dufourq-2023,annomate,zenodo.7828148-v1-594907-9,svl_label,1,"Paridae_Saxicola_rubetra,9",,
jeantet-dufourq-2023,annomate,zenodo.7828148-v1-594907-10,svl_label,1,"Paridae_Saxicola_rubetra,9",,
jeantet-dufourq-2023,annomate,zenodo.7828148-v1-594907-11,svl_label,1,"Paridae_Saxicola_rubetra,9",,
jeantet-dufourq-2023,annomate,zenodo.7828148-v1-594907-12,svl_label,1,"Paridae_Saxicola_rubetra,9",,
jeantet-dufourq-2023,annomate,zenodo.7828148-v1-594907-13,svl_label,1,"Paridae_Saxicola_rubetra,9",,
jeantet-dufourq-2023,annomate,zenodo.7828148-v1-594907-14,svl_label,1,"Paridae_Saxicola_rubetra,9",,
jeantet-dufourq-2023,annomate,zenodo.7828148-v1-594907-15,svl_label,1,"Paridae_Saxicola_rubetra,9",,
jeantet-dufourq-2023,annomate,zenodo.7828148-v1-594907-16,svl_label,1,"Paridae_Saxicola_rubetra,9",,
jeantet-dufourq-2023,annomate,zenodo.7828148-v1-594907-17,svl_label,1,"Paridae_Saxicola_rubetra,9",,
jeantet-dufourq-2023,annomate,zenodo.7828148-v1-594907-18,svl_label,1,"Paridae_Saxicola_rubetra,9",,
jeantet-dufourq-2023,annomate,zenodo.7828148-v1-594907-19,svl_label,1,"Paridae_Saxicola_rubetra,9",,
jeantet-dufourq-2023,annomate,zenodo.7828148-v1-594907-20,svl_label,1,"Paridae_Saxicola_rubetra,9",,
jeantet-dufourq-2023,annomate,zenodo.7828148-v1-594907-21,svl_label,1,"Paridae_Saxicola_rubetra,9",,
jeantet-dufourq-2023,annomate,zenodo.7828148-v1-594907-22,svl_label,1,"Paridae_Saxicola_rubetra,9",,
jeantet-dufourq-2023,annomate,zenodo.7828148-v1-594907-23,svl_label,1,"Paridae_Saxicola_rubetra,9",,
jeantet-dufourq-2023,annomate,zenodo.7828148-v1-594907-24,svl_label,1,"Paridae_Saxicola_rubetra,9",,
jeantet-dufourq-2023,annomate,zenodo.7828148-v1-594907-25,svl_label,1,"Paridae_Saxicola_rubetra,9",,
jeantet-dufourq-2023,annomate,zenodo.7828148-v1-594907-26,svl_label,1,"Paridae_Saxicola_rubetra,9",,
jeantet-dufourq-2023,annomate,zenodo.7828148-v1-594907-27,svl_label,1,"Paridae_Saxicola_rubetra,9",,
jeantet-dufourq-2023,annomate,zenodo.7828148-v1-594907-28,svl_label,1,"Paridae_Saxicola_rubetra,9",,
jeantet-dufourq-2023,annomate,zenodo.7828148-v1-594907-29,svl_label,1,"Paridae_Saxicola_rubetra,9",,
jeantet-dufourq-2023,annomate,zenodo.7828148-v1-594907-30,svl_label,1,"Paridae_Saxicola_rubetra,9",,
jeantet-dufourq-2023,annomate,zenodo.7828148-v1-594907-31,svl_label,1,"Paridae_Saxicola_rubetra,9",,
jeantet-dufourq-2023,annomate,zenodo.7828148-v1-594907-32,svl_label,1,"Paridae_Saxicola_rubetra,9",,
jeantet-dufourq-2023,annomate,zenodo.7828148-v1-594907-33,svl_label,1,"Paridae_Saxicola_rubetra,9",,
jeantet-dufourq-2023,annomate,zenodo.7828148-v1-594907-34,svl_label,1,"Paridae_Saxicola_rubetra,9",,
jeantet-dufourq-2023,annomate,zenodo.7828148-v1-594907-35,svl_label,1,"Paridae_Saxicola_rubetra,9",,
jeantet-dufourq-2023,annomate,zenodo.7828148-v1-594907-36,svl_label,1,"Paridae_Saxicola_rubetra,9",,
jeantet-dufourq-2023,annomate,zenodo.7828148-v1-594907-37,svl_label,1,"Paridae_Saxicola_rubetra,9",,
jeantet-dufourq-2023,annomate,zenodo.7828148-v1-594907-38,svl_label,1,"Paridae_Saxicola_rubetra,9",,
jeantet-dufourq-2023,annomate,zenodo.7828148-v1-594907-39,svl_label,1,"Paridae_Saxicola_rubetra,9",,
jeantet-dufourq-2023,annomate,zenodo.7828148-v1-594907-40,svl_label,1,"Paridae_Saxicola_rubetra,9",,
jeantet-dufourq-2023,annomate,zenodo.7828148-v1-594907-41,svl_label,1,"Paridae_Saxicola_rubetra,9",,
jeantet-dufourq-2023,annomate,zenodo.7828148-v1-594907-42,svl_label,1,"Paridae_Saxicola_rubetra,9",,
jeantet-dufourq-2023,annomate,zenodo.7828148-v1-594907-43,svl_label,1,"Paridae_Saxicola_rubetra,9",,
jeantet-dufourq-2023,annomate,zenodo.7828148-v1-594907-44,svl_label,1,"Paridae_Saxicola_rubetra,9",,
jeantet-dufourq-2023,annomate,zenodo.7828148-v1-594907-45,svl_label,1,"Paridae_Saxicola_rubetra,9",,
jeantet-dufourq-2023,annomate,zenodo.7828148-v1-594907-46,svl_label,1,"Paridae_Saxicola_rubetra,9",,
jeantet-dufourq-2023,annomate,zenodo.7828148-v1-594907-47,svl_label,1,"Paridae_Saxicola_rubetra,9",,
jeantet-dufourq-2023,annomate,zenodo.7828148-v1-594907-48,svl_label,1,"Paridae_Saxicola_rubetra,9",,
jeantet-dufourq-2023,annomate,zenodo.7828148-v1-594907-49,svl_label,1,"Paridae_Saxicola_rubetra,9",,
jeantet-dufourq-2023,annomate,zenodo.7828148-v1-594907-50,svl_label,1,"Paridae_Saxicola_rubetra,9",,
jeantet-dufourq-2023,annomate,zenodo.7828148-v1-594907-51,svl_label,1,"Paridae_Saxicola_rubetra,9",,
jeantet-dufourq-2023,annomate,zenodo.7828148-v1-594907-52,svl_label,1,"Paridae_Saxicola_rubetra,9",,
jeantet-dufourq-2023,annomate,zenodo.7828148-v1-594907-53,svl_label,1,"Paridae_Saxicola_rubetra,9",,
jeantet-dufourq-2023,annomate,zenodo.7828148-v1-594907-54,svl_label,1,"Paridae_Saxicola_rubetra,9",,
jeantet-dufourq-2023,annomate,zenodo.7828148-v1-594907-55,svl_label,1,"Paridae_Saxicola_rubetra,9",,
jeantet-dufourq-2023,annomate,zenodo.7828148-v1-594907-56,svl_label,1,"Paridae_Saxicola_rubetra,9",,
jeantet-dufourq-2023,annomate,zenodo.7828148-v1-594907-57,svl_label,1,"Paridae_Saxicola_rubetra,9",,
jeantet-dufourq-2023,annomate,zenodo.7828148-v1-594907-58,svl_label,1,"Paridae_Saxicola_rubetra,9",,
jeantet-dufourq-2023,annomate,zenodo.7828148-v1-594907-59,svl_label,1,"Paridae_Saxicola_rubetra,9",,
jeantet-dufourq-2023,annomate,zenodo.7828148-v1-594907-60,svl_label,1,"Paridae_Saxicola_rubetra,9",,
jeantet-dufourq-2023,annomate,zenodo.7828148-v1-594907-61,svl_label,1,"Paridae_Saxicola_rubetra,9",,
jeantet-dufourq-2023,annomate,zenodo.7828148-v1-594907-62,svl_label,1,"Paridae_Saxicola_rubetra,9",,
jeantet-dufourq-2023,annomate,zenodo.7828148-v1-594907-63,svl_label,1,"Paridae_Saxicola_rubetra,9",,
jeantet-dufourq-2023,annomate,zenodo.7828148-v1-594907-64,svl_label,1,"Paridae_Saxicola_rubetra,9",,
jeantet-dufourq-2023,annomate,zenodo.7828148-v1-594907-65,svl_label,1,"Paridae_Saxicola_rubetra,9",,
jeantet-dufourq-2023,annomate,zenodo.7828148-v1-594907-66,svl_label,1,"Paridae_Saxicola_rubetra,9",,
jeantet-dufourq-2023,annomate,zenodo.7828148-v1-594907-67,svl_label,1,"Paridae_Saxicola_rubetra,9",,
jeantet-dufourq-2023,annomate,zenodo.7828148-v1-594907-68,svl_label,1,"Paridae_Saxicola_rubetra,9",,
jeantet-dufourq-2023,annomate,zenodo.7828148-v1-594907-69,svl_label,1,"Paridae_Saxicola_rubetra,9",,
jeantet-dufourq-2023,annomate,zenodo.7828148-v1-594907-70,svl_label,1,"Paridae_Saxicola_rubetra,9",,
jeantet-dufourq-2023,annomate,zenodo.7828148-v1-594907-71,svl_label,1,"Paridae_Saxicola_rubetra,9",,
jeantet-dufourq-2023,annomate,zenodo.7828148-v1-594907-72,svl_label,1,"Paridae_Saxicola_rubetra,9",,
jeantet-dufourq-2023,annomate,zenodo.7828148-v1-594907-73,svl_label,1,"Paridae_Saxicola_rubetra,9",,
jeantet-dufourq-2023,annomate,zenodo.7828148-v1-594907-74,svl_label,1,"Paridae_Saxicola_rubetra,9",,
jeantet-dufourq-2023,annomate,zenodo.7828148-v1-594907-75,svl_label,1,"Paridae_Saxicola_rubetra,9",,
jeantet-dufourq-2023,annomate,zenodo.7828148-v1-594907-76,svl_label,1,"Paridae_Saxicola_rubetra,9",,
jeantet-dufourq-2023,annomate,zenodo.7828148-v1-594907-77,svl_label,1,"Paridae_Saxicola_rubetra,9",,
jeantet-dufourq-2023,annomate,zenodo.7828148-v1-594907-78,svl_label,1,"Paridae_Saxicola_rubetra,9",,
jeantet-dufourq-2023,annomate,zenodo.7828148-v1-594907-79,svl_label,1,"Paridae_Saxicola_rubetra,9",,
jeantet-dufourq-2023,annomate,zenodo.7828148-v1-594907-80,svl_label,1,"Paridae_Saxicola_rubetra,9",,
jeantet-dufourq-2023,annomate,zenodo.7828148-v1-594907-81,svl_label,1,"Paridae_Saxicola_rubetra,9",,
jeantet-dufourq-2023,annomate,zenodo.7828148-v1-594907-82,svl_label,1,"Paridae_Saxicola_rubetra,9",,
jeantet-dufourq-2023,annomate,zenodo.7828148-v1-594907-83,svl_label,1,"Paridae_Saxicola_rubetra,9",,
jeantet-dufourq-2023,annomate,zenodo.7828148-v1-594907-84,svl_label,1,"Paridae_Saxicola_rubetra,9",,
jeantet-dufourq-2023,annomate,zenodo.7828148-v1-594907-85,svl_label,1,"Paridae_Saxicola_rubetra,9",,
jeantet-dufourq-2023,annomate,zenodo.7828148-v1-594907-86,svl_label,1,"Paridae_Saxicola_rubetra,9",,
jeantet-dufourq-2023,annomate,zenodo.7828148-v1-594907-87,svl_label,1,"Paridae_Saxicola_rubetra,9",,
jeantet-dufourq-2023,annomate,zenodo.7828148-v1-594907-88,svl_label,1,"Paridae_Saxicola_rubetra,9",,
jeantet-dufourq-2023,annomate,zenodo.7828148-v1-594907-89,svl_label,1,"Paridae_Saxicola_rubetra,9",,
jeantet-dufourq-2023,annomate,zenodo.7828148-v1-594907-90,svl_label,1,"Paridae_Saxicola_rubetra,9",,
jeantet-dufourq-2023,annomate,zenodo.7828148-v1-594907-91,svl_label,1,"Paridae_Saxicola_rubetra,9",,
jeantet-dufourq-2023,annomate,zenodo.7828148-v1-594907-92,svl_label,1,"Paridae_Saxicola_rubetra,9",,
jeantet-dufourq-2023,annomate,zenodo.7828148-v1-594907-93,svl_label,1,"Paridae_Saxicola_rubetra,9",,
jeantet-dufourq-2023,annomate,zenodo.7828148-v1-594907-94,svl_label,1,"Paridae_Saxicola_rubetra,9",,
jeantet-dufourq-2023,annomate,zenodo.7828148-v1-594907-95,svl_label,1,"Paridae_Saxicola_rubetra,9",,
jeantet-dufourq-2023,annomate,zenodo.7828148-v1-594907-96,svl_label,1,"Paridae_Saxicola_rubetra,9",,
jeantet-dufourq-2023,annomate,zenodo.7828148-v1-594907-97,svl_label,1,"Paridae_Saxicola_rubetra,9",,
jeantet-dufourq-2023,annomate,zenodo.7828148-v1-594907-98,svl_label,1,"Paridae_Saxicola_rubetra,9",,
jeantet-dufourq-2023,annomate,zenodo.7828148-v1-594907-99,svl_label,1,"Paridae_Saxicola_rubetra,9",,
jeantet-dufourq-2023,annomate,zenodo.7828148-v1-594907-100,svl_label,1,"Paridae_Saxicola_rubetra,9",,
jeantet-dufourq-2023,annomate,zenodo.7828148-v1-594907-101,svl_label,1,"Paridae_Saxicola_rubetra,9",,
jeantet-dufourq-2023,annomate,zenodo.7828148-v1-594907-102,svl_label,1,"Paridae_Saxicola_rubetra,9",,
jeantet-dufourq-2023,annomate,zenodo.7828148-v1-594907-103,svl_label,1,"Paridae_Saxicola_rubetra,9",,
jeantet-dufourq-2023,annomate,zenodo.7828148-v1-594907-104,svl_label,1,"Paridae_Saxicola_rubetra,9",,
jeantet-dufourq-2023,annomate,zenodo.7828148-v1-594907-105,svl_label,1,"Paridae_Saxicola_rubetra,9",,
jeantet-dufourq-2023,annomate,zenodo.7828148-v1-594907-106,svl_label,1,"Paridae_Saxicola_rubetra,9",,
jeantet-dufourq-2023,annomate,zenodo.7828148-v1-594907-107,svl_label,1,"Paridae_Saxicola_rubetra,9",,
jeantet-dufourq-2023,annomate,zenodo.7828148-v1-594907-108,svl_label,1,"Paridae_Saxicola_rubetra,9",,
jeantet-dufourq-2023,annomate,zenodo.7828148-v1-594907-109,svl_label,1,"Paridae_Saxicola_rubetra,9",,
jeantet-dufourq-2023,annomate,zenodo.7828148-v1-594907-110,svl_label,1,"Paridae_Saxicola_rubetra,9",,
jeantet-dufourq-2023,annomate,zenodo.7828148-v1-594907-111,svl_label,1,"Paridae_Saxicola_rubetra,9",,
jeantet-dufourq-2023,annomate,zenodo.7828148-v1-594907-112,svl_label,1,"Paridae_Saxicola_rubetra,9",,
jeantet-dufourq-2023,annomate,zenodo.7828148-v1-594907-113,svl_label,1,"Paridae_Saxicola_rubetra,9",,
jeantet-dufourq-2023,annomate,zenodo.7828148-v1-594907-114,svl_label,1,"Paridae_Saxicola_rubetra,9",,
jeantet-dufourq-2023,annomate,zenodo.7828148-v1-594907-115,svl_label,1,"Paridae_Saxicola_rubetra,9",,
jeantet-dufourq-2023,annomate,zenodo.7828148-v1-594907-116,svl_label,1,"Paridae_Saxicola_rubetra,9",,
jeantet-dufourq-2023,annomate,zenodo.7828148-v1-594907-117,svl_label,1,"Paridae_Saxicola_rubetra,9",,
jeantet-dufourq-2023,annomate,zenodo.7828148-v1-594907-118,svl_label,1,"Paridae_Saxicola_rubetra,9",,
jeantet-dufourq-2023,annomate,zenodo.7828148-v1-594907-119,svl_label,1,"Paridae_Saxicola_rubetra,9",,
jeantet-dufourq-2023,annomate,zenodo.7828148-v1-594907-120,svl_label,1,"Paridae_Saxicola_rubetra,9",,
jeantet-dufourq-2023,annomate,zenodo.7828148-v1-594907-121,svl_label,1,"Paridae_Saxicola_rubetra,9",,
jeantet-dufourq-2023,annomate,zenodo.7828148-v1-594907-122,svl_label,1,"Paridae_Saxicola_rubetra,9",,
jeantet-dufourq-2023,annomate,zenodo.7828148-v1-594907-123,svl_label,1,"Paridae_Saxicola_rubetra,9",,
jeantet-dufourq-2023,annomate,zenodo.7828148-v1-594907-124,svl_label,1,"Paridae_Saxicola_rubetra,9",,
jeantet-dufourq-2023,annomate,zenodo.7828148-v1-594907-125,svl_label,1,"Paridae_Saxicola_rubetra,9",,
jeantet-dufourq-2023,annomate,zenodo.7828148-v1-594907-126,svl_label,1,"Paridae_Saxicola_rubetra,9",,
jeantet-dufourq-2023,annomate,zenodo.7828148-v1-594907-127,svl_label,1,"Paridae_Saxicola_rubetra,9",,
jeantet-dufourq-2023,annomate,zenodo.7828148-v1-594907-128,svl_label,1,"Paridae_Saxicola_rubetra,9",,
jeantet-dufourq-2023,annomate,zenodo.7828148-v1-594907-129,svl_label,1,"Paridae_Saxicola_rubetra,9",,
jeantet-dufourq-2023,annomate,zenodo.7828148-v1-594907-130,svl_label,1,"Paridae_Saxicola_rubetra,9",,
jeantet-dufourq-2023,annomate,zenodo.7828148-v1-594907-131,svl_label,1,"Paridae_Saxicola_rubetra,9",,
jeantet-dufourq-2023,annomate,zenodo.7828148-v1-594907-132,svl_label,1,"Paridae_Saxicola_rubetra,9",,
jeantet-dufourq-2023,annomate,zenodo.7828148-v1-594907-133,svl_label,1,"Paridae_Saxicola_rubetra,9",,
jeantet-dufourq-2023,annomate,zenodo.7828148-v1-594907-134,svl_label,1,"Paridae_Saxicola_rubetra,9",,
jeantet-dufourq-2023,annomate,zenodo.7828148-v1-594907-135,svl_label,1,"Paridae_Saxicola_rubetra,9",,
jeantet-dufourq-2023,annomate,zenodo.7828148-v1-594907-136,svl_label,1,"Paridae_Saxicola_rubetra,9",,
jeantet-dufourq-2023,annomate,zenodo.7828148-v1-594907-137,svl_label,1,"Paridae_Saxicola_rubetra,9",,
jeantet-dufourq-2023,annomate,zenodo.7828148-v1-594907-138,svl_label,1,"Paridae_Saxicola_rubetra,9",,
jeantet-dufourq-2023,annomate,zenodo.7828148-v1-594907-139,svl_label,1,"Paridae_Saxicola_rubetra,9",,
jeantet-dufourq-2023,annomate,zenodo.7828148-v1-594907-140,svl_label,1,"Paridae_Saxicola_rubetra,9",,
jeantet-dufourq-2023,annomate,zenodo.7828148-v1-594907-141,svl_label,1,"Paridae_Saxicola_rubetra,9",,
jeantet-dufourq-2023,annomate,zenodo.7828148-v1-594907-142,svl_label,1,"Paridae_Saxicola_rubetra,9",,
jeantet-dufourq-2023,annomate,zenodo.7828148-v1-594907-143,svl_label,1,"Paridae_Saxicola_rubetra,9",,
jeantet-dufourq-2023,annomate,zenodo.7828148-v1-594907-144,svl_label,1,"Paridae_Saxicola_rubetra,9",,
jeantet-dufourq-2023,annomate,zenodo.7828148-v1-594907-145,svl_label,1,"Paridae_Saxicola_rubetra,9",,
jeantet-dufourq-2023,annomate,zenodo.7828148-v1-594907-146,svl_label,1,"Paridae_Saxicola_rubetra,9",,
jeantet-dufourq-2023,annomate,zenodo.7828148-v1-594907-147,svl_label,1,"Paridae_Saxicola_rubetra,9",,
jeantet-dufourq-2023,annomate,zenodo.7828148-v1-594907-148,svl_label,1,"Paridae_Saxicola_rubetra,9",,
jeantet-dufourq-2023,annomate,zenodo.7828148-v1-594907-149,svl_label,1,"Paridae_Saxicola_rubetra,9",,
jeantet-dufourq-2023,annomate,zenodo.7828148-v1-594907-150,svl_label,1,"Paridae_Saxicola_rubetra,9",,
jeantet-dufourq-2023,annomate,zenodo.7828148-v1-594907-151,svl_label,1,"Paridae_Saxicola_rubetra,9",,
jeantet-dufourq-2023,annomate,zenodo.7828148-v1-594907-152,svl_label,1,"Paridae_Saxicola_rubetra,9",,
jeantet-dufourq-2023,annomate,zenodo.7828148-v1-594907-153,svl_label,1,"Paridae_Saxicola_rubetra,9",,
jeantet-dufourq-2023,annomate,zenodo.7828148-v1-594907-154,svl_label,1,"Paridae_Saxicola_rubetra,9",,
jeantet-dufourq-2023,annomate,zenodo.7828148-v1-594907-155,svl_label,1,"Paridae_Saxicola_rubetra,9",,
jeantet-dufourq-2023,annomate,zenodo.7828148-v1-594907-156,svl_label,1,"Paridae_Saxicola_rubetra,9",,
jeantet-dufourq-2023,annomate,zenodo.7828148-v1-594907-157,svl_label,1,"Paridae_Saxicola_rubetra,9",,
jeantet-dufourq-2023,annomate,zenodo.7828148-v1-594907-158,svl_label,1,"Paridae_Saxicola_rubetra,9",,
jeantet-dufourq-2023,annomate,zenodo.7828148-v1-594907-159,svl_label,1,"Paridae_Saxicola_rubetra,9",,
jeantet-dufourq-2023,annomate,zenodo.7828148-v1-594907-160,svl_label,1,"Paridae_Saxicola_rubetra,9",,
jeantet-dufourq-2023,annomate,zenodo.7828148-v1-594907-161,svl_label,1,"Paridae_Saxicola_rubetra,9",,
jeantet-dufourq-2023,annomate,zenodo.7828148-v1-594907-162,svl_label,1,"Paridae_Saxicola_rubetra,9",,
jeantet-dufourq-2023,annomate,zenodo.7828148-v1-594907-163,svl_label,1,"Paridae_Saxicola_rubetra,9",,
jeantet-dufourq-2023,annomate,zenodo.7828148-v1-594907-164,svl_label,1,"Paridae_Saxicola_rubetra,9",,
jeantet-dufourq-2023,annomate,zenodo.7828148-v1-594907-165,svl_label,1,"Paridae_Saxicola_rubetra,9",,
jeantet-dufourq-2023,annomate,zenodo.7828148-v1-594907-166,svl_label,1,"Paridae_Saxicola_rubetra,9",,
jeantet-dufourq-2023,annomate,zenodo.7828148-v1-594907-167,svl_label,1,"Paridae_Saxicola_rubetra,9",,
jeantet-dufourq-2023,annomate,zenodo.7828148-v1-594907-168,svl_label,1,"Paridae_Saxicola_rubetra,9",,
jeantet-dufourq-2023,annomate,zenodo.7828148-v1-594907-169,svl_label,1,"Paridae_Saxicola_rubetra,9",,
jeantet-dufourq-2023,annomate,zenodo.7828148-v1-594907-170,svl_label,1,"Paridae_Saxicola_rubetra,9",,
jeantet-dufourq-2023,annomate,zenodo.7828148-v1-594907-171,svl_label,1,"Paridae_Saxicola_rubetra,9",,
jeantet-dufourq-2023,annomate,zenodo.7828148-v1-594907-172,svl_label,1,"Paridae_Saxicola_rubetra,9",,
jeantet-dufourq-2023,annomate,zenodo.7828148-v1-594907-173,svl_label,1,"Paridae_Saxicola_rubetra,9",,
jeantet-dufourq-2023,annomate,zenodo.7828148-v1-594907-174,svl_label,1,"Paridae_Saxicola_rubetra,9",,
jeantet-dufourq-2023,annomate,zenodo.7828148-v1-594907-175,svl_label,1,"Paridae_Saxicola_rubetra,9",,
jeantet-dufourq-2023,annomate,zenodo.7828148-v1-594907-176,svl_label,1,"Paridae_Saxicola_rubetra,9",,
jeantet-dufourq-2023,annomate,zenodo.7828148-v1-594907-177,svl_label,1,"Paridae_Saxicola_rubetra,9",,
jeantet-dufourq-2023,annomate,zenodo.7828148-v1-594907-178,svl_label,1,"Paridae_Saxicola_rubetra,9",,
jeantet-dufourq-2023,annomate,zenodo.7828148-v1-594907-179,svl_label,1,"Paridae_Saxicola_rubetra,9",,
jeantet-dufourq-2023,annomate,zenodo.7828148-v1-594907-180,svl_label,1,"Paridae_Saxicola_rubetra,9",,
jeantet-dufourq-2023,annomate,zenodo.7828148-v1-594907-181,svl_label,1,"Paridae_Saxicola_rubetra,9",,
jeantet-dufourq-2023,annomate,zenodo.7828148-v1-594907-182,svl_label,1,"Paridae_Saxicola_rubetra,9",,
jeantet-dufourq-2023,annomate,zenodo.7828148-v1-594907-183,svl_label,1,"Paridae_Saxicola_rubetra,9",,
jeantet-dufourq-2023,annomate,zenodo.7828148-v1-594907-184,svl_label,1,"Paridae_Saxicola_rubetra,9",,
jeantet-dufourq-2023,annomate,zenodo.7828148-v1-594907-185,svl_label,1,"Paridae_Saxicola_rubetra,9",,
jeantet-dufourq-2023,annomate,zenodo.7828148-v1-594907-186,svl_label,1,"Paridae_Saxicola_rubetra,9",,
jeantet-dufourq-2023,annomate,zenodo.7828148-v1-594907-187,svl_label,1,"Paridae_Saxicola_rubetra,9",,
jeantet-dufourq-2023,annomate,zenodo.7828148-v1-594907-188,svl_label,1,"Paridae_Saxicola_rubetra,9",,
jeantet-dufourq-2023,annomate,zenodo.7828148-v1-594907-189,svl_label,1,"Paridae_Saxicola_rubetra,9",,
jeantet-dufourq-2023,annomate,zenodo.7828148-v1-594907-190,svl_label,1,"Paridae_Saxicola_rubetra,9",,
jeantet-dufourq-2023,annomate,zenodo.7828148-v1-594907-191,svl_label,1,"Paridae_Saxicola_rubetra,9",,
jeantet-dufourq-2023,annomate,zenodo.7828148-v1-594907-192,svl_label,1,"Paridae_Saxicola_rubetra,9",,
jeantet-dufourq-2023,annomate,zenodo.7828148-v1-594907-193,svl_label,1,"Paridae_Saxicola_rubetra,9",,
jeantet-dufourq-2023,annomate,zenodo.7828148-v1-594907-194,svl_label,1,"Paridae_Saxicola_rubetra,9",,
jeantet-dufourq-2023,annomate,zenodo.7828148-v1-594907-195,svl_label,1,"Paridae_Saxicola_rubetra,9",,
jeantet-dufourq-2023,annomate,zenodo.7828148-v1-594907-196,svl_label,1,"Paridae_Saxicola_rubetra,9",,
jeantet-dufourq-2023,annomate,zenodo.7828148-v1-594907-197,svl_label,1,"Paridae_Saxicola_rubetra,9",,
jeantet-dufourq-2023,annomate,zenodo.7828148-v1-594907-198,svl_label,1,"Paridae_Saxicola_rubetra,9",,
jeantet-dufourq-2023,annomate,zenodo.7828148-v1-594907-199,svl_label,1,"Paridae_Saxicola_rubetra,9",,
jeantet-dufourq-2023,annomate,zenodo.7828148-v1-594907-200,svl_label,1,"Paridae_Saxicola_rubetra,9",,
jeantet-dufourq-2023,annomate,zenodo.7828148-v1-594907-201,svl_label,1,"Paridae_Saxicola_rubetra,9",,
jeantet-dufourq-2023,annomate,zenodo.7828148-v1-594907-202,svl_label,1,"Paridae_Saxicola_rubetra,9",,
jeantet-dufourq-2023,annomate,zenodo.7828148-v1-594907-203,svl_label,1,"Paridae_Saxicola_rubetra,9",,
jeantet-dufourq-2023,annomate,zenodo.7828148-v1-594907-204,svl_label,1,"Paridae_Saxicola_rubetra,9",,
jeantet-dufourq-2023,annomate,zenodo.7828148-v1-594907-205,svl_label,1,"Paridae_Saxicola_rubetra,9",,
jeantet-dufourq-2023,annomate,zenodo.7828148-v1-594907-206,svl_label,1,"Paridae_Saxicola_rubetra,9",,
jeantet-dufourq-2023,annomate,zenodo.7828148-v1-595459-1,svl_label,1,"Troglodytidae_Troglodytes_troglodytes, 10",,
jeantet-dufourq-2023,annomate,zenodo.7828148-v1-595459-2,svl_label,1,"Troglodytidae_Troglodytes_troglodytes, 10",,
jeantet-dufourq-2023,annomate,zenodo.7828148-v1-595573-1,svl_label,1,"Troglodytidae_Troglodytes_troglodytes, 10",,
jeantet-dufourq-2023,annomate,zenodo.7828148-v1-595573-2,svl_label,1,"Troglodytidae_Troglodytes_troglodytes, 10",,
jeantet-dufourq-2023,annomate,zenodo.7828148-v1-595573-3,svl_label,1,"Troglodytidae_Troglodytes_troglodytes, 10",,
jeantet-dufourq-2023,annomate,zenodo.7828148-v1-595573-4,svl_label,1,"Troglodytidae_Troglodytes_troglodytes, 10",,
jeantet-dufourq-2023,annomate,zenodo.7828148-v1-595573-5,svl_label,1,"Troglodytidae_Troglodytes_troglodytes, 10",,
jeantet-dufourq-2023,annomate,zenodo.7828148-v1-595579-1,svl_label,1,"Troglodytidae_Troglodytes_troglodytes, 10",,
jeantet-dufourq-2023,annomate,zenodo.7828148-v1-595580-1,svl_label,1,"Troglodytidae_Troglodytes_troglodytes, 10",,
jeantet-dufourq-2023,annomate,zenodo.7828148-v1-595580-2,svl_label,1,"Troglodytidae_Troglodytes_troglodytes, 10",,
jeantet-dufourq-2023,annomate,zenodo.7828148-v1-595580-3,svl_label,1,"Troglodytidae_Troglodytes_troglodytes, 10",,
jeantet-dufourq-2023,annomate,zenodo.7828148-v1-595580-4,svl_label,1,"Troglodytidae_Troglodytes_troglodytes, 10",,
jeantet-dufourq-2023,annomate,zenodo.7828148-v1-595580-5,svl_label,1,"Troglodytidae_Troglodytes_troglodytes, 10",,
jeantet-dufourq-2023,annomate,zenodo.7828148-v1-595581-1,svl_label,1,"Troglodytidae_Troglodytes_troglodytes_Spain_2020-10-12_XC595581_song, 10",,
jeantet-dufourq-2023,annomate,zenodo.7828148-v1-595583-1,svl_label,1,"Troglodytidae_Troglodytes_troglodytes, 10",,
jeantet-dufourq-2023,annomate,zenodo.7828148-v1-595584-1,svl_label,1,"Troglodytidae_Troglodytes_troglodytes, 10",,
jeantet-dufourq-2023,annomate,zenodo.7828148-v1-595588-1,svl_label,1,"Troglodytidae_Troglodytes_troglodytes, 10",,
jeantet-dufourq-2023,annomate,zenodo.7828148-v1-595588-2,svl_label,1,"Troglodytidae_Troglodytes_troglodytes, 10",,
jeantet-dufourq-2023,annomate,zenodo.7828148-v1-595589-1,svl_label,1,"Troglodytidae_Troglodytes_troglodytes, 10",,
jeantet-dufourq-2023,annomate,zenodo.7828148-v1-595589-2,svl_label,1,"Troglodytidae_Troglodytes_troglodytes, 10",,
jeantet-dufourq-2023,annomate,zenodo.7828148-v1-595589-3,svl_label,1,"Troglodytidae_Troglodytes_troglodytes, 10",,
jeantet-dufourq-2023,annomate,zenodo.7828148-v1-595589-4,svl_label,1,"Troglodytidae_Troglodytes_troglodytes, 10",,
jeantet-dufourq-2023,annomate,zenodo.7828148-v1-595589-5,svl_label,1,"Troglodytidae_Troglodytes_troglodytes, 10",,
jeantet-dufourq-2023,annomate,zenodo.7828148-v1-595589-6,svl_label,1,"Troglodytidae_Troglodytes_troglodytes, 10",,
jeantet-dufourq-2023,annomate,zenodo.7828148-v1-595589-7,svl_label,1,"Troglodytidae_Troglodytes_troglodytes, 10",,
jeantet-dufourq-2023,annomate,zenodo.7828148-v1-595591-1,svl_label,1,"Troglodytidae_Troglodytes_troglodytes, 10",,
jeantet-dufourq-2023,annomate,zenodo.7828148-v1-595591-2,svl_label,1,"Troglodytidae_Troglodytes_troglodytes,10",,
jeantet-dufourq-2023,annomate,zenodo.7828148-v1-595591-3,svl_label,1,"Troglodytidae_Troglodytes_troglodytes, 10",,
jeantet-dufourq-2023,annomate,zenodo.7828148-v1-595591-4,svl_label,1,"Troglodytidae_Troglodytes_troglodytes,10",,
jeantet-dufourq-2023,annomate,zenodo.7828148-v1-595591-5,svl_label,1,"Troglodytidae_Troglodytes_troglodytes,10",,
jeantet-dufourq-2023,annomate,zenodo.7828148-v1-595591-6,svl_label,1,"Troglodytidae_Troglodytes_troglodytes,10",,
jeantet-dufourq-2023,annomate,zenodo.7828148-v1-595593-1,svl_label,1,"Troglodytidae_Troglodytes_troglodytes, 10",,
jeantet-dufourq-2023,annomate,zenodo.7828148-v1-595593-2,svl_label,1,"Troglodytidae_Troglodytes_troglodytes, 10",,
jeantet-dufourq-2023,annomate,zenodo.7828148-v1-595594-1,svl_label,1,"Troglodytidae_Troglodytes_troglodytes, 10",,
jeantet-dufourq-2023,annomate,zenodo.7828148-v1-595594-2,svl_label,1,"Troglodytidae_Troglodytes_troglodytes, 10",,
jeantet-dufourq-2023,annomate,zenodo.7828148-v1-595594-3,svl_label,1,"Troglodytidae_Troglodytes_troglodytes, 10",,
jeantet-dufourq-2023,annomate,zenodo.7828148-v1-595594-4,svl_label,1,"Troglodytidae_Troglodytes_troglodytes, 10",,
jeantet-dufourq-2023,annomate,zenodo.7828148-v1-596345-1,svl_label,1,"Paridae_Saxicola_rubetra,9",,
jeantet-dufourq-2023,annomate,zenodo.7828148-v1-596345-2,svl_label,1,"Paridae_Saxicola_rubetra,9",,
jeantet-dufourq-2023,annomate,zenodo.7828148-v1-596345-3,svl_label,1,"Paridae_Saxicola_rubetra,9",,
jeantet-dufourq-2023,annomate,zenodo.7828148-v1-596345-4,svl_label,1,"Paridae_Saxicola_rubetra,9",,
jeantet-dufourq-2023,annomate,zenodo.7828148-v1-596423-1,svl_label,1,"Paridae_Saxicola_rubetra,9",,
jeantet-dufourq-2023,annomate,zenodo.7828148-v1-596423-2,svl_label,1,"Paridae_Saxicola_rubetra,9",,
jeantet-dufourq-2023,annomate,zenodo.7828148-v1-596423-3,svl_label,1,"Paridae_Saxicola_rubetra,9",,
jeantet-dufourq-2023,annomate,zenodo.7828148-v1-596423-4,svl_label,1,"Paridae_Saxicola_rubetra,9",,
jeantet-dufourq-2023,annomate,zenodo.7828148-v1-596423-5,svl_label,1,"Paridae_Saxicola_rubetra,9",,
jeantet-dufourq-2023,annomate,zenodo.7828148-v1-596423-6,svl_label,1,"Paridae_Saxicola_rubetra,9",,
jeantet-dufourq-2023,annomate,zenodo.7828148-v1-596423-7,svl_label,1,"Paridae_Saxicola_rubetra,9",,
jeantet-dufourq-2023,annomate,zenodo.7828148-v1-596423-8,svl_label,1,"Paridae_Saxicola_rubetra,9",,
jeantet-dufourq-2023,annomate,zenodo.7828148-v1-596423-9,svl_label,1,"Paridae_Saxicola_rubetra,9",,
jeantet-dufourq-2023,annomate,zenodo.7828148-v1-596549-1,svl_label,1,"Paridae_Saxicola_rubetra,9",,
jeantet-dufourq-2023,annomate,zenodo.7828148-v1-596549-2,svl_label,1,"Paridae_Saxicola_rubetra,9",,
jeantet-dufourq-2023,annomate,zenodo.7828148-v1-596549-3,svl_label,1,"Paridae_Saxicola_rubetra,8",,
jeantet-dufourq-2023,annomate,zenodo.7828148-v1-596549-4,svl_label,1,"Paridae_Saxicola_rubetra,9",,
jeantet-dufourq-2023,annomate,zenodo.7828148-v1-597656-1,svl_label,1,"Turdidae_Catharus_ustulatus,9",,
jeantet-dufourq-2023,annomate,zenodo.7828148-v1-597656-2,svl_label,1,"Turdidae_Catharus_ustulatus,9",,
jeantet-dufourq-2023,annomate,zenodo.7828148-v1-597656-3,svl_label,1,"Turdidae_Catharus_ustulatus,9",,
jeantet-dufourq-2023,annomate,zenodo.7828148-v1-597656-4,svl_label,1,"Turdidae_Catharus_ustulatus,9",,
jeantet-dufourq-2023,annomate,zenodo.7828148-v1-597656-5,svl_label,1,"Turdidae_Catharus_ustulatus,9",,
jeantet-dufourq-2023,annomate,zenodo.7828148-v1-597656-6,svl_label,1,"Turdidae_Catharus_ustulatus,9",,
jeantet-dufourq-2023,annomate,zenodo.7828148-v1-597658-1,svl_label,1,"Turdidae_Catharus_ustulatus,9",,
jeantet-dufourq-2023,annomate,zenodo.7828148-v1-597658-2,svl_label,1,"Turdidae_Catharus_ustulatus,9",,
jeantet-dufourq-2023,annomate,zenodo.7828148-v1-597658-3,svl_label,1,"Turdidae_Catharus_ustulatus,9",,
jeantet-dufourq-2023,annomate,zenodo.7828148-v1-597658-4,svl_label,1,"Turdidae_Catharus_ustulatus,9",,
jeantet-dufourq-2023,annomate,zenodo.7828148-v1-597658-5,svl_label,1,"Turdidae_Catharus_ustulatus,9",,
jeantet-dufourq-2023,annomate,zenodo.7828148-v1-597658-6,svl_label,1,"Turdidae_Catharus_ustulatus,9",,
jeantet-dufourq-2023,annomate,zenodo.7828148-v1-597947-1,svl_label,1,"Troglodytidae_Troglodytes_pacificus,9",,
jeantet-dufourq-2023,annomate,zenodo.7828148-v1-597947-2,svl_label,1,"Troglodytidae_Troglodytes_pacificus,9",,
jeantet-dufourq-2023,annomate,zenodo.7828148-v1-597947-3,svl_label,1,"Troglodytidae_Troglodytes_pacificus,9",,
jeantet-dufourq-2023,annomate,zenodo.7828148-v1-597947-4,svl_label,1,"Troglodytidae_Troglodytes_pacificus,9",,
jeantet-dufourq-2023,annomate,zenodo.7828148-v1-597947-5,svl_label,1,"Troglodytidae_Troglodytes_pacificus,9",,
jeantet-dufourq-2023,annomate,zenodo.7828148-v1-597947-6,svl_label,1,"Troglodytidae_Troglodytes_pacificus,9",,
jeantet-dufourq-2023,annomate,zenodo.7828148-v1-597947-7,svl_label,1,"Troglodytidae_Troglodytes_pacificus,9",,
jeantet-dufourq-2023,annomate,zenodo.7828148-v1-597947-8,svl_label,1,"Troglodytidae_Troglodytes_pacificus,9",,
jeantet-dufourq-2023,annomate,zenodo.7828148-v1-600071-1,svl_label,1,"Turdidae_Catharus_fuscescens,9",,
jeantet-dufourq-2023,annomate,zenodo.7828148-v1-600071-2,svl_label,1,"Turdidae_Catharus_fuscescens,9",,
jeantet-dufourq-2023,annomate,zenodo.7828148-v1-600071-3,svl_label,1,"Turdidae_Catharus_fuscescens,9",,
jeantet-dufourq-2023,annomate,zenodo.7828148-v1-600071-4,svl_label,1,"Turdidae_Catharus_fuscescens,9",,
jeantet-dufourq-2023,annomate,zenodo.7828148-v1-600071-5,svl_label,1,"Turdidae_Catharus_fuscescens,9",,
jeantet-dufourq-2023,annomate,zenodo.7828148-v1-600071-6,svl_label,1,"Turdidae_Catharus_fuscescens,9",,
jeantet-dufourq-2023,annomate,zenodo.7828148-v1-600071-7,svl_label,1,"Turdidae_Catharus_fuscescens,9",,
jeantet-dufourq-2023,annomate,zenodo.7828148-v1-600071-8,svl_label,1,"Turdidae_Catharus_fuscescens,9",,
jeantet-dufourq-2023,annomate,zenodo.7828148-v1-600071-9,svl_label,1,"Turdidae_Catharus_fuscescens,9",,
jeantet-dufourq-2023,annomate,zenodo.7828148-v1-600092-1,svl_label,1,"Paridae_Hypocnemis_cantator,8",,
jeantet-dufourq-2023,annomate,zenodo.7828148-v1-600092-2,svl_label,1,"Paridae_Hypocnemis_cantator,8",,
jeantet-dufourq-2023,annomate,zenodo.7828148-v1-600092-3,svl_label,1,"Paridae_Hypocnemis_cantator,8",,
jeantet-dufourq-2023,annomate,zenodo.7828148-v1-600092-4,svl_label,1,"Paridae_Hypocnemis_cantator,8",,
jeantet-dufourq-2023,annomate,zenodo.7828148-v1-602569-1,svl_label,1,"Turdidae_Catharus_fuscescens,9",,
jeantet-dufourq-2023,annomate,zenodo.7828148-v1-602569-2,svl_label,1,"Turdidae_Catharus_fuscescens,9",,
jeantet-dufourq-2023,annomate,zenodo.7828148-v1-602569-3,svl_label,1,"Turdidae_Catharus_fuscescens,9",,
jeantet-dufourq-2023,annomate,zenodo.7828148-v1-602569-4,svl_label,1,"Turdidae_Catharus_fuscescens,9",,
jeantet-dufourq-2023,annomate,zenodo.7828148-v1-602569-5,svl_label,1,"Turdidae_Catharus_fuscescens,9",,
jeantet-dufourq-2023,annomate,zenodo.7828148-v1-602569-6,svl_label,1,"Turdidae_Catharus_fuscescens,9",,
jeantet-dufourq-2023,annomate,zenodo.7828148-v1-602569-7,svl_label,1,"Turdidae_Catharus_fuscescens,9",,
jeantet-dufourq-2023,annomate,zenodo.7828148-v1-602569-8,svl_label,1,"Turdidae_Catharus_fuscescens,9",,
jeantet-dufourq-2023,annomate,zenodo.7828148-v1-602569-9,svl_label,1,"Turdidae_Catharus_fuscescens,9",,
jeantet-dufourq-2023,annomate,zenodo.7828148-v1-602569-10,svl_label,1,"Turdidae_Catharus_fuscescens,9",,
jeantet-dufourq-2023,annomate,zenodo.7828148-v1-602571-1,svl_label,1,"Turdidae_Catharus_fuscescens,9",,
jeantet-dufourq-2023,annomate,zenodo.7828148-v1-602571-2,svl_label,1,"Turdidae_Catharus_fuscescens,9",,
jeantet-dufourq-2023,annomate,zenodo.7828148-v1-602571-3,svl_label,1,"Turdidae_Catharus_fuscescens,9",,
jeantet-dufourq-2023,annomate,zenodo.7828148-v1-602571-4,svl_label,1,"Turdidae_Catharus_fuscescens,9",,
jeantet-dufourq-2023,annomate,zenodo.7828148-v1-602571-5,svl_label,1,"Turdidae_Catharus_fuscescens,9",,
jeantet-dufourq-2023,annomate,zenodo.7828148-v1-602571-6,svl_label,1,"Turdidae_Catharus_fuscescens,9",,
jeantet-dufourq-2023,annomate,zenodo.7828148-v1-602571-7,svl_label,1,"Turdidae_Catharus_fuscescens,9",,
jeantet-dufourq-2023,annomate,zenodo.7828148-v1-602571-8,svl_label,1,"Turdidae_Catharus_fuscescens,9",,
jeantet-dufourq-2023,annomate,zenodo.7828148-v1-602571-9,svl_label,1,"Turdidae_Catharus_fuscescens,9",,
jeantet-dufourq-2023,annomate,zenodo.7828148-v1-602571-10,svl_label,1,"Turdidae_Catharus_fuscescens,9",,
jeantet-dufourq-2023,annomate,zenodo.7828148-v1-602571-11,svl_label,1,"Turdidae_Catharus_fuscescens,9",,
jeantet-dufourq-2023,annomate,zenodo.7828148-v1-602571-12,svl_label,1,"Turdidae_Catharus_fuscescens,9",,
jeantet-dufourq-2023,annomate,zenodo.7828148-v1-602571-13,svl_label,1,"Turdidae_Catharus_fuscescens,9",,
jeantet-dufourq-2023,annomate,zenodo.7828148-v1-602571-14,svl_label,1,"Turdidae_Catharus_fuscescens,9",,
jeantet-dufourq-2023,annomate,zenodo.7828148-v1-602571-15,svl_label,1,"Turdidae_Catharus_fuscescens,9",,
jeantet-dufourq-2023,annomate,zenodo.7828148-v1-602571-16,svl_label,1,"Turdidae_Catharus_fuscescens,9",,
jeantet-dufourq-2023,annomate,zenodo.7828148-v1-602571-17,svl_label,1,"Turdidae_Catharus_fuscescens,9",,
jeantet-dufourq-2023,annomate,zenodo.7828148-v1-602571-18,svl_label,1,"Turdidae_Catharus_fuscescens,9",,
jeantet-dufourq-2023,annomate,zenodo.7828148-v1-602670-1,svl_label,1,"Troglodytidae_Troglodytes_hiemalis,9",,
jeantet-dufourq-2023,annomate,zenodo.7828148-v1-602670-2,svl_label,1,"Troglodytidae_Troglodytes_hiemalis,9",,
jeantet-dufourq-2023,annomate,zenodo.7828148-v1-602670-3,svl_label,1,"Troglodytidae_Troglodytes_hiemalis,9",,
jeantet-dufourq-2023,annomate,zenodo.7828148-v1-602670-4,svl_label,1,"Troglodytidae_Troglodytes_hiemalis,9",,
jeantet-dufourq-2023,annomate,zenodo.7828148-v1-602670-5,svl_label,1,"Troglodytidae_Troglodytes_hiemalis,9",,
jeantet-dufourq-2023,annomate,zenodo.7828148-v1-602672-1,svl_label,1,"Troglodytidae_Troglodytes_hiemalis,9",,
jeantet-dufourq-2023,annomate,zenodo.7828148-v1-602672-2,svl_label,1,"Troglodytidae_Troglodytes_hiemalis,9",,
jeantet-dufourq-2023,annomate,zenodo.7828148-v1-602672-3,svl_label,1,"Troglodytidae_Troglodytes_hiemalis,9",,
jeantet-dufourq-2023,annomate,zenodo.7828148-v1-602672-4,svl_label,1,"Troglodytidae_Troglodytes_hiemalis,9",,
jeantet-dufourq-2023,annomate,zenodo.7828148-v1-602673-1,svl_label,1,"Troglodytidae_Troglodytes_hiemalis,9",,
jeantet-dufourq-2023,annomate,zenodo.7828148-v1-602673-2,svl_label,1,"Troglodytidae_Troglodytes_hiemalis,9",,
jeantet-dufourq-2023,annomate,zenodo.7828148-v1-602673-3,svl_label,1,"Troglodytidae_Troglodytes_hiemalis,9",,
jeantet-dufourq-2023,annomate,zenodo.7828148-v1-602673-4,svl_label,1,"Troglodytidae_Troglodytes_hiemalis,9",,
jeantet-dufourq-2023,annomate,zenodo.7828148-v1-605479-1,svl_label,1,"Troglodytidae_Troglodytes_troglodytes, 10",,
jeantet-dufourq-2023,annomate,zenodo.7828148-v1-606000-1,svl_label,1,"Troglodytidae_Troglodytes_troglodytes,8",,
jeantet-dufourq-2023,annomate,zenodo.7828148-v1-606000-2,svl_label,1,"Troglodytidae_Troglodytes_troglodytes,8",,
jeantet-dufourq-2023,annomate,zenodo.7828148-v1-606000-3,svl_label,1,"Troglodytidae_Troglodytes_troglodytes,8",,
jeantet-dufourq-2023,annomate,zenodo.7828148-v1-606000-4,svl_label,1,"Troglodytidae_Troglodytes_troglodytes,8",,
jeantet-dufourq-2023,annomate,zenodo.7828148-v1-606000-5,svl_label,1,"Troglodytidae_Troglodytes_troglodytes,8",,
jeantet-dufourq-2023,annomate,zenodo.7828148-v1-606118-1,svl_label,1,"Troglodytidae_Troglodytes_troglodytes, 10",,
jeantet-dufourq-2023,annomate,zenodo.7828148-v1-611032-1,svl_label,1,"Fringillidae_Serinus_serinus,7",,
jeantet-dufourq-2023,annomate,zenodo.7828148-v1-611032-2,svl_label,1,"Fringillidae_Serinus_serinus,9",,
jeantet-dufourq-2023,annomate,zenodo.7828148-v1-611032-3,svl_label,1,"Fringillidae_Serinus_serinus,9",,
jeantet-dufourq-2023,annomate,zenodo.7828148-v1-611032-4,svl_label,1,"Fringillidae_Serinus_serinus,9",,
jeantet-dufourq-2023,annomate,zenodo.7828148-v1-611032-5,svl_label,1,"Fringillidae_Serinus_serinus,9",,
jeantet-dufourq-2023,annomate,zenodo.7828148-v1-611032-6,svl_label,1,"Fringillidae_Serinus_serinus,9",,
jeantet-dufourq-2023,annomate,zenodo.7828148-v1-611032-7,svl_label,1,"Fringillidae_Serinus_serinus,9",,
jeantet-dufourq-2023,annomate,zenodo.7828148-v1-611032-8,svl_label,1,"Fringillidae_Serinus_serinus,9",,
jeantet-dufourq-2023,annomate,zenodo.7828148-v1-611032-9,svl_label,1,"Fringillidae_Serinus_serinus,9",,
jeantet-dufourq-2023,annomate,zenodo.7828148-v1-611032-10,svl_label,1,"Fringillidae_Serinus_serinus,9",,
jeantet-dufourq-2023,annomate,zenodo.7828148-v1-611032-11,svl_label,1,"Fringillidae_Serinus_serinus,9",,
jeantet-dufourq-2023,annomate,zenodo.7828148-v1-611032-12,svl_label,1,"Fringillidae_Serinus_serinus,9",,
jeantet-dufourq-2023,annomate,zenodo.7828148-v1-611032-13,svl_label,1,"Fringillidae_Serinus_serinus,9",,
jeantet-dufourq-2023,annomate,zenodo.7828148-v1-611032-14,svl_label,1,"Fringillidae_Serinus_serinus,9",,
jeantet-dufourq-2023,annomate,zenodo.7828148-v1-611032-15,svl_label,1,"Fringillidae_Serinus_serinus,9",,
jeantet-dufourq-2023,annomate,zenodo.7828148-v1-611032-16,svl_label,1,"Fringillidae_Serinus_serinus,9",,
jeantet-dufourq-2023,annomate,zenodo.7828148-v1-611032-17,svl_label,1,"Fringillidae_Serinus_serinus,9",,
jeantet-dufourq-2023,annomate,zenodo.7828148-v1-611032-18,svl_label,1,"Fringillidae_Serinus_serinus,9",,
jeantet-dufourq-2023,annomate,zenodo.7828148-v1-611032-19,svl_label,1,"Fringillidae_Serinus_serinus,9",,
jeantet-dufourq-2023,annomate,zenodo.7828148-v1-611032-20,svl_label,1,"Fringillidae_Serinus_serinus,9",,
jeantet-dufourq-2023,annomate,zenodo.7828148-v1-611032-21,svl_label,1,"Fringillidae_Serinus_serinus,9",,
jeantet-dufourq-2023,annomate,zenodo.7828148-v1-611032-22,svl_label,1,"Fringillidae_Serinus_serinus,9",,
jeantet-dufourq-2023,annomate,zenodo.7828148-v1-611032-23,svl_label,1,"Fringillidae_Serinus_serinus,9",,
jeantet-dufourq-2023,annomate,zenodo.7828148-v1-611253-1,svl_label,1,"Troglodytidae_Troglodytes_aedon,9",,
jeantet-dufourq-2023,annomate,zenodo.7828148-v1-611253-2,svl_label,1,"Troglodytidae_Troglodytes_aedon,9",,
jeantet-dufourq-2023,annomate,zenodo.7828148-v1-611253-3,svl_label,1,"Troglodytidae_Troglodytes_aedon,9",,
jeantet-dufourq-2023,annomate,zenodo.7828148-v1-612602-1,svl_label,1,"Troglodytidae_Troglodytes_troglodytes,9",,
jeantet-dufourq-2023,annomate,zenodo.7828148-v1-612602-2,svl_label,1,"Troglodytidae_Troglodytes_troglodytes,9",,
jeantet-dufourq-2023,annomate,zenodo.7828148-v1-612602-3,svl_label,1,"Troglodytidae_Troglodytes_troglodytes,9",,
jeantet-dufourq-2023,annomate,zenodo.7828148-v1-612602-4,svl_label,1,"Troglodytidae_Troglodytes_troglodytes,9",,
jeantet-dufourq-2023,annomate,zenodo.7828148-v1-613416-1,svl_label,1,"roglodytidae_Troglodytes_troglodytes, 10",,
jeantet-dufourq-2023,annomate,zenodo.7828148-v1-613416-2,svl_label,1,"roglodytidae_Troglodytes_troglodytes, 10",,
jeantet-dufourq-2023,annomate,zenodo.7828148-v1-613426-1,svl_label,1,"Troglodytidae_Troglodytes_pacificus,9",,
jeantet-dufourq-2023,annomate,zenodo.7828148-v1-613426-2,svl_label,1,"Troglodytidae_Troglodytes_pacificus,9",,
jeantet-dufourq-2023,annomate,zenodo.7828148-v1-613426-3,svl_label,1,"Troglodytidae_Troglodytes_pacificus,9",,
jeantet-dufourq-2023,annomate,zenodo.7828148-v1-613426-4,svl_label,1,"Troglodytidae_Troglodytes_pacificus,9",,
jeantet-dufourq-2023,annomate,zenodo.7828148-v1-613426-5,svl_label,1,"Troglodytidae_Troglodytes_pacificus,9",,
jeantet-dufourq-2023,annomate,zenodo.7828148-v1-613426-6,svl_label,1,"Troglodytidae_Troglodytes_pacificus,9",,
jeantet-dufourq-2023,annomate,zenodo.7828148-v1-613426-7,svl_label,1,"Troglodytidae_Troglodytes_pacificus,9",,
jeantet-dufourq-2023,annomate,zenodo.7828148-v1-613426-8,svl_label,1,"Troglodytidae_Troglodytes_pacificus,9",,
jeantet-dufourq-2023,annomate,zenodo.7828148-v1-613426-9,svl_label,1,"Troglodytidae_Troglodytes_pacificus,9",,
jeantet-dufourq-2023,annomate,zenodo.7828148-v1-613426-10,svl_label,1,"Troglodytidae_Troglodytes_pacificus,9",,
jeantet-dufourq-2023,annomate,zenodo.7828148-v1-613426-11,svl_label,1,"Troglodytidae_Troglodytes_pacificus,9",,
jeantet-dufourq-2023,annomate,zenodo.7828148-v1-619955-1,svl_label,1,"Troglodytidae_Troglodytes_troglodytes,9",,
jeantet-dufourq-2023,annomate,zenodo.7828148-v1-619955-2,svl_label,1,"Troglodytidae_Troglodytes_troglodytes,9",,
jeantet-dufourq-2023,annomate,zenodo.7828148-v1-619955-3,svl_label,1,"Troglodytidae_Troglodytes_troglodytes,9",,
jeantet-dufourq-2023,annomate,zenodo.7828148-v1-619955-4,svl_label,1,"Troglodytidae_Troglodytes_troglodytes,9",,
jeantet-dufourq-2023,annomate,zenodo.7828148-v1-619955-5,svl_label,1,"Troglodytidae_Troglodytes_troglodytes,9",,
jeantet-dufourq-2023,annomate,zenodo.7828148-v1-619955-6,svl_label,1,"Troglodytidae_Troglodytes_troglodytes,9",,
jeantet-dufourq-2023,annomate,zenodo.7828148-v1-619955-7,svl_label,1,"Troglodytidae_Troglodytes_troglodytes,9",,
jeantet-dufourq-2023,annomate,zenodo.7828148-v1-619955-8,svl_label,1,"Troglodytidae_Troglodytes_troglodytes,9",,
jeantet-dufourq-2023,annomate,zenodo.7828148-v1-621087-1,svl_label,1,"Troglodytidae_Troglodytes_troglodytes, 10",,
jeantet-dufourq-2023,annomate,zenodo.7828148-v1-621087-2,svl_label,1,"Troglodytidae_Troglodytes_troglodytes, 10",,
jeantet-dufourq-2023,annomate,zenodo.7828148-v1-621087-3,svl_label,1,"Troglodytidae_Troglodytes_troglodytes, 10",,
jeantet-dufourq-2023,annomate,zenodo.7828148-v1-621087-4,svl_label,1,"Troglodytidae_Troglodytes_troglodytes, 10",,
jeantet-dufourq-2023,annomate,zenodo.7828148-v1-621087-5,svl_label,1,"Troglodytidae_Troglodytes_troglodytes, 10",,
jeantet-dufourq-2023,annomate,zenodo.7828148-v1-621087-6,svl_label,1,"Troglodytidae_Troglodytes_troglodytes, 10",,
jeantet-dufourq-2023,annomate,zenodo.7828148-v1-621087-7,svl_label,1,"Troglodytidae_Troglodytes_troglodytes, 10",,
jeantet-dufourq-2023,annomate,zenodo.7828148-v1-621087-8,svl_label,1,"Troglodytidae_Troglodytes_troglodytes, 10",,
jeantet-dufourq-2023,annomate,zenodo.7828148-v1-621087-9,svl_label,1,"Troglodytidae_Troglodytes_troglodytes, 10",,
jeantet-dufourq-2023,annomate,zenodo.7828148-v1-621087-10,svl_label,1,"Troglodytidae_Troglodytes_troglodytes, 10",,
jeantet-dufourq-2023,annomate,zenodo.7828148-v1-621087-11,svl_label,1,"Troglodytidae_Troglodytes_troglodytes, 10",,
jeantet-dufourq-2023,annomate,zenodo.7828148-v1-621386-1,svl_label,1,"Troglodytidae_Troglodytes_troglodytes,8",,
jeantet-dufourq-2023,annomate,zenodo.7828148-v1-621417-1,svl_label,1,"Troglodytidae_Troglodytes_troglodytes,9",,
jeantet-dufourq-2023,annomate,zenodo.7828148-v1-621502-1,svl_label,1,"Troglodytidae_Troglodytes_troglodytes, 10",,
jeantet-dufourq-2023,annomate,zenodo.7828148-v1-621502-2,svl_label,1,"Troglodytidae_Troglodytes_troglodytes, 10",,
jeantet-dufourq-2023,annomate,zenodo.7828148-v1-621502-3,svl_label,1,"Troglodytidae_Troglodytes_troglodytes, 10",,
jeantet-dufourq-2023,annomate,zenodo.7828148-v1-621502-4,svl_label,1,"Troglodytidae_Troglodytes_troglodytes, 10",,
jeantet-dufourq-2023,annomate,zenodo.7828148-v1-621502-5,svl_label,1,"Troglodytidae_Troglodytes_troglodytes, 10",,
jeantet-dufourq-2023,annomate,zenodo.7828148-v1-621502-6,svl_label,1,"Troglodytidae_Troglodytes_troglodytes, 10",,
jeantet-dufourq-2023,annomate,zenodo.7828148-v1-621502-7,svl_label,1,"Troglodytidae_Troglodytes_troglodytes, 10",,
jeantet-dufourq-2023,annomate,zenodo.7828148-v1-621603-1,svl_label,1,"Troglodytidae_Troglodytes_troglodytes, 10",,
jeantet-dufourq-2023,annomate,zenodo.7828148-v1-621603-2,svl_label,1,"Troglodytidae_Troglodytes_troglodytes, 10",,
jeantet-dufourq-2023,annomate,zenodo.7828148-v1-621603-3,svl_label,1,"Troglodytidae_Troglodytes_troglodytes, 10",,
jeantet-dufourq-2023,annomate,zenodo.7828148-v1-622971-1,svl_label,1,"Troglodytidae_Troglodytes_troglodytes, 10",,
jeantet-dufourq-2023,annomate,zenodo.7828148-v1-622971-2,svl_label,1,"Troglodytidae_Troglodytes_troglodytes, 10",,
jeantet-dufourq-2023,annomate,zenodo.7828148-v1-622971-3,svl_label,1,"Troglodytidae_Troglodytes_troglodytes, 10",,
jeantet-dufourq-2023,annomate,zenodo.7828148-v1-622971-4,svl_label,1,"Troglodytidae_Troglodytes_troglodytes, 10",,
jeantet-dufourq-2023,annomate,zenodo.7828148-v1-622971-5,svl_label,1,"Troglodytidae_Troglodytes_troglodytes, 10",,
jeantet-dufourq-2023,annomate,zenodo.7828148-v1-623094-1,svl_label,1,"Troglodytidae_Troglodytes_troglodytes, 10",,
jeantet-dufourq-2023,annomate,zenodo.7828148-v1-623094-2,svl_label,1,"Troglodytidae_Troglodytes_troglodytes, 10",,
jeantet-dufourq-2023,annomate,zenodo.7828148-v1-623094-3,svl_label,1,"Troglodytidae_Troglodytes_troglodytes, 10",,
jeantet-dufourq-2023,annomate,zenodo.7828148-v1-623094-4,svl_label,1,"Troglodytidae_Troglodytes_troglodytes, 10",,
jeantet-dufourq-2023,annomate,zenodo.7828148-v1-623094-5,svl_label,1,"Troglodytidae_Troglodytes_troglodytes, 10",,
jeantet-dufourq-2023,annomate,zenodo.7828148-v1-623094-6,svl_label,1,"Troglodytidae_Troglodytes_troglodytes, 10",,
jeantet-dufourq-2023,annomate,zenodo.7828148-v1-623094-7,svl_label,1,"Troglodytidae_Troglodytes_troglodytes, 10",,
jeantet-dufourq-2023,annomate,zenodo.7828148-v1-623094-8,svl_label,1,"Troglodytidae_Troglodytes_troglodytes, 10",,
jeantet-dufourq-2023,annomate,zenodo.7828148-v1-623094-9,svl_label,1,"Troglodytidae_Troglodytes_troglodytes, 10",,
jeantet-dufourq-2023,annomate,zenodo.7828148-v1-623094-10,svl_label,1,"Troglodytidae_Troglodytes_troglodytes, 10",,
jeantet-dufourq-2023,annomate,zenodo.7828148-v1-623094-11,svl_label,1,"Troglodytidae_Troglodytes_troglodytes, 10",,
jeantet-dufourq-2023,annomate,zenodo.7828148-v1-623094-12,svl_label,1,"Troglodytidae_Troglodytes_troglodytes, 10",,
jeantet-dufourq-2023,annomate,zenodo.7828148-v1-623094-13,svl_label,1,"Troglodytidae_Troglodytes_troglodytes, 10",,
jeantet-dufourq-2023,annomate,zenodo.7828148-v1-623094-14,svl_label,1,"Troglodytidae_Troglodytes_troglodytes, 10",,
jeantet-dufourq-2023,annomate,zenodo.7828148-v1-623094-15,svl_label,1,"Troglodytidae_Troglodytes_troglodytes, 10",,
jeantet-dufourq-2023,annomate,zenodo.7828148-v1-623094-16,svl_label,1,"Troglodytidae_Troglodytes_troglodytes, 10",,
jeantet-dufourq-2023,annomate,zenodo.7828148-v1-623094-17,svl_label,1,"Troglodytidae_Troglodytes_troglodytes, 10",,
jeantet-dufourq-2023,annomate,zenodo.7828148-v1-623094-18,svl_label,1,"Troglodytidae_Troglodytes_troglodytes, 10",,
jeantet-dufourq-2023,annomate,zenodo.7828148-v1-623094-19,svl_label,1,"Troglodytidae_Troglodytes_troglodytes, 10",,
jeantet-dufourq-2023,annomate,zenodo.7828148-v1-623094-20,svl_label,1,"Troglodytidae_Troglodytes_troglodytes, 10",,
jeantet-dufourq-2023,annomate,zenodo.7828148-v1-623094-21,svl_label,1,"Troglodytidae_Troglodytes_troglodytes, 10",,
jeantet-dufourq-2023,annomate,zenodo.7828148-v1-623094-22,svl_label,1,"Troglodytidae_Troglodytes_troglodytes, 10",,
jeantet-dufourq-2023,annomate,zenodo.7828148-v1-623094-23,svl_label,1,"Troglodytidae_Troglodytes_troglodytes, 10",,
jeantet-dufourq-2023,annomate,zenodo.7828148-v1-623094-24,svl_label,1,"Troglodytidae_Troglodytes_troglodytes, 10",,
jeantet-dufourq-2023,annomate,zenodo.7828148-v1-623094-25,svl_label,1,"Troglodytidae_Troglodytes_troglodytes, 10",,
jeantet-dufourq-2023,annomate,zenodo.7828148-v1-623094-26,svl_label,1,"Troglodytidae_Troglodytes_troglodytes, 10",,
jeantet-dufourq-2023,annomate,zenodo.7828148-v1-623094-27,svl_label,1,"Troglodytidae_Troglodytes_troglodytes, 10",,
jeantet-dufourq-2023,annomate,zenodo.7828148-v1-623094-28,svl_label,1,"Troglodytidae_Troglodytes_troglodytes, 10",,
jeantet-dufourq-2023,annomate,zenodo.7828148-v1-623094-29,svl_label,1,"Troglodytidae_Troglodytes_troglodytes, 10",,
jeantet-dufourq-2023,annomate,zenodo.7828148-v1-623496-1,svl_label,1,"Troglodytidae_Troglodytes_troglodytes, 10",,
jeantet-dufourq-2023,annomate,zenodo.7828148-v1-623496-2,svl_label,1,"Troglodytidae_Troglodytes_troglodytes, 10",,
jeantet-dufourq-2023,annomate,zenodo.7828148-v1-623496-3,svl_label,1,"Troglodytidae_Troglodytes_troglodytes, 10",,
jeantet-dufourq-2023,annomate,zenodo.7828148-v1-623496-4,svl_label,1,"Troglodytidae_Troglodytes_troglodytes, 10",,
jeantet-dufourq-2023,annomate,zenodo.7828148-v1-623496-5,svl_label,1,"Troglodytidae_Troglodytes_troglodytes, 10",,
jeantet-dufourq-2023,annomate,zenodo.7828148-v1-623496-6,svl_label,1,"Troglodytidae_Troglodytes_troglodytes, 10",,
jeantet-dufourq-2023,annomate,zenodo.7828148-v1-623496-7,svl_label,1,"Troglodytidae_Troglodytes_troglodytes, 10",,
jeantet-dufourq-2023,annomate,zenodo.7828148-v1-623496-8,svl_label,1,"Troglodytidae_Troglodytes_troglodytes, 10",,
jeantet-dufourq-2023,annomate,zenodo.7828148-v1-623496-9,svl_label,1,"Troglodytidae_Troglodytes_troglodytes, 10",,
jeantet-dufourq-2023,annomate,zenodo.7828148-v1-623496-10,svl_label,1,"Troglodytidae_Troglodytes_troglodytes, 10",,
jeantet-dufourq-2023,annomate,zenodo.7828148-v1-623496-11,svl_label,1,"Troglodytidae_Troglodytes_troglodytes, 10",,
jeantet-dufourq-2023,annomate,zenodo.7828148-v1-623518-1,svl_label,1,"Troglodytidae_Troglodytes_troglodytes, 10",,
jeantet-dufourq-2023,annomate,zenodo.7828148-v1-623518-2,svl_label,1,"Troglodytidae_Troglodytes_troglodytes, 10",,
jeantet-dufourq-2023,annomate,zenodo.7828148-v1-623518-3,svl_label,1,"Troglodytidae_Troglodytes_troglodytes, 10",,
jeantet-dufourq-2023,annomate,zenodo.7828148-v1-623518-4,svl_label,1,"Troglodytidae_Troglodytes_troglodytes, 10",,
jeantet-dufourq-2023,annomate,zenodo.7828148-v1-623518-5,svl_label,1,"Troglodytidae_Troglodytes_troglodytes, 10",,
jeantet-dufourq-2023,annomate,zenodo.7828148-v1-623518-6,svl_label,1,"Troglodytidae_Troglodytes_troglodytes, 10",,
jeantet-dufourq-2023,annomate,zenodo.7828148-v1-623518-7,svl_label,1,"Troglodytidae_Troglodytes_troglodytes, 10",,
jeantet-dufourq-2023,annomate,zenodo.7828148-v1-623518-8,svl_label,1,"Troglodytidae_Troglodytes_troglodytes, 10",,
jeantet-dufourq-2023,annomate,zenodo.7828148-v1-623518-9,svl_label,1,"Troglodytidae_Troglodytes_troglodytes, 10",,
jeantet-dufourq-2023,annomate,zenodo.7828148-v1-624243-1,svl_label,1,"Troglodytidae_Troglodytes_troglodytes, 10",,
jeantet-dufourq-2023,annomate,zenodo.7828148-v1-624243-2,svl_label,1,"Troglodytidae_Troglodytes_troglodytes, 10",,
jeantet-dufourq-2023,annomate,zenodo.7828148-v1-624243-3,svl_label,1,"Troglodytidae_Troglodytes_troglodytes, 10",,
jeantet-dufourq-2023,annomate,zenodo.7828148-v1-624358-1,svl_label,1,"Troglodytidae_Troglodytes_troglodytes,9",,
jeantet-dufourq-2023,annomate,zenodo.7828148-v1-624768-1,svl_label,1,"Troglodytidae_Troglodytes_troglodytes,9",,
jeantet-dufourq-2023,annomate,zenodo.7828148-v1-624768-2,svl_label,1,"Troglodytidae_Troglodytes_troglodytes,9",,
jeantet-dufourq-2023,annomate,zenodo.7828148-v1-624768-3,svl_label,1,"Troglodytidae_Troglodytes_troglodytes,9",,
jeantet-dufourq-2023,annomate,zenodo.7828148-v1-626501-1,svl_label,1,"Troglodytidae_Troglodytes_troglodytes,8",,
jeantet-dufourq-2023,annomate,zenodo.7828148-v1-626501-2,svl_label,1,"Troglodytidae_Troglodytes_troglodytes,8",,
jeantet-dufourq-2023,annomate,zenodo.7828148-v1-626501-3,svl_label,1,"Troglodytidae_Troglodytes_troglodytes,8",,
jeantet-dufourq-2023,annomate,zenodo.7828148-v1-626501-4,svl_label,1,"Troglodytidae_Troglodytes_troglodytes,8",,
jeantet-dufourq-2023,annomate,zenodo.7828148-v1-626501-5,svl_label,1,"Troglodytidae_Troglodytes_troglodytes,8",,
jeantet-dufourq-2023,annomate,zenodo.7828148-v1-626501-6,svl_label,1,"Troglodytidae_Troglodytes_troglodytes,8",,
jeantet-dufourq-2023,annomate,zenodo.7828148-v1-626501-7,svl_label,1,"Troglodytidae_Troglodytes_troglodytes,8",,
jeantet-dufourq-2023,annomate,zenodo.7828148-v1-626501-8,svl_label,1,"Troglodytidae_Troglodytes_troglodytes,8",,
jeantet-dufourq-2023,annomate,zenodo.7828148-v1-626501-9,svl_label,1,"Troglodytidae_Troglodytes_troglodytes,8",,
jeantet-dufourq-2023,annomate,zenodo.7828148-v1-626501-10,svl_label,1,"Troglodytidae_Troglodytes_troglodytes,8",,
jeantet-dufourq-2023,annomate,zenodo.7828148-v1-626501-11,svl_label,1,"Troglodytidae_Troglodytes_troglodytes,8",,
jeantet-dufourq-2023,annomate,zenodo.7828148-v1-626501-12,svl_label,1,"Troglodytidae_Troglodytes_troglodytes,8",,
jeantet-dufourq-2023,annomate,zenodo.7828148-v1-626501-13,svl_label,1,"Troglodytidae_Troglodytes_troglodytes,8",,
jeantet-dufourq-2023,annomate,zenodo.7828148-v1-626967-1,svl_label,1,"Troglodytidae_Troglodytes_troglodytes,8",,
jeantet-dufourq-2023,annomate,zenodo.7828148-v1-626967-2,svl_label,1,"Troglodytidae_Troglodytes_troglodytes,8",,
jeantet-dufourq-2023,annomate,zenodo.7828148-v1-626967-3,svl_label,1,"Troglodytidae_Troglodytes_troglodytes,8",,
jeantet-dufourq-2023,annomate,zenodo.7828148-v1-626967-4,svl_label,1,"Troglodytidae_Troglodytes_troglodytes,8",,
jeantet-dufourq-2023,annomate,zenodo.7828148-v1-626967-5,svl_label,1,"Troglodytidae_Troglodytes_troglodytes,8",,
jeantet-dufourq-2023,annomate,zenodo.7828148-v1-626968-1,svl_label,1,"Troglodytidae_Troglodytes_troglodytes,8",,
jeantet-dufourq-2023,annomate,zenodo.7828148-v1-626968-2,svl_label,1,"Troglodytidae_Troglodytes_troglodytes,8",,
jeantet-dufourq-2023,annomate,zenodo.7828148-v1-626968-3,svl_label,1,"Troglodytidae_Troglodytes_troglodytes,8",,
jeantet-dufourq-2023,annomate,zenodo.7828148-v1-626985-1,svl_label,1,"Paridae_Saxicola_rubicola,9",,
jeantet-dufourq-2023,annomate,zenodo.7828148-v1-626987-1,svl_label,1,"Troglodytidae_Troglodytes_troglodytes,9",,
jeantet-dufourq-2023,annomate,zenodo.7828148-v1-626987-2,svl_label,1,"Troglodytidae_Troglodytes_troglodytes,9",,
jeantet-dufourq-2023,annomate,zenodo.7828148-v1-626987-3,svl_label,1,"Troglodytidae_Troglodytes_troglodytes,9",,
jeantet-dufourq-2023,annomate,zenodo.7828148-v1-626987-4,svl_label,1,"Troglodytidae_Troglodytes_troglodytes,9",,
jeantet-dufourq-2023,annomate,zenodo.7828148-v1-626987-5,svl_label,1,"Troglodytidae_Troglodytes_troglodytes,9",,
jeantet-dufourq-2023,annomate,zenodo.7828148-v1-626987-6,svl_label,1,"Troglodytidae_Troglodytes_troglodytes,9",,
jeantet-dufourq-2023,annomate,zenodo.7828148-v1-626987-7,svl_label,1,"Troglodytidae_Troglodytes_troglodytes,9",,
jeantet-dufourq-2023,annomate,zenodo.7828148-v1-626987-8,svl_label,1,"Troglodytidae_Troglodytes_troglodytes,9",,
jeantet-dufourq-2023,annomate,zenodo.7828148-v1-626987-9,svl_label,1,"Troglodytidae_Troglodytes_troglodytes,9",,
jeantet-dufourq-2023,annomate,zenodo.7828148-v1-627579-1,svl_label,1,"Troglodytidae_Troglodytes_troglodytes, 10",,
jeantet-dufourq-2023,annomate,zenodo.7828148-v1-627579-2,svl_label,1,"Troglodytidae_Troglodytes_troglodytes, 10",,
jeantet-dufourq-2023,annomate,zenodo.7828148-v1-627579-3,svl_label,1,"Troglodytidae_Troglodytes_troglodytes, 10",,
jeantet-dufourq-2023,annomate,zenodo.7828148-v1-627579-4,svl_label,1,"Troglodytidae_Troglodytes_troglodytes, 10",,
jeantet-dufourq-2023,annomate,zenodo.7828148-v1-627590-1,svl_label,1,"Troglodytidae_Troglodytes_troglodytes,9",,
jeantet-dufourq-2023,annomate,zenodo.7828148-v1-627590-2,svl_label,1,"Troglodytidae_Troglodytes_troglodytes,9",,
jeantet-dufourq-2023,annomate,zenodo.7828148-v1-627590-3,svl_label,1,"Troglodytidae_Troglodytes_troglodytes,9",,
jeantet-dufourq-2023,annomate,zenodo.7828148-v1-627750-1,svl_label,1,"Troglodytidae_Troglodytes_troglodytes, 10",,
jeantet-dufourq-2023,annomate,zenodo.7828148-v1-627750-2,svl_label,1,"Troglodytidae_Troglodytes_troglodytes, 10",,
jeantet-dufourq-2023,annomate,zenodo.7828148-v1-627750-3,svl_label,1,"Troglodytidae_Troglodytes_troglodytes, 10",,
jeantet-dufourq-2023,annomate,zenodo.7828148-v1-627750-4,svl_label,1,"Troglodytidae_Troglodytes_troglodytes, 10",,
jeantet-dufourq-2023,annomate,zenodo.7828148-v1-627750-5,svl_label,1,"Troglodytidae_Troglodytes_troglodytes, 10",,
jeantet-dufourq-2023,annomate,zenodo.7828148-v1-627750-6,svl_label,1,"Troglodytidae_Troglodytes_troglodytes, 10",,
jeantet-dufourq-2023,annomate,zenodo.7828148-v1-628172-1,svl_label,1,"Troglodytidae_Troglodytes_troglodytes,9",,
jeantet-dufourq-2023,annomate,zenodo.7828148-v1-628172-2,svl_label,1,"Troglodytidae_Troglodytes_troglodytes,9",,
jeantet-dufourq-2023,annomate,zenodo.7828148-v1-628172-3,svl_label,1,"Troglodytidae_Troglodytes_troglodytes,9",,
jeantet-dufourq-2023,annomate,zenodo.7828148-v1-628172-4,svl_label,1,"Troglodytidae_Troglodytes_troglodytes,9",,
jeantet-dufourq-2023,annomate,zenodo.7828148-v1-628421-1,svl_label,1,"Turdidae_Catharus_fuscescens,9",,
jeantet-dufourq-2023,annomate,zenodo.7828148-v1-628421-2,svl_label,1,"Turdidae_Catharus_fuscescens,9",,
jeantet-dufourq-2023,annomate,zenodo.7828148-v1-628421-3,svl_label,1,"Turdidae_Catharus_fuscescens,9",,
jeantet-dufourq-2023,annomate,zenodo.7828148-v1-628421-4,svl_label,1,"Turdidae_Catharus_fuscescens,9",,
jeantet-dufourq-2023,annomate,zenodo.7828148-v1-628421-5,svl_label,1,"Turdidae_Catharus_fuscescens,9",,
jeantet-dufourq-2023,annomate,zenodo.7828148-v1-628421-6,svl_label,1,"Turdidae_Catharus_fuscescens,9",,
jeantet-dufourq-2023,annomate,zenodo.7828148-v1-628686-1,svl_label,1,"Troglodytidae_Troglodytes_troglodytes,9",,
jeantet-dufourq-2023,annomate,zenodo.7828148-v1-628686-2,svl_label,1,"Troglodytidae_Troglodytes_troglodytes,9",,
jeantet-dufourq-2023,annomate,zenodo.7828148-v1-628686-3,svl_label,1,"Troglodytidae_Troglodytes_troglodytes,9",,
jeantet-dufourq-2023,annomate,zenodo.7828148-v1-628686-4,svl_label,1,"Troglodytidae_Troglodytes_troglodytes,9",,
jeantet-dufourq-2023,annomate,zenodo.7828148-v1-628686-5,svl_label,1,"Troglodytidae_Troglodytes_troglodytes,9",,
jeantet-dufourq-2023,annomate,zenodo.7828148-v1-628686-6,svl_label,1,"Troglodytidae_Troglodytes_troglodytes,9",,
jeantet-dufourq-2023,annomate,zenodo.7828148-v1-628686-7,svl_label,1,"Troglodytidae_Troglodytes_troglodytes,9",,
jeantet-dufourq-2023,annomate,zenodo.7828148-v1-628686-8,svl_label,1,"Troglodytidae_Troglodytes_troglodytes,9",,
jeantet-dufourq-2023,annomate,zenodo.7828148-v1-628686-9,svl_label,1,"Troglodytidae_Troglodytes_troglodytes,9",,
jeantet-dufourq-2023,annomate,zenodo.7828148-v1-628686-10,svl_label,1,"Troglodytidae_Troglodytes_troglodytes,9",,
jeantet-dufourq-2023,annomate,zenodo.7828148-v1-628686-11,svl_label,1,"Troglodytidae_Troglodytes_troglodytes,9",,
jeantet-dufourq-2023,annomate,zenodo.7828148-v1-628686-12,svl_label,1,"Troglodytidae_Troglodytes_troglodytes,9",,
jeantet-dufourq-2023,annomate,zenodo.7828148-v1-628686-13,svl_label,1,"Troglodytidae_Troglodytes_troglodytes,9",,
jeantet-dufourq-2023,annomate,zenodo.7828148-v1-628686-14,svl_label,1,"Troglodytidae_Troglodytes_troglodytes,9",,
jeantet-dufourq-2023,annomate,zenodo.7828148-v1-628686-15,svl_label,1,"Troglodytidae_Troglodytes_troglodytes,9",,
jeantet-dufourq-2023,annomate,zenodo.7828148-v1-628686-16,svl_label,1,"Troglodytidae_Troglodytes_troglodytes,9",,
jeantet-dufourq-2023,annomate,zenodo.7828148-v1-628686-17,svl_label,1,"Troglodytidae_Troglodytes_troglodytes,9",,
jeantet-dufourq-2023,annomate,zenodo.7828148-v1-628723-1,svl_label,1,"Troglodytidae_Troglodytes_troglodytes, 10",,
jeantet-dufourq-2023,annomate,zenodo.7828148-v1-628723-2,svl_label,1,"Troglodytidae_Troglodytes_troglodytes, 10",,
jeantet-dufourq-2023,annomate,zenodo.7828148-v1-628723-3,svl_label,1,"Troglodytidae_Troglodytes_troglodytes, 10",,
jeantet-dufourq-2023,annomate,zenodo.7828148-v1-628723-4,svl_label,1,"Troglodytidae_Troglodytes_troglodytes, 10",,
jeantet-dufourq-2023,annomate,zenodo.7828148-v1-628723-5,svl_label,1,"Troglodytidae_Troglodytes_troglodytes, 10",,
jeantet-dufourq-2023,annomate,zenodo.7828148-v1-628723-6,svl_label,1,"Troglodytidae_Troglodytes_troglodytes, 10",,
jeantet-dufourq-2023,annomate,zenodo.7828148-v1-628723-7,svl_label,1,"Troglodytidae_Troglodytes_troglodytes, 10",,
jeantet-dufourq-2023,annomate,zenodo.7828148-v1-628723-8,svl_label,1,"Troglodytidae_Troglodytes_troglodytes, 10",,
jeantet-dufourq-2023,annomate,zenodo.7828148-v1-628723-9,svl_label,1,"Troglodytidae_Troglodytes_troglodytes, 10",,
jeantet-dufourq-2023,annomate,zenodo.7828148-v1-628723-10,svl_label,1,"Troglodytidae_Troglodytes_troglodytes, 10",,
jeantet-dufourq-2023,annomate,zenodo.7828148-v1-628723-11,svl_label,1,"Troglodytidae_Troglodytes_troglodytes, 10",,
jeantet-dufourq-2023,annomate,zenodo.7828148-v1-628723-12,svl_label,1,"Troglodytidae_Troglodytes_troglodytes, 10",,
jeantet-dufourq-2023,annomate,zenodo.7828148-v1-628814-1,svl_label,1,"Troglodytidae_Troglodytes_troglodytes,8",,
jeantet-dufourq-2023,annomate,zenodo.7828148-v1-628814-2,svl_label,1,"Troglodytidae_Troglodytes_troglodytes,9",,
jeantet-dufourq-2023,annomate,zenodo.7828148-v1-628814-3,svl_label,1,"Troglodytidae_Troglodytes_troglodytes,9",,
jeantet-dufourq-2023,annomate,zenodo.7828148-v1-628814-4,svl_label,1,"Troglodytidae_Troglodytes_troglodytes,9",,
jeantet-dufourq-2023,annomate,zenodo.7828148-v1-628814-5,svl_label,1,"Troglodytidae_Troglodytes_troglodytes,9",,
jeantet-dufourq-2023,annomate,zenodo.7828148-v1-628814-6,svl_label,1,"Troglodytidae_Troglodytes_troglodytes,9",,
jeantet-dufourq-2023,annomate,zenodo.7828148-v1-628814-7,svl_label,1,"Troglodytidae_Troglodytes_troglodytes,9",,
jeantet-dufourq-2023,annomate,zenodo.7828148-v1-628814-8,svl_label,1,"Troglodytidae_Troglodytes_troglodytes,9",,
jeantet-dufourq-2023,annomate,zenodo.7828148-v1-628814-9,svl_label,1,"Troglodytidae_Troglodytes_troglodytes,9",,
jeantet-dufourq-2023,annomate,zenodo.7828148-v1-628907-1,svl_label,1,"Troglodytidae_Troglodytes_troglodytes,8",,
jeantet-dufourq-2023,annomate,zenodo.7828148-v1-628909-1,svl_label,1,"Troglodytidae_Troglodytes_troglodytes,8",,
jeantet-dufourq-2023,annomate,zenodo.7828148-v1-628909-2,svl_label,1,"Troglodytidae_Troglodytes_troglodytes,8",,
jeantet-dufourq-2023,annomate,zenodo.7828148-v1-628909-3,svl_label,1,"Troglodytidae_Troglodytes_troglodytes,8",,
jeantet-dufourq-2023,annomate,zenodo.7828148-v1-628922-1,svl_label,1,"Troglodytidae_Troglodytes_troglodytes,9",,
jeantet-dufourq-2023,annomate,zenodo.7828148-v1-628922-2,svl_label,1,"Troglodytidae_Troglodytes_troglodytes,9",,
jeantet-dufourq-2023,annomate,zenodo.7828148-v1-628922-3,svl_label,1,"Troglodytidae_Troglodytes_troglodytes,9",,
jeantet-dufourq-2023,annomate,zenodo.7828148-v1-629279-1,svl_label,1,"Troglodytidae_Troglodytes_troglodytes, 10",,
jeantet-dufourq-2023,annomate,zenodo.7828148-v1-629279-2,svl_label,1,"Troglodytidae_Troglodytes_troglodytes, 10",,
jeantet-dufourq-2023,annomate,zenodo.7828148-v1-629279-3,svl_label,1,"Troglodytidae_Troglodytes_troglodytes, 10",,
jeantet-dufourq-2023,annomate,zenodo.7828148-v1-629280-1,svl_label,1,"Troglodytidae_Troglodytes_troglodytes, 10",,
jeantet-dufourq-2023,annomate,zenodo.7828148-v1-629280-2,svl_label,1,"Troglodytidae_Troglodytes_troglodytes, 10",,
jeantet-dufourq-2023,annomate,zenodo.7828148-v1-629887-1,svl_label,1,"Troglodytidae_Troglodytes_troglodytes, 10",,
jeantet-dufourq-2023,annomate,zenodo.7828148-v1-629887-2,svl_label,1,"Troglodytidae_Troglodytes_troglodytes, 10",,
jeantet-dufourq-2023,annomate,zenodo.7828148-v1-629887-3,svl_label,1,"Troglodytidae_Troglodytes_troglodytes, 10",,
jeantet-dufourq-2023,annomate,zenodo.7828148-v1-629887-4,svl_label,1,"Troglodytidae_Troglodytes_troglodytes, 10",,
jeantet-dufourq-2023,annomate,zenodo.7828148-v1-629887-5,svl_label,1,"Troglodytidae_Troglodytes_troglodytes, 10",,
jeantet-dufourq-2023,annomate,zenodo.7828148-v1-629887-6,svl_label,1,"Troglodytidae_Troglodytes_troglodytes, 10",,
jeantet-dufourq-2023,annomate,zenodo.7828148-v1-629887-7,svl_label,1,"Troglodytidae_Troglodytes_troglodytes, 10",,
jeantet-dufourq-2023,annomate,zenodo.7828148-v1-629887-8,svl_label,1,"Troglodytidae_Troglodytes_troglodytes, 10",,
jeantet-dufourq-2023,annomate,zenodo.7828148-v1-629887-9,svl_label,1,"Troglodytidae_Troglodytes_troglodytes, 10",,
jeantet-dufourq-2023,annomate,zenodo.7828148-v1-629887-10,svl_label,1,"Troglodytidae_Troglodytes_troglodytes, 10",,
jeantet-dufourq-2023,annomate,zenodo.7828148-v1-629887-11,svl_label,1,"Troglodytidae_Troglodytes_troglodytes, 10",,
jeantet-dufourq-2023,annomate,zenodo.7828148-v1-629887-12,svl_label,1,"Troglodytidae_Troglodytes_troglodytes, 10",,
jeantet-dufourq-2023,annomate,zenodo.7828148-v1-629887-13,svl_label,1,"Troglodytidae_Troglodytes_troglodytes, 10",,
jeantet-dufourq-2023,annomate,zenodo.7828148-v1-629887-14,svl_label,1,"Troglodytidae_Troglodytes_troglodytes, 10",,
jeantet-dufourq-2023,annomate,zenodo.7828148-v1-629887-15,svl_label,1,"Troglodytidae_Troglodytes_troglodytes, 10",,
jeantet-dufourq-2023,annomate,zenodo.7828148-v1-629887-16,svl_label,1,"Troglodytidae_Troglodytes_troglodytes, 10",,
jeantet-dufourq-2023,annomate,zenodo.7828148-v1-629887-17,svl_label,1,"Troglodytidae_Troglodytes_troglodytes, 10",,
jeantet-dufourq-2023,annomate,zenodo.7828148-v1-629887-18,svl_label,1,"Troglodytidae_Troglodytes_troglodytes, 10",,
jeantet-dufourq-2023,annomate,zenodo.7828148-v1-629887-19,svl_label,1,"Troglodytidae_Troglodytes_troglodytes, 10",,
jeantet-dufourq-2023,annomate,zenodo.7828148-v1-630234-1,svl_label,1,"Troglodytidae_Troglodytes_troglodytes, 10",,
jeantet-dufourq-2023,annomate,zenodo.7828148-v1-630234-2,svl_label,1,"Troglodytidae_Troglodytes_troglodytes, 10",,
jeantet-dufourq-2023,annomate,zenodo.7828148-v1-630234-3,svl_label,1,"Troglodytidae_Troglodytes_troglodytes, 10",,
jeantet-dufourq-2023,annomate,zenodo.7828148-v1-630234-4,svl_label,1,"Troglodytidae_Troglodytes_troglodytes, 10",,
jeantet-dufourq-2023,annomate,zenodo.7828148-v1-630234-5,svl_label,1,"Troglodytidae_Troglodytes_troglodytes, 10",,
jeantet-dufourq-2023,annomate,zenodo.7828148-v1-630234-6,svl_label,1,"Troglodytidae_Troglodytes_troglodytes, 10",,
jeantet-dufourq-2023,annomate,zenodo.7828148-v1-630234-7,svl_label,1,"Troglodytidae_Troglodytes_troglodytes, 10",,
jeantet-dufourq-2023,annomate,zenodo.7828148-v1-631259-1,svl_label,1,"Troglodytidae_Troglodytes_troglodytes, 10",,
jeantet-dufourq-2023,annomate,zenodo.7828148-v1-632359-1,svl_label,1,"Paridae_Saxicola_rubicola,9",,
jeantet-dufourq-2023,annomate,zenodo.7828148-v1-632359-2,svl_label,1,"Paridae_Saxicola_rubicola,9",,
jeantet-dufourq-2023,annomate,zenodo.7828148-v1-632359-3,svl_label,1,"Paridae_Saxicola_rubicola,9",,
jeantet-dufourq-2023,annomate,zenodo.7828148-v1-632359-4,svl_label,1,"Paridae_Saxicola_rubicola,9",,
jeantet-dufourq-2023,annomate,zenodo.7828148-v1-632359-5,svl_label,1,"Paridae_Saxicola_rubicola,9",,
jeantet-dufourq-2023,annomate,zenodo.7828148-v1-632359-6,svl_label,1,"Paridae_Saxicola_rubicola,9",,
jeantet-dufourq-2023,annomate,zenodo.7828148-v1-632359-7,svl_label,1,"Paridae_Saxicola_rubicola,9",,
jeantet-dufourq-2023,annomate,zenodo.7828148-v1-632359-8,svl_label,1,"Paridae_Saxicola_rubicola,9",,
jeantet-dufourq-2023,annomate,zenodo.7828148-v1-632359-9,svl_label,1,"Paridae_Saxicola_rubicola,9",,
jeantet-dufourq-2023,annomate,zenodo.7828148-v1-632360-1,svl_label,1,"Paridae_Saxicola_rubicola,9",,
jeantet-dufourq-2023,annomate,zenodo.7828148-v1-632360-2,svl_label,1,"Paridae_Saxicola_rubicola,9",,
jeantet-dufourq-2023,annomate,zenodo.7828148-v1-632360-3,svl_label,1,"Paridae_Saxicola_rubicola,9",,
jeantet-dufourq-2023,annomate,zenodo.7828148-v1-632360-4,svl_label,1,"Paridae_Saxicola_rubicola,9",,
jeantet-dufourq-2023,annomate,zenodo.7828148-v1-632360-5,svl_label,1,"Paridae_Saxicola_rubicola,9",,
jeantet-dufourq-2023,annomate,zenodo.7828148-v1-632360-6,svl_label,1,"Paridae_Saxicola_rubicola,9",,
jeantet-dufourq-2023,annomate,zenodo.7828148-v1-632360-7,svl_label,1,"Paridae_Saxicola_rubicola,9",,
jeantet-dufourq-2023,annomate,zenodo.7828148-v1-632360-8,svl_label,1,"Paridae_Saxicola_rubicola,9",,
jeantet-dufourq-2023,annomate,zenodo.7828148-v1-632360-9,svl_label,1,"Paridae_Saxicola_rubicola,9",,
jeantet-dufourq-2023,annomate,zenodo.7828148-v1-632360-10,svl_label,1,"Paridae_Saxicola_rubicola,9",,
jeantet-dufourq-2023,annomate,zenodo.7828148-v1-632360-11,svl_label,1,"Paridae_Saxicola_rubicola,9",,
jeantet-dufourq-2023,annomate,zenodo.7828148-v1-632360-12,svl_label,1,"Paridae_Saxicola_rubicola,9",,
jeantet-dufourq-2023,annomate,zenodo.7828148-v1-632360-13,svl_label,1,"Paridae_Saxicola_rubicola,9",,
jeantet-dufourq-2023,annomate,zenodo.7828148-v1-632360-14,svl_label,1,"Paridae_Saxicola_rubicola,9",,
jeantet-dufourq-2023,annomate,zenodo.7828148-v1-632362-1,svl_label,1,"Paridae_Saxicola_rubicola,9",,
jeantet-dufourq-2023,annomate,zenodo.7828148-v1-632362-2,svl_label,1,"Paridae_Saxicola_rubicola,9",,
jeantet-dufourq-2023,annomate,zenodo.7828148-v1-632362-3,svl_label,1,"Paridae_Saxicola_rubicola,9",,
jeantet-dufourq-2023,annomate,zenodo.7828148-v1-632362-4,svl_label,1,"Paridae_Saxicola_rubicola,9",,
jeantet-dufourq-2023,annomate,zenodo.7828148-v1-632362-5,svl_label,1,"Paridae_Saxicola_rubicola,9",,
jeantet-dufourq-2023,annomate,zenodo.7828148-v1-632362-6,svl_label,1,"Paridae_Saxicola_rubicola,9",,
jeantet-dufourq-2023,annomate,zenodo.7828148-v1-632362-7,svl_label,1,Paridae_Saxicola_rubicola,,
jeantet-dufourq-2023,annomate,zenodo.7828148-v1-632362-8,svl_label,1,"Paridae_Saxicola_rubicola,9",,
jeantet-dufourq-2023,annomate,zenodo.7828148-v1-632362-9,svl_label,1,"Paridae_Saxicola_rubicola,9",,
jeantet-dufourq-2023,annomate,zenodo.7828148-v1-632362-10,svl_label,1,"Paridae_Saxicola_rubicola,9",,
jeantet-dufourq-2023,annomate,zenodo.7828148-v1-632362-11,svl_label,1,"Paridae_Saxicola_rubicola,9",,
jeantet-dufourq-2023,annomate,zenodo.7828148-v1-632362-12,svl_label,1,"Paridae_Saxicola_rubicola,9",,
jeantet-dufourq-2023,annomate,zenodo.7828148-v1-632362-13,svl_label,1,"Paridae_Saxicola_rubicola,9",,
jeantet-dufourq-2023,annomate,zenodo.7828148-v1-632362-14,svl_label,1,"Paridae_Saxicola_rubicola,9",,
jeantet-dufourq-2023,annomate,zenodo.7828148-v1-632362-15,svl_label,1,"Paridae_Saxicola_rubicola,9",,
jeantet-dufourq-2023,annomate,zenodo.7828148-v1-632362-16,svl_label,1,"Paridae_Saxicola_rubicola,9",,
jeantet-dufourq-2023,annomate,zenodo.7828148-v1-632362-17,svl_label,1,"Paridae_Saxicola_rubicola,9",,
jeantet-dufourq-2023,annomate,zenodo.7828148-v1-632362-18,svl_label,1,"Paridae_Saxicola_rubicola,9",,
jeantet-dufourq-2023,annomate,zenodo.7828148-v1-632362-19,svl_label,1,"Paridae_Saxicola_rubicola,9",,
jeantet-dufourq-2023,annomate,zenodo.7828148-v1-632362-20,svl_label,1,"Paridae_Saxicola_rubicola,9",,
jeantet-dufourq-2023,annomate,zenodo.7828148-v1-632487-1,svl_label,1,"Troglodytidae_Troglodytes_troglodytes,9",,
jeantet-dufourq-2023,annomate,zenodo.7828148-v1-632487-2,svl_label,1,"Troglodytidae_Troglodytes_troglodytes,9",,
jeantet-dufourq-2023,annomate,zenodo.7828148-v1-632487-3,svl_label,1,"Troglodytidae_Troglodytes_troglodytes,9",,
jeantet-dufourq-2023,annomate,zenodo.7828148-v1-632525-1,svl_label,1,"Fringillidae_Serinus_serinus,9",,
jeantet-dufourq-2023,annomate,zenodo.7828148-v1-632525-2,svl_label,1,"Fringillidae_Serinus_serinus,9",,
jeantet-dufourq-2023,annomate,zenodo.7828148-v1-632525-3,svl_label,1,"Fringillidae_Serinus_serinus,9",,
jeantet-dufourq-2023,annomate,zenodo.7828148-v1-632525-4,svl_label,1,"Fringillidae_Serinus_serinus,9",,
jeantet-dufourq-2023,annomate,zenodo.7828148-v1-632525-5,svl_label,1,"Fringillidae_Serinus_serinus,9",,
jeantet-dufourq-2023,annomate,zenodo.7828148-v1-632525-6,svl_label,1,"Fringillidae_Serinus_serinus,9",,
jeantet-dufourq-2023,annomate,zenodo.7828148-v1-632525-7,svl_label,1,"Fringillidae_Serinus_serinus,9",,
jeantet-dufourq-2023,annomate,zenodo.7828148-v1-633029-1,svl_label,1,"Troglodytidae_Troglodytes_troglodytes,9",,
jeantet-dufourq-2023,annomate,zenodo.7828148-v1-633029-2,svl_label,1,"Troglodytidae_Troglodytes_troglodytes,9",,
jeantet-dufourq-2023,annomate,zenodo.7828148-v1-633029-3,svl_label,1,"Troglodytidae_Troglodytes_troglodytes,9",,
jeantet-dufourq-2023,annomate,zenodo.7828148-v1-633029-4,svl_label,1,"Troglodytidae_Troglodytes_troglodytes,9",,
jeantet-dufourq-2023,annomate,zenodo.7828148-v1-633029-5,svl_label,1,"Troglodytidae_Troglodytes_troglodytes,9",,
jeantet-dufourq-2023,annomate,zenodo.7828148-v1-633029-6,svl_label,1,"Troglodytidae_Troglodytes_troglodytes,9",,
jeantet-dufourq-2023,annomate,zenodo.7828148-v1-633029-7,svl_label,1,"Troglodytidae_Troglodytes_troglodytes,9",,
jeantet-dufourq-2023,annomate,zenodo.7828148-v1-633029-8,svl_label,1,"Troglodytidae_Troglodytes_troglodytes,9",,
jeantet-dufourq-2023,annomate,zenodo.7828148-v1-633029-9,svl_label,1,"Troglodytidae_Troglodytes_troglodytes,9",,
jeantet-dufourq-2023,annomate,zenodo.7828148-v1-633029-10,svl_label,1,"Troglodytidae_Troglodytes_troglodytes,9",,
jeantet-dufourq-2023,annomate,zenodo.7828148-v1-633029-11,svl_label,1,"Troglodytidae_Troglodytes_troglodytes,9",,
jeantet-dufourq-2023,annomate,zenodo.7828148-v1-633029-12,svl_label,1,"Troglodytidae_Troglodytes_troglodytes,9",,
jeantet-dufourq-2023,annomate,zenodo.7828148-v1-6332-1,svl_label,1,"Turdidae_Catharus_aurantiirostris,9",,
jeantet-dufourq-2023,annomate,zenodo.7828148-v1-6332-2,svl_label,1,"Turdidae_Catharus_aurantiirostris,9",,
jeantet-dufourq-2023,annomate,zenodo.7828148-v1-6332-3,svl_label,1,"Turdidae_Catharus_aurantiirostris,9",,
jeantet-dufourq-2023,annomate,zenodo.7828148-v1-6332-4,svl_label,1,"Turdidae_Catharus_aurantiirostris,9",,
jeantet-dufourq-2023,annomate,zenodo.7828148-v1-6332-5,svl_label,1,"Turdidae_Catharus_aurantiirostris,9",,
jeantet-dufourq-2023,annomate,zenodo.7828148-v1-6332-6,svl_label,1,"Turdidae_Catharus_aurantiirostris,9",,
jeantet-dufourq-2023,annomate,zenodo.7828148-v1-6332-7,svl_label,1,"Turdidae_Catharus_aurantiirostris,9",,
jeantet-dufourq-2023,annomate,zenodo.7828148-v1-6332-8,svl_label,1,"Turdidae_Catharus_aurantiirostris,9",,
jeantet-dufourq-2023,annomate,zenodo.7828148-v1-633267-1,svl_label,1,"Paridae_Saxicola_rubicola,8",,
jeantet-dufourq-2023,annomate,zenodo.7828148-v1-633267-2,svl_label,1,"Paridae_Saxicola_rubicola,8",,
jeantet-dufourq-2023,annomate,zenodo.7828148-v1-633267-3,svl_label,1,"Paridae_Saxicola_rubicola,8",,
jeantet-dufourq-2023,annomate,zenodo.7828148-v1-633267-4,svl_label,1,"Paridae_Saxicola_rubicola,8",,
jeantet-dufourq-2023,annomate,zenodo.7828148-v1-633267-5,svl_label,1,"Paridae_Saxicola_rubicola,8",,
jeantet-dufourq-2023,annomate,zenodo.7828148-v1-633267-6,svl_label,1,"Paridae_Saxicola_rubicola,8",,
jeantet-dufourq-2023,annomate,zenodo.7828148-v1-633267-7,svl_label,1,"Paridae_Saxicola_rubicola,8",,
jeantet-dufourq-2023,annomate,zenodo.7828148-v1-633267-8,svl_label,1,"Paridae_Saxicola_rubicola,8",,
jeantet-dufourq-2023,annomate,zenodo.7828148-v1-633267-9,svl_label,1,"Paridae_Saxicola_rubicola,8",,
jeantet-dufourq-2023,annomate,zenodo.7828148-v1-633267-10,svl_label,1,"Paridae_Saxicola_rubicola,8",,
jeantet-dufourq-2023,annomate,zenodo.7828148-v1-633267-11,svl_label,1,"Paridae_Saxicola_rubicola,8",,
jeantet-dufourq-2023,annomate,zenodo.7828148-v1-633267-12,svl_label,1,"Paridae_Saxicola_rubicola,8",,
jeantet-dufourq-2023,annomate,zenodo.7828148-v1-633267-13,svl_label,1,"Paridae_Saxicola_rubicola,8",,
jeantet-dufourq-2023,annomate,zenodo.7828148-v1-633267-14,svl_label,1,"Paridae_Saxicola_rubicola,8",,
jeantet-dufourq-2023,annomate,zenodo.7828148-v1-633267-15,svl_label,1,"Paridae_Saxicola_rubicola,8",,
jeantet-dufourq-2023,annomate,zenodo.7828148-v1-633267-16,svl_label,1,"Paridae_Saxicola_rubicola,8",,
jeantet-dufourq-2023,annomate,zenodo.7828148-v1-633267-17,svl_label,1,"Paridae_Saxicola_rubicola,8",,
jeantet-dufourq-2023,annomate,zenodo.7828148-v1-633267-18,svl_label,1,"Paridae_Saxicola_rubicola,8",,
jeantet-dufourq-2023,annomate,zenodo.7828148-v1-633267-19,svl_label,1,"Paridae_Saxicola_rubicola,8",,
jeantet-dufourq-2023,annomate,zenodo.7828148-v1-633267-20,svl_label,1,"Paridae_Saxicola_rubicola,8",,
jeantet-dufourq-2023,annomate,zenodo.7828148-v1-633267-21,svl_label,1,"Paridae_Saxicola_rubicola,8",,
jeantet-dufourq-2023,annomate,zenodo.7828148-v1-634444-1,svl_label,1,"Fringillidae_Serinus_serinus, 10",,
jeantet-dufourq-2023,annomate,zenodo.7828148-v1-634444-2,svl_label,1,"Fringillidae_Serinus_serinus, 10",,
jeantet-dufourq-2023,annomate,zenodo.7828148-v1-634444-3,svl_label,1,"Fringillidae_Serinus_serinus, 10",,
jeantet-dufourq-2023,annomate,zenodo.7828148-v1-634444-4,svl_label,1,"Fringillidae_Serinus_serinus, 10",,
jeantet-dufourq-2023,annomate,zenodo.7828148-v1-634444-5,svl_label,1,"Fringillidae_Serinus_serinus, 10",,
jeantet-dufourq-2023,annomate,zenodo.7828148-v1-634444-6,svl_label,1,"Fringillidae_Serinus_serinus, 10",,
jeantet-dufourq-2023,annomate,zenodo.7828148-v1-634444-7,svl_label,1,"Fringillidae_Serinus_serinus, 10",,
jeantet-dufourq-2023,annomate,zenodo.7828148-v1-634444-8,svl_label,1,"Fringillidae_Serinus_serinus, 10",,
jeantet-dufourq-2023,annomate,zenodo.7828148-v1-634444-9,svl_label,1,"Fringillidae_Serinus_serinus, 10",,
jeantet-dufourq-2023,annomate,zenodo.7828148-v1-634444-10,svl_label,1,"Fringillidae_Serinus_serinus, 10",,
jeantet-dufourq-2023,annomate,zenodo.7828148-v1-634444-11,svl_label,1,"Fringillidae_Serinus_serinus, 10",,
jeantet-dufourq-2023,annomate,zenodo.7828148-v1-634444-12,svl_label,1,"Fringillidae_Serinus_serinus, 10",,
jeantet-dufourq-2023,annomate,zenodo.7828148-v1-634444-13,svl_label,1,"Fringillidae_Serinus_serinus, 10",,
jeantet-dufourq-2023,annomate,zenodo.7828148-v1-634444-14,svl_label,1,"Fringillidae_Serinus_serinus, 10",,
jeantet-dufourq-2023,annomate,zenodo.7828148-v1-634855-1,svl_label,1,"Troglodytidae_Troglodytes_troglodytes, 10",,
jeantet-dufourq-2023,annomate,zenodo.7828148-v1-634855-2,svl_label,1,"Troglodytidae_Troglodytes_troglodytes, 10",,
jeantet-dufourq-2023,annomate,zenodo.7828148-v1-635068-1,svl_label,1,"Troglodytidae_Troglodytes_troglodytes, 10",,
jeantet-dufourq-2023,annomate,zenodo.7828148-v1-635068-2,svl_label,1,"Troglodytidae_Troglodytes_troglodytes, 10",,
jeantet-dufourq-2023,annomate,zenodo.7828148-v1-635068-3,svl_label,1,"Troglodytidae_Troglodytes_troglodytes, 10",,
jeantet-dufourq-2023,annomate,zenodo.7828148-v1-635068-4,svl_label,1,"Troglodytidae_Troglodytes_troglodytes, 10",,
jeantet-dufourq-2023,annomate,zenodo.7828148-v1-635140-1,svl_label,1,"Troglodytidae_Troglodytes_troglodytes,9",,
jeantet-dufourq-2023,annomate,zenodo.7828148-v1-635140-2,svl_label,1,"Troglodytidae_Troglodytes_troglodytes,9",,
jeantet-dufourq-2023,annomate,zenodo.7828148-v1-635140-3,svl_label,1,"Troglodytidae_Troglodytes_troglodytes,9",,
jeantet-dufourq-2023,annomate,zenodo.7828148-v1-635140-4,svl_label,1,"Troglodytidae_Troglodytes_troglodytes,9",,
jeantet-dufourq-2023,annomate,zenodo.7828148-v1-635140-5,svl_label,1,"Troglodytidae_Troglodytes_troglodytes,9",,
jeantet-dufourq-2023,annomate,zenodo.7828148-v1-635148-1,svl_label,1,"Troglodytidae_Troglodytes_troglodytes,9",,
jeantet-dufourq-2023,annomate,zenodo.7828148-v1-635148-2,svl_label,1,"Troglodytidae_Troglodytes_troglodytes,9",,
jeantet-dufourq-2023,annomate,zenodo.7828148-v1-635148-3,svl_label,1,"Troglodytidae_Troglodytes_troglodytes,9",,
jeantet-dufourq-2023,annomate,zenodo.7828148-v1-635148-4,svl_label,1,"Troglodytidae_Troglodytes_troglodytes,9",,
jeantet-dufourq-2023,annomate,zenodo.7828148-v1-635148-5,svl_label,1,"Troglodytidae_Troglodytes_troglodytes,9",,
jeantet-dufourq-2023,annomate,zenodo.7828148-v1-635148-6,svl_label,1,"Troglodytidae_Troglodytes_troglodytes,9",,
jeantet-dufourq-2023,annomate,zenodo.7828148-v1-635148-7,svl_label,1,"Troglodytidae_Troglodytes_troglodytes,9",,
jeantet-dufourq-2023,annomate,zenodo.7828148-v1-635383-1,svl_label,1,"Fringillidae_Serinus_serinus, 10",,
jeantet-dufourq-2023,annomate,zenodo.7828148-v1-635383-2,svl_label,1,"Fringillidae_Serinus_serinus, 10",,
jeantet-dufourq-2023,annomate,zenodo.7828148-v1-635383-3,svl_label,1,"Fringillidae_Serinus_serinus, 10",,
jeantet-dufourq-2023,annomate,zenodo.7828148-v1-635383-4,svl_label,1,"Fringillidae_Serinus_serinus, 10",,
jeantet-dufourq-2023,annomate,zenodo.7828148-v1-635383-5,svl_label,1,"Fringillidae_Serinus_serinus, 10",,
jeantet-dufourq-2023,annomate,zenodo.7828148-v1-635383-6,svl_label,1,"Fringillidae_Serinus_serinus, 10",,
jeantet-dufourq-2023,annomate,zenodo.7828148-v1-635383-7,svl_label,1,"Fringillidae_Serinus_serinus, 10",,
jeantet-dufourq-2023,annomate,zenodo.7828148-v1-635905-1,svl_label,1,"Troglodytidae_Troglodytes_troglodytes,9",,
jeantet-dufourq-2023,annomate,zenodo.7828148-v1-635905-2,svl_label,1,"Troglodytidae_Troglodytes_troglodytes,9",,
jeantet-dufourq-2023,annomate,zenodo.7828148-v1-635905-3,svl_label,1,"Troglodytidae_Troglodytes_troglodytes,9",,
jeantet-dufourq-2023,annomate,zenodo.7828148-v1-635905-4,svl_label,1,"Troglodytidae_Troglodytes_troglodytes,9",,
jeantet-dufourq-2023,annomate,zenodo.7828148-v1-636116-1,svl_label,1,"Troglodytidae_Troglodytes_troglodytes,9",,
jeantet-dufourq-2023,annomate,zenodo.7828148-v1-636116-2,svl_label,1,"Troglodytidae_Troglodytes_troglodytes,9",,
jeantet-dufourq-2023,annomate,zenodo.7828148-v1-636116-3,svl_label,1,"Troglodytidae_Troglodytes_troglodytes,9",,
jeantet-dufourq-2023,annomate,zenodo.7828148-v1-636268-1,svl_label,1,"Troglodytidae_Troglodytes_troglodytes, 10",,
jeantet-dufourq-2023,annomate,zenodo.7828148-v1-636268-2,svl_label,1,"Troglodytidae_Troglodytes_troglodytes, 10",,
jeantet-dufourq-2023,annomate,zenodo.7828148-v1-636268-3,svl_label,1,"Troglodytidae_Troglodytes_troglodytes, 10",,
jeantet-dufourq-2023,annomate,zenodo.7828148-v1-636268-4,svl_label,1,"Troglodytidae_Troglodytes_troglodytes, 10",,
jeantet-dufourq-2023,annomate,zenodo.7828148-v1-636268-5,svl_label,1,"Troglodytidae_Troglodytes_troglodytes, 10",,
jeantet-dufourq-2023,annomate,zenodo.7828148-v1-636268-6,svl_label,1,"Troglodytidae_Troglodytes_troglodytes, 10",,
jeantet-dufourq-2023,annomate,zenodo.7828148-v1-636268-7,svl_label,1,"Troglodytidae_Troglodytes_troglodytes, 10",,
jeantet-dufourq-2023,annomate,zenodo.7828148-v1-636268-8,svl_label,1,"Troglodytidae_Troglodytes_troglodytes, 10",,
jeantet-dufourq-2023,annomate,zenodo.7828148-v1-636268-9,svl_label,1,"Troglodytidae_Troglodytes_troglodytes, 10",,
jeantet-dufourq-2023,annomate,zenodo.7828148-v1-636268-10,svl_label,1,"Troglodytidae_Troglodytes_troglodytes, 10",,
jeantet-dufourq-2023,annomate,zenodo.7828148-v1-636268-11,svl_label,1,"Troglodytidae_Troglodytes_troglodytes, 10",,
jeantet-dufourq-2023,annomate,zenodo.7828148-v1-636268-12,svl_label,1,"Troglodytidae_Troglodytes_troglodytes, 10",,
jeantet-dufourq-2023,annomate,zenodo.7828148-v1-636268-13,svl_label,1,"Troglodytidae_Troglodytes_troglodytes, 10",,
jeantet-dufourq-2023,annomate,zenodo.7828148-v1-636268-14,svl_label,1,"Troglodytidae_Troglodytes_troglodytes, 10",,
jeantet-dufourq-2023,annomate,zenodo.7828148-v1-636268-15,svl_label,1,"Troglodytidae_Troglodytes_troglodytes, 10",,
jeantet-dufourq-2023,annomate,zenodo.7828148-v1-636948-1,svl_label,1,"Fringillidae_Serinus_serinus,9",,
jeantet-dufourq-2023,annomate,zenodo.7828148-v1-636948-2,svl_label,1,"Fringillidae_Serinus_serinus,9",,
jeantet-dufourq-2023,annomate,zenodo.7828148-v1-636948-3,svl_label,1,"Fringillidae_Serinus_serinus,9",,
jeantet-dufourq-2023,annomate,zenodo.7828148-v1-636948-4,svl_label,1,"Fringillidae_Serinus_serinus,9",,
jeantet-dufourq-2023,annomate,zenodo.7828148-v1-636948-5,svl_label,1,"Fringillidae_Serinus_serinus,8",,
jeantet-dufourq-2023,annomate,zenodo.7828148-v1-636948-6,svl_label,1,"Fringillidae_Serinus_serinus,7",,
jeantet-dufourq-2023,annomate,zenodo.7828148-v1-636948-7,svl_label,1,"Fringillidae_Serinus_serinus,6",,
jeantet-dufourq-2023,annomate,zenodo.7828148-v1-636948-8,svl_label,1,"Fringillidae_Serinus_serinus,9",,
jeantet-dufourq-2023,annomate,zenodo.7828148-v1-636948-9,svl_label,1,"Fringillidae_Serinus_serinus,8",,
jeantet-dufourq-2023,annomate,zenodo.7828148-v1-637675-1,svl_label,1,"Paridae_Saxicola_rubetra,8",,
jeantet-dufourq-2023,annomate,zenodo.7828148-v1-637675-2,svl_label,1,"Paridae_Saxicola_rubetra,8",,
jeantet-dufourq-2023,annomate,zenodo.7828148-v1-637675-3,svl_label,1,"Paridae_Saxicola_rubetra,8",,
jeantet-dufourq-2023,annomate,zenodo.7828148-v1-637675-4,svl_label,1,"Paridae_Saxicola_rubetra,7",,
jeantet-dufourq-2023,annomate,zenodo.7828148-v1-637675-5,svl_label,1,"Paridae_Saxicola_rubetra,8",,
jeantet-dufourq-2023,annomate,zenodo.7828148-v1-637675-6,svl_label,1,"Paridae_Saxicola_rubetra,8",,
jeantet-dufourq-2023,annomate,zenodo.7828148-v1-637675-7,svl_label,1,"Paridae_Saxicola_rubetra,6",,
jeantet-dufourq-2023,annomate,zenodo.7828148-v1-637675-8,svl_label,1,"Paridae_Saxicola_rubetra,7",,
jeantet-dufourq-2023,annomate,zenodo.7828148-v1-637675-9,svl_label,1,"Paridae_Saxicola_rubetra,7",,
jeantet-dufourq-2023,annomate,zenodo.7828148-v1-637675-10,svl_label,1,"Paridae_Saxicola_rubetra,8",,
jeantet-dufourq-2023,annomate,zenodo.7828148-v1-637675-11,svl_label,1,"Paridae_Saxicola_rubetra,8",,
jeantet-dufourq-2023,annomate,zenodo.7828148-v1-637966-1,svl_label,1,"Troglodytidae_Troglodytes_troglodytes,9",,
jeantet-dufourq-2023,annomate,zenodo.7828148-v1-637966-2,svl_label,1,"Troglodytidae_Troglodytes_troglodytes,9",,
jeantet-dufourq-2023,annomate,zenodo.7828148-v1-637966-3,svl_label,1,"Troglodytidae_Troglodytes_troglodytes,8",,
jeantet-dufourq-2023,annomate,zenodo.7828148-v1-637966-4,svl_label,1,"Troglodytidae_Troglodytes_troglodytes,9",,
jeantet-dufourq-2023,annomate,zenodo.7828148-v1-637966-5,svl_label,1,"Troglodytidae_Troglodytes_troglodytes,9",,
jeantet-dufourq-2023,annomate,zenodo.7828148-v1-638667-1,svl_label,1,"Paridae_Saxicola_rubicola,9",,
jeantet-dufourq-2023,annomate,zenodo.7828148-v1-638667-2,svl_label,1,"Paridae_Saxicola_rubicola,9",,
jeantet-dufourq-2023,annomate,zenodo.7828148-v1-638667-3,svl_label,1,"Paridae_Saxicola_rubicola,9",,
jeantet-dufourq-2023,annomate,zenodo.7828148-v1-638667-4,svl_label,1,"Paridae_Saxicola_rubicola,9",,
jeantet-dufourq-2023,annomate,zenodo.7828148-v1-638667-5,svl_label,1,"Paridae_Saxicola_rubicola,9",,
jeantet-dufourq-2023,annomate,zenodo.7828148-v1-638684-1,svl_label,1,"Paridae_Saxicola_rubicola,9",,
jeantet-dufourq-2023,annomate,zenodo.7828148-v1-638684-2,svl_label,1,"Paridae_Saxicola_rubicola,9",,
jeantet-dufourq-2023,annomate,zenodo.7828148-v1-638684-3,svl_label,1,"Paridae_Saxicola_rubicola,9",,
jeantet-dufourq-2023,annomate,zenodo.7828148-v1-638684-4,svl_label,1,"Paridae_Saxicola_rubicola,9",,
jeantet-dufourq-2023,annomate,zenodo.7828148-v1-639082-1,svl_label,1,"Troglodytidae_Troglodytes_troglodytes, 10",,
jeantet-dufourq-2023,annomate,zenodo.7828148-v1-639108-1,svl_label,1,"Troglodytidae_Troglodytes_troglodytes,9",,
jeantet-dufourq-2023,annomate,zenodo.7828148-v1-639108-2,svl_label,1,"Troglodytidae_Troglodytes_troglodytes,9",,
jeantet-dufourq-2023,annomate,zenodo.7828148-v1-639108-3,svl_label,1,"Troglodytidae_Troglodytes_troglodytes,9",,
jeantet-dufourq-2023,annomate,zenodo.7828148-v1-639108-4,svl_label,1,"Troglodytidae_Troglodytes_troglodytes,9",,
jeantet-dufourq-2023,annomate,zenodo.7828148-v1-639108-5,svl_label,1,"Troglodytidae_Troglodytes_troglodytes,9",,
jeantet-dufourq-2023,annomate,zenodo.7828148-v1-639108-6,svl_label,1,"Troglodytidae_Troglodytes_troglodytes,9",,
jeantet-dufourq-2023,annomate,zenodo.7828148-v1-639108-7,svl_label,1,"Troglodytidae_Troglodytes_troglodytes,9",,
jeantet-dufourq-2023,annomate,zenodo.7828148-v1-639108-8,svl_label,1,"Troglodytidae_Troglodytes_troglodytes,9",,
jeantet-dufourq-2023,annomate,zenodo.7828148-v1-639269-1,svl_label,1,"Troglodytidae_Troglodytes_troglodytes, 10",,
jeantet-dufourq-2023,annomate,zenodo.7828148-v1-639269-2,svl_label,1,"Troglodytidae_Troglodytes_troglodytes, 10",,
jeantet-dufourq-2023,annomate,zenodo.7828148-v1-639269-3,svl_label,1,"Troglodytidae_Troglodytes_troglodytes, 10",,
jeantet-dufourq-2023,annomate,zenodo.7828148-v1-639269-4,svl_label,1,"Troglodytidae_Troglodytes_troglodytes, 10",,
jeantet-dufourq-2023,annomate,zenodo.7828148-v1-639269-5,svl_label,1,"Troglodytidae_Troglodytes_troglodytes, 10",,
jeantet-dufourq-2023,annomate,zenodo.7828148-v1-639269-6,svl_label,1,"Troglodytidae_Troglodytes_troglodytes, 10",,
jeantet-dufourq-2023,annomate,zenodo.7828148-v1-639269-7,svl_label,1,"Troglodytidae_Troglodytes_troglodytes, 10",,
jeantet-dufourq-2023,annomate,zenodo.7828148-v1-639269-8,svl_label,1,"Troglodytidae_Troglodytes_troglodytes, 10",,
jeantet-dufourq-2023,annomate,zenodo.7828148-v1-639269-9,svl_label,1,"Troglodytidae_Troglodytes_troglodytes, 10",,
jeantet-dufourq-2023,annomate,zenodo.7828148-v1-639269-10,svl_label,1,"Troglodytidae_Troglodytes_troglodytes, 10",,
jeantet-dufourq-2023,annomate,zenodo.7828148-v1-639269-11,svl_label,1,"Troglodytidae_Troglodytes_troglodytes, 10",,
jeantet-dufourq-2023,annomate,zenodo.7828148-v1-639269-12,svl_label,1,"Troglodytidae_Troglodytes_troglodytes, 10",,
jeantet-dufourq-2023,annomate,zenodo.7828148-v1-639269-13,svl_label,1,"Troglodytidae_Troglodytes_troglodytes, 10",,
jeantet-dufourq-2023,annomate,zenodo.7828148-v1-639269-14,svl_label,1,"Troglodytidae_Troglodytes_troglodytes, 10",,
jeantet-dufourq-2023,annomate,zenodo.7828148-v1-639269-15,svl_label,1,"Troglodytidae_Troglodytes_troglodytes, 10",,
jeantet-dufourq-2023,annomate,zenodo.7828148-v1-639269-16,svl_label,1,"Troglodytidae_Troglodytes_troglodytes, 10",,
jeantet-dufourq-2023,annomate,zenodo.7828148-v1-639269-17,svl_label,1,"Troglodytidae_Troglodytes_troglodytes, 10",,
jeantet-dufourq-2023,annomate,zenodo.7828148-v1-639269-18,svl_label,1,"Troglodytidae_Troglodytes_troglodytes, 10",,
jeantet-dufourq-2023,annomate,zenodo.7828148-v1-639382-1,svl_label,1,"Troglodytidae_Troglodytes_troglodytes,9",,
jeantet-dufourq-2023,annomate,zenodo.7828148-v1-639402-1,svl_label,1,"Troglodytidae_Troglodytes_troglodytes,8",,
jeantet-dufourq-2023,annomate,zenodo.7828148-v1-639402-2,svl_label,1,"Troglodytidae_Troglodytes_troglodytes,8",,
jeantet-dufourq-2023,annomate,zenodo.7828148-v1-639402-3,svl_label,1,"Troglodytidae_Troglodytes_troglodytes,8",,
jeantet-dufourq-2023,annomate,zenodo.7828148-v1-639402-4,svl_label,1,"Troglodytidae_Troglodytes_troglodytes,8",,
jeantet-dufourq-2023,annomate,zenodo.7828148-v1-639405-1,svl_label,1,"Troglodytidae_Troglodytes_troglodytes,9",,
jeantet-dufourq-2023,annomate,zenodo.7828148-v1-639405-2,svl_label,1,"Troglodytidae_Troglodytes_troglodytes,9",,
jeantet-dufourq-2023,annomate,zenodo.7828148-v1-639405-3,svl_label,1,"Troglodytidae_Troglodytes_troglodytes,9",,
jeantet-dufourq-2023,annomate,zenodo.7828148-v1-639405-4,svl_label,1,"Troglodytidae_Troglodytes_troglodytes,9",,
jeantet-dufourq-2023,annomate,zenodo.7828148-v1-639405-5,svl_label,1,"Troglodytidae_Troglodytes_troglodytes,9",,
jeantet-dufourq-2023,annomate,zenodo.7828148-v1-639405-6,svl_label,1,"Troglodytidae_Troglodytes_troglodytes,9",,
jeantet-dufourq-2023,annomate,zenodo.7828148-v1-640272-1,svl_label,1,"Troglodytidae_Troglodytes_troglodytes,9",,
jeantet-dufourq-2023,annomate,zenodo.7828148-v1-640272-2,svl_label,1,"Troglodytidae_Troglodytes_troglodytes,9",,
jeantet-dufourq-2023,annomate,zenodo.7828148-v1-640272-3,svl_label,1,"Troglodytidae_Troglodytes_troglodytes,9",,
jeantet-dufourq-2023,annomate,zenodo.7828148-v1-640272-4,svl_label,1,"Troglodytidae_Troglodytes_troglodytes,9",,
jeantet-dufourq-2023,annomate,zenodo.7828148-v1-640272-5,svl_label,1,"Troglodytidae_Troglodytes_troglodytes,9",,
jeantet-dufourq-2023,annomate,zenodo.7828148-v1-640284-1,svl_label,1,"Paridae_Saxicola_rubicola,8",,
jeantet-dufourq-2023,annomate,zenodo.7828148-v1-640284-2,svl_label,1,"Paridae_Saxicola_rubicola,8",,
jeantet-dufourq-2023,annomate,zenodo.7828148-v1-640284-3,svl_label,1,"Paridae_Saxicola_rubicola,8",,
jeantet-dufourq-2023,annomate,zenodo.7828148-v1-640284-4,svl_label,1,"Paridae_Saxicola_rubicola,8",,
jeantet-dufourq-2023,annomate,zenodo.7828148-v1-640284-5,svl_label,1,"Paridae_Saxicola_rubicola,8",,
jeantet-dufourq-2023,annomate,zenodo.7828148-v1-640284-6,svl_label,1,"Paridae_Saxicola_rubicola,8",,
jeantet-dufourq-2023,annomate,zenodo.7828148-v1-640284-7,svl_label,1,"Paridae_Saxicola_rubicola,8",,
jeantet-dufourq-2023,annomate,zenodo.7828148-v1-640284-8,svl_label,1,"Paridae_Saxicola_rubicola,8",,
jeantet-dufourq-2023,annomate,zenodo.7828148-v1-640284-9,svl_label,1,"Paridae_Saxicola_rubicola,8",,
jeantet-dufourq-2023,annomate,zenodo.7828148-v1-640284-10,svl_label,1,"Paridae_Saxicola_rubicola,8",,
jeantet-dufourq-2023,annomate,zenodo.7828148-v1-640284-11,svl_label,1,"Paridae_Saxicola_rubicola,8",,
jeantet-dufourq-2023,annomate,zenodo.7828148-v1-640284-12,svl_label,1,"Paridae_Saxicola_rubicola,8",,
jeantet-dufourq-2023,annomate,zenodo.7828148-v1-640284-13,svl_label,1,"Paridae_Saxicola_rubicola,8",,
jeantet-dufourq-2023,annomate,zenodo.7828148-v1-640284-14,svl_label,1,"Paridae_Saxicola_rubicola,8",,
jeantet-dufourq-2023,annomate,zenodo.7828148-v1-640284-15,svl_label,1,"Paridae_Saxicola_rubicola,8",,
jeantet-dufourq-2023,annomate,zenodo.7828148-v1-640284-16,svl_label,1,"Paridae_Saxicola_rubicola,8",,
jeantet-dufourq-2023,annomate,zenodo.7828148-v1-640294-1,svl_label,1,"Paridae_Saxicola_rubicola,9",,
jeantet-dufourq-2023,annomate,zenodo.7828148-v1-640294-2,svl_label,1,"Paridae_Saxicola_rubicola,9",,
jeantet-dufourq-2023,annomate,zenodo.7828148-v1-640294-3,svl_label,1,"Paridae_Saxicola_rubicola,9",,
jeantet-dufourq-2023,annomate,zenodo.7828148-v1-640294-4,svl_label,1,"Paridae_Saxicola_rubicola,9",,
jeantet-dufourq-2023,annomate,zenodo.7828148-v1-640294-5,svl_label,1,"Paridae_Saxicola_rubicola,9",,
jeantet-dufourq-2023,annomate,zenodo.7828148-v1-640294-6,svl_label,1,"Paridae_Saxicola_rubicola,9",,
jeantet-dufourq-2023,annomate,zenodo.7828148-v1-640294-7,svl_label,1,"Paridae_Saxicola_rubicola,9",,
jeantet-dufourq-2023,annomate,zenodo.7828148-v1-640294-8,svl_label,1,"Paridae_Saxicola_rubicola,9",,
jeantet-dufourq-2023,annomate,zenodo.7828148-v1-640294-9,svl_label,1,"Paridae_Saxicola_rubicola,9",,
jeantet-dufourq-2023,annomate,zenodo.7828148-v1-640294-10,svl_label,1,"Paridae_Saxicola_rubicola,9",,
jeantet-dufourq-2023,annomate,zenodo.7828148-v1-640294-11,svl_label,1,"Paridae_Saxicola_rubicola,9",,
jeantet-dufourq-2023,annomate,zenodo.7828148-v1-640294-12,svl_label,1,"Paridae_Saxicola_rubicola,9",,
jeantet-dufourq-2023,annomate,zenodo.7828148-v1-640294-13,svl_label,1,"Paridae_Saxicola_rubicola,9",,
jeantet-dufourq-2023,annomate,zenodo.7828148-v1-640294-14,svl_label,1,"Paridae_Saxicola_rubicola,9",,
jeantet-dufourq-2023,annomate,zenodo.7828148-v1-640294-15,svl_label,1,"Paridae_Saxicola_rubicola,9",,
jeantet-dufourq-2023,annomate,zenodo.7828148-v1-640294-16,svl_label,1,"Paridae_Saxicola_rubicola,9",,
jeantet-dufourq-2023,annomate,zenodo.7828148-v1-640294-17,svl_label,1,"Paridae_Saxicola_rubicola,9",,
jeantet-dufourq-2023,annomate,zenodo.7828148-v1-640294-18,svl_label,1,"Paridae_Saxicola_rubicola,9",,
jeantet-dufourq-2023,annomate,zenodo.7828148-v1-640294-19,svl_label,1,"Paridae_Saxicola_rubicola,9",,
jeantet-dufourq-2023,annomate,zenodo.7828148-v1-640294-20,svl_label,1,"Paridae_Saxicola_rubicola,9",,
jeantet-dufourq-2023,annomate,zenodo.7828148-v1-640294-21,svl_label,1,"Paridae_Saxicola_rubicola,9",,
jeantet-dufourq-2023,annomate,zenodo.7828148-v1-640294-22,svl_label,1,"Paridae_Saxicola_rubicola,9",,
jeantet-dufourq-2023,annomate,zenodo.7828148-v1-640294-23,svl_label,1,"Paridae_Saxicola_rubicola,9",,
jeantet-dufourq-2023,annomate,zenodo.7828148-v1-640294-24,svl_label,1,"Paridae_Saxicola_rubicola,9",,
jeantet-dufourq-2023,annomate,zenodo.7828148-v1-640294-25,svl_label,1,"Paridae_Saxicola_rubicola,9",,
jeantet-dufourq-2023,annomate,zenodo.7828148-v1-640294-26,svl_label,1,"Paridae_Saxicola_rubicola,9",,
jeantet-dufourq-2023,annomate,zenodo.7828148-v1-640294-27,svl_label,1,"Paridae_Saxicola_rubicola,9",,
jeantet-dufourq-2023,annomate,zenodo.7828148-v1-640294-28,svl_label,1,"Paridae_Saxicola_rubicola,9",,
jeantet-dufourq-2023,annomate,zenodo.7828148-v1-640294-29,svl_label,1,"Paridae_Saxicola_rubicola,9",,
jeantet-dufourq-2023,annomate,zenodo.7828148-v1-640294-30,svl_label,1,"Paridae_Saxicola_rubicola,9",,
jeantet-dufourq-2023,annomate,zenodo.7828148-v1-640294-31,svl_label,1,"Paridae_Saxicola_rubicola,9",,
jeantet-dufourq-2023,annomate,zenodo.7828148-v1-640294-32,svl_label,1,"Paridae_Saxicola_rubicola,9",,
jeantet-dufourq-2023,annomate,zenodo.7828148-v1-640294-33,svl_label,1,"Paridae_Saxicola_rubicola,9",,
jeantet-dufourq-2023,annomate,zenodo.7828148-v1-640294-34,svl_label,1,"Paridae_Saxicola_rubicola,9",,
jeantet-dufourq-2023,annomate,zenodo.7828148-v1-640294-35,svl_label,1,"Paridae_Saxicola_rubicola,9",,
jeantet-dufourq-2023,annomate,zenodo.7828148-v1-640294-36,svl_label,1,"Paridae_Saxicola_rubicola,9",,
jeantet-dufourq-2023,annomate,zenodo.7828148-v1-640677-1,svl_label,1,"Paridae_Saxicola_rubicola,9",,
jeantet-dufourq-2023,annomate,zenodo.7828148-v1-640677-2,svl_label,1,"Paridae_Saxicola_rubicola,9",,
jeantet-dufourq-2023,annomate,zenodo.7828148-v1-640677-3,svl_label,1,"Paridae_Saxicola_rubicola,9",,
jeantet-dufourq-2023,annomate,zenodo.7828148-v1-640677-4,svl_label,1,"Paridae_Saxicola_rubicola,9",,
jeantet-dufourq-2023,annomate,zenodo.7828148-v1-640677-5,svl_label,1,"Paridae_Saxicola_rubicola,9",,
jeantet-dufourq-2023,annomate,zenodo.7828148-v1-640677-6,svl_label,1,"Paridae_Saxicola_rubicola,9",,
jeantet-dufourq-2023,annomate,zenodo.7828148-v1-640677-7,svl_label,1,"Paridae_Saxicola_rubicola,9",,
jeantet-dufourq-2023,annomate,zenodo.7828148-v1-640677-8,svl_label,1,"Paridae_Saxicola_rubicola,9",,
jeantet-dufourq-2023,annomate,zenodo.7828148-v1-641797-1,svl_label,1,"Troglodytidae_Troglodytes_troglodytes, 10",,
jeantet-dufourq-2023,annomate,zenodo.7828148-v1-642234-1,svl_label,1,"Troglodytidae_Troglodytes_troglodytes,9",,
jeantet-dufourq-2023,annomate,zenodo.7828148-v1-642234-2,svl_label,1,"Troglodytidae_Troglodytes_troglodytes,9",,
jeantet-dufourq-2023,annomate,zenodo.7828148-v1-642234-3,svl_label,1,"Troglodytidae_Troglodytes_troglodytes,9",,
jeantet-dufourq-2023,annomate,zenodo.7828148-v1-642234-4,svl_label,1,"Troglodytidae_Troglodytes_troglodytes,9",,
jeantet-dufourq-2023,annomate,zenodo.7828148-v1-642234-5,svl_label,1,"Troglodytidae_Troglodytes_troglodytes,9",,
jeantet-dufourq-2023,annomate,zenodo.7828148-v1-642772-1,svl_label,1,"Paridae_Saxicola_rubicola,9",,
jeantet-dufourq-2023,annomate,zenodo.7828148-v1-642772-2,svl_label,1,"Paridae_Saxicola_rubicola,9",,
jeantet-dufourq-2023,annomate,zenodo.7828148-v1-642772-3,svl_label,1,"Paridae_Saxicola_rubicola,9",,
jeantet-dufourq-2023,annomate,zenodo.7828148-v1-642772-4,svl_label,1,"Paridae_Saxicola_rubicola,9",,
jeantet-dufourq-2023,annomate,zenodo.7828148-v1-642772-5,svl_label,1,"Paridae_Saxicola_rubicola,9",,
jeantet-dufourq-2023,annomate,zenodo.7828148-v1-642772-6,svl_label,1,"Paridae_Saxicola_rubicola,9",,
jeantet-dufourq-2023,annomate,zenodo.7828148-v1-642772-7,svl_label,1,"Paridae_Saxicola_rubicola,9",,
jeantet-dufourq-2023,annomate,zenodo.7828148-v1-642772-8,svl_label,1,"Paridae_Saxicola_rubicola,9",,
jeantet-dufourq-2023,annomate,zenodo.7828148-v1-642772-9,svl_label,1,"Paridae_Saxicola_rubicola,9",,
jeantet-dufourq-2023,annomate,zenodo.7828148-v1-642772-10,svl_label,1,"Paridae_Saxicola_rubicola,9",,
jeantet-dufourq-2023,annomate,zenodo.7828148-v1-642772-11,svl_label,1,"Paridae_Saxicola_rubicola,9",,
jeantet-dufourq-2023,annomate,zenodo.7828148-v1-642772-12,svl_label,1,"Paridae_Saxicola_rubicola,9",,
jeantet-dufourq-2023,annomate,zenodo.7828148-v1-642772-13,svl_label,1,"Paridae_Saxicola_rubicola,9",,
jeantet-dufourq-2023,annomate,zenodo.7828148-v1-642772-14,svl_label,1,"Paridae_Saxicola_rubicola,9",,
jeantet-dufourq-2023,annomate,zenodo.7828148-v1-642772-15,svl_label,1,"Paridae_Saxicola_rubicola,9",,
jeantet-dufourq-2023,annomate,zenodo.7828148-v1-642772-16,svl_label,1,"Paridae_Saxicola_rubicola,9",,
jeantet-dufourq-2023,annomate,zenodo.7828148-v1-642772-17,svl_label,1,"Paridae_Saxicola_rubicola,9",,
jeantet-dufourq-2023,annomate,zenodo.7828148-v1-642773-1,svl_label,1,"Paridae_Saxicola_rubicola,9",,
jeantet-dufourq-2023,annomate,zenodo.7828148-v1-642773-2,svl_label,1,"Paridae_Saxicola_rubicola,9",,
jeantet-dufourq-2023,annomate,zenodo.7828148-v1-642773-3,svl_label,1,"Paridae_Saxicola_rubicola,9",,
jeantet-dufourq-2023,annomate,zenodo.7828148-v1-642773-4,svl_label,1,"Paridae_Saxicola_rubicola,9",,
jeantet-dufourq-2023,annomate,zenodo.7828148-v1-642773-5,svl_label,1,"Paridae_Saxicola_rubicola,9",,
jeantet-dufourq-2023,annomate,zenodo.7828148-v1-642773-6,svl_label,1,"Paridae_Saxicola_rubicola,9",,
jeantet-dufourq-2023,annomate,zenodo.7828148-v1-642773-7,svl_label,1,"Paridae_Saxicola_rubicola,9",,
jeantet-dufourq-2023,annomate,zenodo.7828148-v1-642773-8,svl_label,1,"Paridae_Saxicola_rubicola,9",,
jeantet-dufourq-2023,annomate,zenodo.7828148-v1-642773-9,svl_label,1,"Paridae_Saxicola_rubicola,9",,
jeantet-dufourq-2023,annomate,zenodo.7828148-v1-643107-1,svl_label,1,"Troglodytidae_Troglodytes_troglodytes, 10",,
jeantet-dufourq-2023,annomate,zenodo.7828148-v1-643107-2,svl_label,1,"Troglodytidae_Troglodytes_troglodytes, 10",,
jeantet-dufourq-2023,annomate,zenodo.7828148-v1-643107-3,svl_label,1,"Troglodytidae_Troglodytes_troglodytes, 10",,
jeantet-dufourq-2023,annomate,zenodo.7828148-v1-643107-4,svl_label,1,"Troglodytidae_Troglodytes_troglodytes, 10",,
jeantet-dufourq-2023,annomate,zenodo.7828148-v1-643724-1,svl_label,1,"Troglodytidae_Troglodytes_troglodytes,9",,
jeantet-dufourq-2023,annomate,zenodo.7828148-v1-643727-1,svl_label,1,"Paridae_Saxicola_rubicola,9",,
jeantet-dufourq-2023,annomate,zenodo.7828148-v1-643727-2,svl_label,1,"Paridae_Saxicola_rubicola,9",,
jeantet-dufourq-2023,annomate,zenodo.7828148-v1-643727-3,svl_label,1,"Paridae_Saxicola_rubicola,9",,
jeantet-dufourq-2023,annomate,zenodo.7828148-v1-643727-4,svl_label,1,"Paridae_Saxicola_rubicola,9",,
jeantet-dufourq-2023,annomate,zenodo.7828148-v1-643732-1,svl_label,1,"Troglodytidae_Troglodytes_troglodytes,9",,
jeantet-dufourq-2023,annomate,zenodo.7828148-v1-644055-1,svl_label,1,"Paridae_Saxicola_rubicola,9",,
jeantet-dufourq-2023,annomate,zenodo.7828148-v1-644055-2,svl_label,1,"Paridae_Saxicola_rubicola,9",,
jeantet-dufourq-2023,annomate,zenodo.7828148-v1-644055-3,svl_label,1,"Paridae_Saxicola_rubicola,9",,
jeantet-dufourq-2023,annomate,zenodo.7828148-v1-644055-4,svl_label,1,"Paridae_Saxicola_rubicola,9",,
jeantet-dufourq-2023,annomate,zenodo.7828148-v1-644055-5,svl_label,1,"Paridae_Saxicola_rubicola,9",,
jeantet-dufourq-2023,annomate,zenodo.7828148-v1-644055-6,svl_label,1,"Paridae_Saxicola_rubicola,9",,
jeantet-dufourq-2023,annomate,zenodo.7828148-v1-644055-7,svl_label,1,"Paridae_Saxicola_rubicola,9",,
jeantet-dufourq-2023,annomate,zenodo.7828148-v1-644055-8,svl_label,1,"Paridae_Saxicola_rubicola,9",,
jeantet-dufourq-2023,annomate,zenodo.7828148-v1-644055-9,svl_label,1,"Paridae_Saxicola_rubicola,9",,
jeantet-dufourq-2023,annomate,zenodo.7828148-v1-644055-10,svl_label,1,"Paridae_Saxicola_rubicola,9",,
jeantet-dufourq-2023,annomate,zenodo.7828148-v1-644056-1,svl_label,1,"Paridae_Saxicola_rubicola,9",,
jeantet-dufourq-2023,annomate,zenodo.7828148-v1-644056-2,svl_label,1,"Paridae_Saxicola_rubicola,9",,
jeantet-dufourq-2023,annomate,zenodo.7828148-v1-644420-1,svl_label,1,"Troglodytidae_Troglodytes_troglodytes, 10",,
jeantet-dufourq-2023,annomate,zenodo.7828148-v1-644420-2,svl_label,1,"Troglodytidae_Troglodytes_troglodytes, 10",,
jeantet-dufourq-2023,annomate,zenodo.7828148-v1-644420-3,svl_label,1,"Troglodytidae_Troglodytes_troglodytes, 10",,
jeantet-dufourq-2023,annomate,zenodo.7828148-v1-644420-4,svl_label,1,"Troglodytidae_Troglodytes_troglodytes, 10",,
jeantet-dufourq-2023,annomate,zenodo.7828148-v1-644452-1,svl_label,1,"Paridae_Saxicola_rubicola,9",,
jeantet-dufourq-2023,annomate,zenodo.7828148-v1-644452-2,svl_label,1,"Paridae_Saxicola_rubicola,9",,
jeantet-dufourq-2023,annomate,zenodo.7828148-v1-644452-3,svl_label,1,"Paridae_Saxicola_rubicola,9",,
jeantet-dufourq-2023,annomate,zenodo.7828148-v1-644452-4,svl_label,1,"Paridae_Saxicola_rubicola,9",,
jeantet-dufourq-2023,annomate,zenodo.7828148-v1-644452-5,svl_label,1,"Paridae_Saxicola_rubicola,9",,
jeantet-dufourq-2023,annomate,zenodo.7828148-v1-644452-6,svl_label,1,"Paridae_Saxicola_rubicola,9",,
jeantet-dufourq-2023,annomate,zenodo.7828148-v1-644452-7,svl_label,1,"Paridae_Saxicola_rubicola,9",,
jeantet-dufourq-2023,annomate,zenodo.7828148-v1-644452-8,svl_label,1,"Paridae_Saxicola_rubicola,9",,
jeantet-dufourq-2023,annomate,zenodo.7828148-v1-644452-9,svl_label,1,"Paridae_Saxicola_rubicola,9",,
jeantet-dufourq-2023,annomate,zenodo.7828148-v1-644452-10,svl_label,1,"Paridae_Saxicola_rubicola,9",,
jeantet-dufourq-2023,annomate,zenodo.7828148-v1-644452-11,svl_label,1,"Paridae_Saxicola_rubicola,9",,
jeantet-dufourq-2023,annomate,zenodo.7828148-v1-644452-12,svl_label,1,"Paridae_Saxicola_rubicola,9",,
jeantet-dufourq-2023,annomate,zenodo.7828148-v1-645421-1,svl_label,1,"Paridae_Saxicola_rubicola,9",,
jeantet-dufourq-2023,annomate,zenodo.7828148-v1-645421-2,svl_label,1,"Paridae_Saxicola_rubicola,9",,
jeantet-dufourq-2023,annomate,zenodo.7828148-v1-645421-3,svl_label,1,"Paridae_Saxicola_rubicola,9",,
jeantet-dufourq-2023,annomate,zenodo.7828148-v1-645421-4,svl_label,1,"Paridae_Saxicola_rubicola,9",,
jeantet-dufourq-2023,annomate,zenodo.7828148-v1-645421-5,svl_label,1,"Paridae_Saxicola_rubicola,9",,
jeantet-dufourq-2023,annomate,zenodo.7828148-v1-645421-6,svl_label,1,"Paridae_Saxicola_rubicola,9",,
jeantet-dufourq-2023,annomate,zenodo.7828148-v1-646091-1,svl_label,1,"Troglodytidae_Troglodytes_hiemalis,9",,
jeantet-dufourq-2023,annomate,zenodo.7828148-v1-646091-2,svl_label,1,"Troglodytidae_Troglodytes_hiemalis,9",,
jeantet-dufourq-2023,annomate,zenodo.7828148-v1-646887-1,svl_label,1,"Troglodytidae_Troglodytes_troglodytes,9",,
jeantet-dufourq-2023,annomate,zenodo.7828148-v1-646887-2,svl_label,1,"Troglodytidae_Troglodytes_troglodytes,9",,
jeantet-dufourq-2023,annomate,zenodo.7828148-v1-646887-3,svl_label,1,"Troglodytidae_Troglodytes_troglodytes,9",,
jeantet-dufourq-2023,annomate,zenodo.7828148-v1-646887-4,svl_label,1,"Troglodytidae_Troglodytes_troglodytes,9",,
jeantet-dufourq-2023,annomate,zenodo.7828148-v1-646887-5,svl_label,1,"Troglodytidae_Troglodytes_troglodytes,9",,
jeantet-dufourq-2023,annomate,zenodo.7828148-v1-646887-6,svl_label,1,"Troglodytidae_Troglodytes_troglodytes,9",,
jeantet-dufourq-2023,annomate,zenodo.7828148-v1-646887-7,svl_label,1,"Troglodytidae_Troglodytes_troglodytes,9",,
jeantet-dufourq-2023,annomate,zenodo.7828148-v1-647777-1,svl_label,1,"Troglodytidae_Troglodytes_troglodytes,9",,
jeantet-dufourq-2023,annomate,zenodo.7828148-v1-647779-1,svl_label,1,"Troglodytidae_Troglodytes_troglodytes,9",,
jeantet-dufourq-2023,annomate,zenodo.7828148-v1-647779-2,svl_label,1,"Troglodytidae_Troglodytes_troglodytes,9",,
jeantet-dufourq-2023,annomate,zenodo.7828148-v1-647779-3,svl_label,1,"Troglodytidae_Troglodytes_troglodytes,9",,
jeantet-dufourq-2023,annomate,zenodo.7828148-v1-647779-4,svl_label,1,"Troglodytidae_Troglodytes_troglodytes,9",,
jeantet-dufourq-2023,annomate,zenodo.7828148-v1-647779-5,svl_label,1,"Troglodytidae_Troglodytes_troglodytes,9",,
jeantet-dufourq-2023,annomate,zenodo.7828148-v1-647779-6,svl_label,1,"Troglodytidae_Troglodytes_troglodytes,9",,
jeantet-dufourq-2023,annomate,zenodo.7828148-v1-647927-1,svl_label,1,"Paridae_Saxicola_rubicola,9",,
jeantet-dufourq-2023,annomate,zenodo.7828148-v1-647927-2,svl_label,1,"Paridae_Saxicola_rubicola,9",,
jeantet-dufourq-2023,annomate,zenodo.7828148-v1-647927-3,svl_label,1,"Paridae_Saxicola_rubicola,9",,
jeantet-dufourq-2023,annomate,zenodo.7828148-v1-647927-4,svl_label,1,"Paridae_Saxicola_rubicola,9",,
jeantet-dufourq-2023,annomate,zenodo.7828148-v1-647927-5,svl_label,1,"Paridae_Saxicola_rubicola,9",,
jeantet-dufourq-2023,annomate,zenodo.7828148-v1-647927-6,svl_label,1,"Paridae_Saxicola_rubicola,9",,
jeantet-dufourq-2023,annomate,zenodo.7828148-v1-647927-7,svl_label,1,"Paridae_Saxicola_rubicola,9",,
jeantet-dufourq-2023,annomate,zenodo.7828148-v1-647927-8,svl_label,1,"Paridae_Saxicola_rubicola,9",,
jeantet-dufourq-2023,annomate,zenodo.7828148-v1-647927-9,svl_label,1,"Paridae_Saxicola_rubicola,9",,
jeantet-dufourq-2023,annomate,zenodo.7828148-v1-647927-10,svl_label,1,"Paridae_Saxicola_rubicola,9",,
jeantet-dufourq-2023,annomate,zenodo.7828148-v1-648316-1,svl_label,1,"Paridae_Saxicola_rubetra,9",,
jeantet-dufourq-2023,annomate,zenodo.7828148-v1-648316-2,svl_label,1,"Paridae_Saxicola_rubetra,9",,
jeantet-dufourq-2023,annomate,zenodo.7828148-v1-648316-3,svl_label,1,"Paridae_Saxicola_rubetra,9",,
jeantet-dufourq-2023,annomate,zenodo.7828148-v1-648316-4,svl_label,1,"Paridae_Saxicola_rubetra,9",,
jeantet-dufourq-2023,annomate,zenodo.7828148-v1-648316-5,svl_label,1,"Paridae_Saxicola_rubetra,9",,
jeantet-dufourq-2023,annomate,zenodo.7828148-v1-648316-6,svl_label,1,"Paridae_Saxicola_rubetra,9",,
jeantet-dufourq-2023,annomate,zenodo.7828148-v1-648316-7,svl_label,1,"Paridae_Saxicola_rubetra,9",,
jeantet-dufourq-2023,annomate,zenodo.7828148-v1-648316-8,svl_label,1,"Paridae_Saxicola_rubetra,9",,
jeantet-dufourq-2023,annomate,zenodo.7828148-v1-648316-9,svl_label,1,"Paridae_Saxicola_rubetra,9",,
jeantet-dufourq-2023,annomate,zenodo.7828148-v1-648316-10,svl_label,1,"Paridae_Saxicola_rubetra,9",,
jeantet-dufourq-2023,annomate,zenodo.7828148-v1-648316-11,svl_label,1,"Paridae_Saxicola_rubetra,9",,
jeantet-dufourq-2023,annomate,zenodo.7828148-v1-648316-12,svl_label,1,"Paridae_Saxicola_rubetra,9",,
jeantet-dufourq-2023,annomate,zenodo.7828148-v1-648316-13,svl_label,1,"Paridae_Saxicola_rubetra,9",,
jeantet-dufourq-2023,annomate,zenodo.7828148-v1-648316-14,svl_label,1,"Paridae_Saxicola_rubetra,9",,
jeantet-dufourq-2023,annomate,zenodo.7828148-v1-648316-15,svl_label,1,"Paridae_Saxicola_rubetra,9",,
jeantet-dufourq-2023,annomate,zenodo.7828148-v1-648316-16,svl_label,1,"Paridae_Saxicola_rubetra,9",,
jeantet-dufourq-2023,annomate,zenodo.7828148-v1-648316-17,svl_label,1,"Paridae_Saxicola_rubetra,9",,
jeantet-dufourq-2023,annomate,zenodo.7828148-v1-648316-18,svl_label,1,"Paridae_Saxicola_rubetra,9",,
jeantet-dufourq-2023,annomate,zenodo.7828148-v1-648316-19,svl_label,1,"Paridae_Saxicola_rubetra,9",,
jeantet-dufourq-2023,annomate,zenodo.7828148-v1-648316-20,svl_label,1,"Paridae_Saxicola_rubetra,9",,
jeantet-dufourq-2023,annomate,zenodo.7828148-v1-648316-21,svl_label,1,"Paridae_Saxicola_rubetra,9",,
jeantet-dufourq-2023,annomate,zenodo.7828148-v1-648316-22,svl_label,1,"Paridae_Saxicola_rubetra,9",,
jeantet-dufourq-2023,annomate,zenodo.7828148-v1-648316-23,svl_label,1,"Paridae_Saxicola_rubetra,9",,
jeantet-dufourq-2023,annomate,zenodo.7828148-v1-648316-24,svl_label,1,"Paridae_Saxicola_rubetra,9",,
jeantet-dufourq-2023,annomate,zenodo.7828148-v1-648316-25,svl_label,1,"Paridae_Saxicola_rubetra,9",,
jeantet-dufourq-2023,annomate,zenodo.7828148-v1-648316-26,svl_label,1,"Paridae_Saxicola_rubetra,9",,
jeantet-dufourq-2023,annomate,zenodo.7828148-v1-648317-1,svl_label,1,"Paridae_Saxicola_rubetra,9",,
jeantet-dufourq-2023,annomate,zenodo.7828148-v1-648317-2,svl_label,1,"Paridae_Saxicola_rubetra,9",,
jeantet-dufourq-2023,annomate,zenodo.7828148-v1-648317-3,svl_label,1,"Paridae_Saxicola_rubetra,9",,
jeantet-dufourq-2023,annomate,zenodo.7828148-v1-648317-4,svl_label,1,"Paridae_Saxicola_rubetra,9",,
jeantet-dufourq-2023,annomate,zenodo.7828148-v1-648317-5,svl_label,1,"Paridae_Saxicola_rubetra,9",,
jeantet-dufourq-2023,annomate,zenodo.7828148-v1-648318-1,svl_label,1,"Paridae_Saxicola_rubicola,9",,
jeantet-dufourq-2023,annomate,zenodo.7828148-v1-648318-2,svl_label,1,"Paridae_Saxicola_rubicola,9",,
jeantet-dufourq-2023,annomate,zenodo.7828148-v1-648318-3,svl_label,1,"Paridae_Saxicola_rubicola,9",,
jeantet-dufourq-2023,annomate,zenodo.7828148-v1-648318-4,svl_label,1,"Paridae_Saxicola_rubicola,9",,
jeantet-dufourq-2023,annomate,zenodo.7828148-v1-648318-5,svl_label,1,"Paridae_Saxicola_rubicola,9",,
jeantet-dufourq-2023,annomate,zenodo.7828148-v1-648318-6,svl_label,1,"Paridae_Saxicola_rubicola,9",,
jeantet-dufourq-2023,annomate,zenodo.7828148-v1-648318-7,svl_label,1,"Paridae_Saxicola_rubicola,9",,
jeantet-dufourq-2023,annomate,zenodo.7828148-v1-648318-8,svl_label,1,"Paridae_Saxicola_rubicola,9",,
jeantet-dufourq-2023,annomate,zenodo.7828148-v1-648318-9,svl_label,1,"Paridae_Saxicola_rubicola,9",,
jeantet-dufourq-2023,annomate,zenodo.7828148-v1-648319-1,svl_label,1,"Paridae_Saxicola_rubicola,9",,
jeantet-dufourq-2023,annomate,zenodo.7828148-v1-648319-2,svl_label,1,"Paridae_Saxicola_rubicola,9",,
jeantet-dufourq-2023,annomate,zenodo.7828148-v1-648319-3,svl_label,1,"Paridae_Saxicola_rubicola,9",,
jeantet-dufourq-2023,annomate,zenodo.7828148-v1-648351-1,svl_label,1,"Troglodytidae_Troglodytes_troglodytes,9",,
jeantet-dufourq-2023,annomate,zenodo.7828148-v1-648351-2,svl_label,1,"Troglodytidae_Troglodytes_troglodytes,9",,
jeantet-dufourq-2023,annomate,zenodo.7828148-v1-648351-3,svl_label,1,"Troglodytidae_Troglodytes_troglodytes,9",,
jeantet-dufourq-2023,annomate,zenodo.7828148-v1-648351-4,svl_label,1,"Troglodytidae_Troglodytes_troglodytes,9",,
jeantet-dufourq-2023,annomate,zenodo.7828148-v1-648351-5,svl_label,1,"Troglodytidae_Troglodytes_troglodytes,9",,
jeantet-dufourq-2023,annomate,zenodo.7828148-v1-648351-6,svl_label,1,"Troglodytidae_Troglodytes_troglodytes,9",,
jeantet-dufourq-2023,annomate,zenodo.7828148-v1-648351-7,svl_label,1,"Troglodytidae_Troglodytes_troglodytes,9",,
jeantet-dufourq-2023,annomate,zenodo.7828148-v1-648392-1,svl_label,1,"Troglodytidae_Troglodytes_troglodytes,9",,
jeantet-dufourq-2023,annomate,zenodo.7828148-v1-648393-1,svl_label,1,"Troglodytidae_Troglodytes_troglodytes,9",,
jeantet-dufourq-2023,annomate,zenodo.7828148-v1-648393-2,svl_label,1,"Troglodytidae_Troglodytes_troglodytes,9",,
jeantet-dufourq-2023,annomate,zenodo.7828148-v1-648393-3,svl_label,1,"Troglodytidae_Troglodytes_troglodytes,9",,
jeantet-dufourq-2023,annomate,zenodo.7828148-v1-648394-1,svl_label,1,"Troglodytidae_Troglodytes_troglodytes,9",,
jeantet-dufourq-2023,annomate,zenodo.7828148-v1-648395-1,svl_label,1,"Troglodytidae_Troglodytes_troglodytes,9",,
jeantet-dufourq-2023,annomate,zenodo.7828148-v1-648395-2,svl_label,1,"Troglodytidae_Troglodytes_troglodytes,9",,
jeantet-dufourq-2023,annomate,zenodo.7828148-v1-648422-1,svl_label,1,"Troglodytidae_Troglodytes_troglodytes,9",,
jeantet-dufourq-2023,annomate,zenodo.7828148-v1-648422-2,svl_label,1,"Troglodytidae_Troglodytes_troglodytes,9",,
jeantet-dufourq-2023,annomate,zenodo.7828148-v1-648422-3,svl_label,1,"Troglodytidae_Troglodytes_troglodytes,9",,
jeantet-dufourq-2023,annomate,zenodo.7828148-v1-648422-4,svl_label,1,"Troglodytidae_Troglodytes_troglodytes,9",,
jeantet-dufourq-2023,annomate,zenodo.7828148-v1-648422-5,svl_label,1,"Troglodytidae_Troglodytes_troglodytes,9",,
jeantet-dufourq-2023,annomate,zenodo.7828148-v1-648469-1,svl_label,1,"Troglodytidae_Troglodytes_troglodytes,9",,
jeantet-dufourq-2023,annomate,zenodo.7828148-v1-648469-2,svl_label,1,"Troglodytidae_Troglodytes_troglodytes,9",,
jeantet-dufourq-2023,annomate,zenodo.7828148-v1-648469-3,svl_label,1,"Troglodytidae_Troglodytes_troglodytes,9",,
jeantet-dufourq-2023,annomate,zenodo.7828148-v1-648469-4,svl_label,1,"Troglodytidae_Troglodytes_troglodytes,9",,
jeantet-dufourq-2023,annomate,zenodo.7828148-v1-648581-1,svl_label,1,"Troglodytidae_Troglodytes_troglodytes,9",,
jeantet-dufourq-2023,annomate,zenodo.7828148-v1-648581-2,svl_label,1,"Troglodytidae_Troglodytes_troglodytes,9",,
jeantet-dufourq-2023,annomate,zenodo.7828148-v1-648581-3,svl_label,1,"Troglodytidae_Troglodytes_troglodytes,9",,
jeantet-dufourq-2023,annomate,zenodo.7828148-v1-648581-4,svl_label,1,"Troglodytidae_Troglodytes_troglodytes,9",,
jeantet-dufourq-2023,annomate,zenodo.7828148-v1-648581-5,svl_label,1,"Troglodytidae_Troglodytes_troglodytes,9",,
jeantet-dufourq-2023,annomate,zenodo.7828148-v1-648581-6,svl_label,1,"Troglodytidae_Troglodytes_troglodytes,9",,
jeantet-dufourq-2023,annomate,zenodo.7828148-v1-648581-7,svl_label,1,"Troglodytidae_Troglodytes_troglodytes,9",,
jeantet-dufourq-2023,annomate,zenodo.7828148-v1-648581-8,svl_label,1,"Troglodytidae_Troglodytes_troglodytes,9",,
jeantet-dufourq-2023,annomate,zenodo.7828148-v1-648581-9,svl_label,1,"Troglodytidae_Troglodytes_troglodytes,9",,
jeantet-dufourq-2023,annomate,zenodo.7828148-v1-648581-10,svl_label,1,"Troglodytidae_Troglodytes_troglodytes,9",,
jeantet-dufourq-2023,annomate,zenodo.7828148-v1-648581-11,svl_label,1,"Troglodytidae_Troglodytes_troglodytes,9",,
jeantet-dufourq-2023,annomate,zenodo.7828148-v1-648581-12,svl_label,1,"Troglodytidae_Troglodytes_troglodytes,9",,
jeantet-dufourq-2023,annomate,zenodo.7828148-v1-648581-13,svl_label,1,"Troglodytidae_Troglodytes_troglodytes,9",,
jeantet-dufourq-2023,annomate,zenodo.7828148-v1-648582-1,svl_label,1,"Troglodytidae_Troglodytes_troglodytes,9",,
jeantet-dufourq-2023,annomate,zenodo.7828148-v1-648582-2,svl_label,1,"Troglodytidae_Troglodytes_troglodytes,9",,
jeantet-dufourq-2023,annomate,zenodo.7828148-v1-648582-3,svl_label,1,"Troglodytidae_Troglodytes_troglodytes,9",,
jeantet-dufourq-2023,annomate,zenodo.7828148-v1-648582-4,svl_label,1,"Troglodytidae_Troglodytes_troglodytes,9",,
jeantet-dufourq-2023,annomate,zenodo.7828148-v1-648855-1,svl_label,1,"Paridae_Saxicola_rubetra,9",,
jeantet-dufourq-2023,annomate,zenodo.7828148-v1-648855-2,svl_label,1,"Paridae_Saxicola_rubetra,9",,
jeantet-dufourq-2023,annomate,zenodo.7828148-v1-648855-3,svl_label,1,"Paridae_Saxicola_rubetra,9",,
jeantet-dufourq-2023,annomate,zenodo.7828148-v1-648855-4,svl_label,1,"Paridae_Saxicola_rubetra,9",,
jeantet-dufourq-2023,annomate,zenodo.7828148-v1-648855-5,svl_label,1,"Paridae_Saxicola_rubetra,9",,
jeantet-dufourq-2023,annomate,zenodo.7828148-v1-649620-1,svl_label,1,"Troglodytidae_Troglodytes_troglodytes,9",,
jeantet-dufourq-2023,annomate,zenodo.7828148-v1-650252-1,svl_label,1,"Troglodytidae_Troglodytes_troglodytes,9",,
jeantet-dufourq-2023,annomate,zenodo.7828148-v1-650252-2,svl_label,1,"Troglodytidae_Troglodytes_troglodytes,9",,
jeantet-dufourq-2023,annomate,zenodo.7828148-v1-650252-3,svl_label,1,"Troglodytidae_Troglodytes_troglodytes,9",,
jeantet-dufourq-2023,annomate,zenodo.7828148-v1-650252-4,svl_label,1,"Troglodytidae_Troglodytes_troglodytes,9",,
jeantet-dufourq-2023,annomate,zenodo.7828148-v1-650252-5,svl_label,1,"Troglodytidae_Troglodytes_troglodytes,9",,
jeantet-dufourq-2023,annomate,zenodo.7828148-v1-650252-6,svl_label,1,"Troglodytidae_Troglodytes_troglodytes,9",,
jeantet-dufourq-2023,annomate,zenodo.7828148-v1-650252-7,svl_label,1,"Troglodytidae_Troglodytes_troglodytes,9",,
jeantet-dufourq-2023,annomate,zenodo.7828148-v1-650610-1,svl_label,1,"Paridae_Saxicola_rubicola,9",,
jeantet-dufourq-2023,annomate,zenodo.7828148-v1-650610-2,svl_label,1,"Paridae_Saxicola_rubicola,9",,
jeantet-dufourq-2023,annomate,zenodo.7828148-v1-650610-3,svl_label,1,"Paridae_Saxicola_rubicola,9",,
jeantet-dufourq-2023,annomate,zenodo.7828148-v1-650715-1,svl_label,1,"Fringillidae_Serinus_serinus,9",,
jeantet-dufourq-2023,annomate,zenodo.7828148-v1-650715-2,svl_label,1,"Fringillidae_Serinus_serinus,9",,
jeantet-dufourq-2023,annomate,zenodo.7828148-v1-650715-3,svl_label,1,"Fringillidae_Serinus_serinus,9",,
jeantet-dufourq-2023,annomate,zenodo.7828148-v1-650894-1,svl_label,1,"Troglodytidae_Troglodytes_troglodytes,8",,
jeantet-dufourq-2023,annomate,zenodo.7828148-v1-650894-2,svl_label,1,"Troglodytidae_Troglodytes_troglodytes,8",,
jeantet-dufourq-2023,annomate,zenodo.7828148-v1-650894-3,svl_label,1,"Troglodytidae_Troglodytes_troglodytes,8",,
jeantet-dufourq-2023,annomate,zenodo.7828148-v1-650894-4,svl_label,1,"Troglodytidae_Troglodytes_troglodytes,8",,
jeantet-dufourq-2023,annomate,zenodo.7828148-v1-652166-1,svl_label,1,"Paridae_Saxicola_torquatus,9",,
jeantet-dufourq-2023,annomate,zenodo.7828148-v1-652166-2,svl_label,1,"Paridae_Saxicola_torquatus,9",,
jeantet-dufourq-2023,annomate,zenodo.7828148-v1-652171-1,svl_label,1,"Paridae_Saxicola_torquatus,9",,
jeantet-dufourq-2023,annomate,zenodo.7828148-v1-652171-2,svl_label,1,"Paridae_Saxicola_torquatus,9",,
jeantet-dufourq-2023,annomate,zenodo.7828148-v1-652947-1,svl_label,1,"Troglodytidae_Troglodytes_troglodytes, 10",,
jeantet-dufourq-2023,annomate,zenodo.7828148-v1-653051-1,svl_label,1,"Troglodytidae_Troglodytes_troglodytes,9",,
jeantet-dufourq-2023,annomate,zenodo.7828148-v1-653199-1,svl_label,1,"Turdidae_Catharus_aurantiirostris,9",,
jeantet-dufourq-2023,annomate,zenodo.7828148-v1-653199-2,svl_label,1,"Turdidae_Catharus_aurantiirostris,9",,
jeantet-dufourq-2023,annomate,zenodo.7828148-v1-653199-3,svl_label,1,"Turdidae_Catharus_aurantiirostris,9",,
jeantet-dufourq-2023,annomate,zenodo.7828148-v1-653199-4,svl_label,1,"Turdidae_Catharus_aurantiirostris,9",,
jeantet-dufourq-2023,annomate,zenodo.7828148-v1-655190-1,svl_label,1,"Troglodytidae_Troglodytes_troglodytes,9",,
jeantet-dufourq-2023,annomate,zenodo.7828148-v1-655190-2,svl_label,1,"Troglodytidae_Troglodytes_troglodytes,9",,
jeantet-dufourq-2023,annomate,zenodo.7828148-v1-655190-3,svl_label,1,"Troglodytidae_Troglodytes_troglodytes,9",,
jeantet-dufourq-2023,annomate,zenodo.7828148-v1-655190-4,svl_label,1,"Troglodytidae_Troglodytes_troglodytes,9",,
jeantet-dufourq-2023,annomate,zenodo.7828148-v1-655190-5,svl_label,1,"Troglodytidae_Troglodytes_troglodytes,9",,
jeantet-dufourq-2023,annomate,zenodo.7828148-v1-655190-6,svl_label,1,"Troglodytidae_Troglodytes_troglodytes,9",,
jeantet-dufourq-2023,annomate,zenodo.7828148-v1-655190-7,svl_label,1,"Troglodytidae_Troglodytes_troglodytes,9",,
jeantet-dufourq-2023,annomate,zenodo.7828148-v1-655945-1,svl_label,1,"Paridae_Saxicola_rubicola,9",,
jeantet-dufourq-2023,annomate,zenodo.7828148-v1-655945-2,svl_label,1,"Paridae_Saxicola_rubicola,9",,
jeantet-dufourq-2023,annomate,zenodo.7828148-v1-655945-3,svl_label,1,"Paridae_Saxicola_rubicola,9",,
jeantet-dufourq-2023,annomate,zenodo.7828148-v1-655945-4,svl_label,1,"Paridae_Saxicola_rubicola,9",,
jeantet-dufourq-2023,annomate,zenodo.7828148-v1-655945-5,svl_label,1,"Paridae_Saxicola_rubicola,9",,
jeantet-dufourq-2023,annomate,zenodo.7828148-v1-655945-6,svl_label,1,"Paridae_Saxicola_rubicola,9",,
jeantet-dufourq-2023,annomate,zenodo.7828148-v1-655945-7,svl_label,1,"Paridae_Saxicola_rubicola,9",,
jeantet-dufourq-2023,annomate,zenodo.7828148-v1-655945-8,svl_label,1,"Paridae_Saxicola_rubicola,9",,
jeantet-dufourq-2023,annomate,zenodo.7828148-v1-655945-9,svl_label,1,"Paridae_Saxicola_rubicola,9",,
jeantet-dufourq-2023,annomate,zenodo.7828148-v1-655945-10,svl_label,1,"Paridae_Saxicola_rubicola,9",,
jeantet-dufourq-2023,annomate,zenodo.7828148-v1-655945-11,svl_label,1,"Paridae_Saxicola_rubicola,9",,
jeantet-dufourq-2023,annomate,zenodo.7828148-v1-655945-12,svl_label,1,"Paridae_Saxicola_rubicola,9",,
jeantet-dufourq-2023,annomate,zenodo.7828148-v1-657257-1,svl_label,1,"Fringillidae_Serinus_serinus,9",,
jeantet-dufourq-2023,annomate,zenodo.7828148-v1-657257-2,svl_label,1,"Fringillidae_Serinus_serinus,9",,
jeantet-dufourq-2023,annomate,zenodo.7828148-v1-657257-3,svl_label,1,"Fringillidae_Serinus_serinus,9",,
jeantet-dufourq-2023,annomate,zenodo.7828148-v1-657257-4,svl_label,1,"Fringillidae_Serinus_serinus,9",,
jeantet-dufourq-2023,annomate,zenodo.7828148-v1-657257-5,svl_label,1,"Fringillidae_Serinus_serinus,9",,
jeantet-dufourq-2023,annomate,zenodo.7828148-v1-657305-1,svl_label,1,"Troglodytidae_Troglodytes_troglodytes,9",,
jeantet-dufourq-2023,annomate,zenodo.7828148-v1-657305-2,svl_label,1,"Troglodytidae_Troglodytes_troglodytes,9",,
jeantet-dufourq-2023,annomate,zenodo.7828148-v1-657305-3,svl_label,1,"Troglodytidae_Troglodytes_troglodytes,9",,
jeantet-dufourq-2023,annomate,zenodo.7828148-v1-657305-4,svl_label,1,"Troglodytidae_Troglodytes_troglodytes,9",,
jeantet-dufourq-2023,annomate,zenodo.7828148-v1-657305-5,svl_label,1,"Troglodytidae_Troglodytes_troglodytes,9",,
jeantet-dufourq-2023,annomate,zenodo.7828148-v1-658650-1,svl_label,1,"Paridae_Saxicola_rubetra,9",,
jeantet-dufourq-2023,annomate,zenodo.7828148-v1-658650-2,svl_label,1,"Paridae_Saxicola_rubetra,9",,
jeantet-dufourq-2023,annomate,zenodo.7828148-v1-658650-3,svl_label,1,"Paridae_Saxicola_rubetra,9",,
jeantet-dufourq-2023,annomate,zenodo.7828148-v1-658650-4,svl_label,1,"Paridae_Saxicola_rubetra,9",,
jeantet-dufourq-2023,annomate,zenodo.7828148-v1-658650-5,svl_label,1,"Paridae_Saxicola_rubetra,9",,
jeantet-dufourq-2023,annomate,zenodo.7828148-v1-658650-6,svl_label,1,"Paridae_Saxicola_rubetra,9",,
jeantet-dufourq-2023,annomate,zenodo.7828148-v1-658650-7,svl_label,1,"Paridae_Saxicola_rubetra,9",,
jeantet-dufourq-2023,annomate,zenodo.7828148-v1-658650-8,svl_label,1,"Paridae_Saxicola_rubetra,9",,
jeantet-dufourq-2023,annomate,zenodo.7828148-v1-658650-9,svl_label,1,"Paridae_Saxicola_rubetra,9",,
jeantet-dufourq-2023,annomate,zenodo.7828148-v1-658650-10,svl_label,1,"Paridae_Saxicola_rubetra,9",,
jeantet-dufourq-2023,annomate,zenodo.7828148-v1-658650-11,svl_label,1,"Paridae_Saxicola_rubetra,9",,
jeantet-dufourq-2023,annomate,zenodo.7828148-v1-658650-12,svl_label,1,"Paridae_Saxicola_rubetra,9",,
jeantet-dufourq-2023,annomate,zenodo.7828148-v1-658650-13,svl_label,1,"Paridae_Saxicola_rubetra,9",,
jeantet-dufourq-2023,annomate,zenodo.7828148-v1-658650-14,svl_label,1,"Paridae_Saxicola_rubetra,9",,
jeantet-dufourq-2023,annomate,zenodo.7828148-v1-658650-15,svl_label,1,"Paridae_Saxicola_rubetra,9",,
jeantet-dufourq-2023,annomate,zenodo.7828148-v1-658650-16,svl_label,1,"Paridae_Saxicola_rubetra,9",,
jeantet-dufourq-2023,annomate,zenodo.7828148-v1-658650-17,svl_label,1,"Paridae_Saxicola_rubetra,9",,
jeantet-dufourq-2023,annomate,zenodo.7828148-v1-658650-18,svl_label,1,"Paridae_Saxicola_rubetra,9",,
jeantet-dufourq-2023,annomate,zenodo.7828148-v1-658650-19,svl_label,1,"Paridae_Saxicola_rubetra,9",,
jeantet-dufourq-2023,annomate,zenodo.7828148-v1-658650-20,svl_label,1,"Paridae_Saxicola_rubetra,9",,
jeantet-dufourq-2023,annomate,zenodo.7828148-v1-658650-21,svl_label,1,"Paridae_Saxicola_rubetra,9",,
jeantet-dufourq-2023,annomate,zenodo.7828148-v1-658650-22,svl_label,1,"Paridae_Saxicola_rubetra,9",,
jeantet-dufourq-2023,annomate,zenodo.7828148-v1-658650-23,svl_label,1,"Paridae_Saxicola_rubetra,9",,
jeantet-dufourq-2023,annomate,zenodo.7828148-v1-658650-24,svl_label,1,"Paridae_Saxicola_rubetra,9",,
jeantet-dufourq-2023,annomate,zenodo.7828148-v1-658650-25,svl_label,1,"Paridae_Saxicola_rubetra,9",,
jeantet-dufourq-2023,annomate,zenodo.7828148-v1-658650-26,svl_label,1,"Paridae_Saxicola_rubetra,9",,
jeantet-dufourq-2023,annomate,zenodo.7828148-v1-658650-27,svl_label,1,"Paridae_Saxicola_rubetra,9",,
jeantet-dufourq-2023,annomate,zenodo.7828148-v1-658650-28,svl_label,1,"Paridae_Saxicola_rubetra,9",,
jeantet-dufourq-2023,annomate,zenodo.7828148-v1-658650-29,svl_label,1,"Paridae_Saxicola_rubetra,9",,
jeantet-dufourq-2023,annomate,zenodo.7828148-v1-658650-30,svl_label,1,"Paridae_Saxicola_rubetra,9",,
jeantet-dufourq-2023,annomate,zenodo.7828148-v1-658650-31,svl_label,1,"Paridae_Saxicola_rubetra,9",,
jeantet-dufourq-2023,annomate,zenodo.7828148-v1-658650-32,svl_label,1,"Paridae_Saxicola_rubetra,9",,
jeantet-dufourq-2023,annomate,zenodo.7828148-v1-658650-33,svl_label,1,"Paridae_Saxicola_rubetra,9",,
jeantet-dufourq-2023,annomate,zenodo.7828148-v1-658650-34,svl_label,1,"Paridae_Saxicola_rubetra,9",,
jeantet-dufourq-2023,annomate,zenodo.7828148-v1-658650-35,svl_label,1,"Paridae_Saxicola_rubetra,9",,
jeantet-dufourq-2023,annomate,zenodo.7828148-v1-658650-36,svl_label,1,"Paridae_Saxicola_rubetra,9",,
jeantet-dufourq-2023,annomate,zenodo.7828148-v1-658650-37,svl_label,1,"Paridae_Saxicola_rubetra,9",,
jeantet-dufourq-2023,annomate,zenodo.7828148-v1-658650-38,svl_label,1,"Paridae_Saxicola_rubetra,9",,
jeantet-dufourq-2023,annomate,zenodo.7828148-v1-658650-39,svl_label,1,"Paridae_Saxicola_rubetra,9",,
jeantet-dufourq-2023,annomate,zenodo.7828148-v1-658650-40,svl_label,1,"Paridae_Saxicola_rubetra,9",,
jeantet-dufourq-2023,annomate,zenodo.7828148-v1-658650-41,svl_label,1,"Paridae_Saxicola_rubetra,9",,
jeantet-dufourq-2023,annomate,zenodo.7828148-v1-658650-42,svl_label,1,"Paridae_Saxicola_rubetra,9",,
jeantet-dufourq-2023,annomate,zenodo.7828148-v1-658650-43,svl_label,1,"Paridae_Saxicola_rubetra,9",,
jeantet-dufourq-2023,annomate,zenodo.7828148-v1-658650-44,svl_label,1,"Paridae_Saxicola_rubetra,9",,
jeantet-dufourq-2023,annomate,zenodo.7828148-v1-658650-45,svl_label,1,"Paridae_Saxicola_rubetra,9",,
jeantet-dufourq-2023,annomate,zenodo.7828148-v1-658650-46,svl_label,1,"Paridae_Saxicola_rubetra,9",,
jeantet-dufourq-2023,annomate,zenodo.7828148-v1-659298-1,svl_label,1,"Turdidae_Catharus_fuscescens,9",,
jeantet-dufourq-2023,annomate,zenodo.7828148-v1-659298-2,svl_label,1,"Turdidae_Catharus_fuscescens,9",,
jeantet-dufourq-2023,annomate,zenodo.7828148-v1-659298-3,svl_label,1,"Turdidae_Catharus_fuscescens,9",,
jeantet-dufourq-2023,annomate,zenodo.7828148-v1-659298-4,svl_label,1,"Turdidae_Catharus_fuscescens,9",,
jeantet-dufourq-2023,annomate,zenodo.7828148-v1-659298-5,svl_label,1,"Turdidae_Catharus_fuscescens,9",,
jeantet-dufourq-2023,annomate,zenodo.7828148-v1-659298-6,svl_label,1,"Turdidae_Catharus_fuscescens,9",,
jeantet-dufourq-2023,annomate,zenodo.7828148-v1-659298-7,svl_label,1,"Turdidae_Catharus_fuscescens,9",,
jeantet-dufourq-2023,annomate,zenodo.7828148-v1-659298-8,svl_label,1,"Turdidae_Catharus_fuscescens,9",,
jeantet-dufourq-2023,annomate,zenodo.7828148-v1-659298-9,svl_label,1,"Turdidae_Catharus_fuscescens,9",,
jeantet-dufourq-2023,annomate,zenodo.7828148-v1-659298-10,svl_label,1,"Turdidae_Catharus_fuscescens,9",,
jeantet-dufourq-2023,annomate,zenodo.7828148-v1-659298-11,svl_label,1,"Turdidae_Catharus_fuscescens,9",,
jeantet-dufourq-2023,annomate,zenodo.7828148-v1-659298-12,svl_label,1,"Turdidae_Catharus_fuscescens,9",,
jeantet-dufourq-2023,annomate,zenodo.7828148-v1-659298-13,svl_label,1,"Turdidae_Catharus_fuscescens,9",,
jeantet-dufourq-2023,annomate,zenodo.7828148-v1-659494-1,svl_label,1,"Troglodytidae_Troglodytes_troglodytes,9",,
jeantet-dufourq-2023,annomate,zenodo.7828148-v1-659494-2,svl_label,1,"Troglodytidae_Troglodytes_troglodytes,9",,
jeantet-dufourq-2023,annomate,zenodo.7828148-v1-659494-3,svl_label,1,"Troglodytidae_Troglodytes_troglodytes,9",,
jeantet-dufourq-2023,annomate,zenodo.7828148-v1-659494-4,svl_label,1,"Troglodytidae_Troglodytes_troglodytes,9",,
jeantet-dufourq-2023,annomate,zenodo.7828148-v1-659494-5,svl_label,1,"Troglodytidae_Troglodytes_troglodytes,9",,
jeantet-dufourq-2023,annomate,zenodo.7828148-v1-659494-6,svl_label,1,"Troglodytidae_Troglodytes_troglodytes,9",,
jeantet-dufourq-2023,annomate,zenodo.7828148-v1-659791-1,svl_label,1,"Turdidae_Catharus_aurantiirostris,8",,
jeantet-dufourq-2023,annomate,zenodo.7828148-v1-659791-2,svl_label,1,"Turdidae_Catharus_aurantiirostris,8",,
jeantet-dufourq-2023,annomate,zenodo.7828148-v1-659791-3,svl_label,1,"Turdidae_Catharus_aurantiirostris,8",,
jeantet-dufourq-2023,annomate,zenodo.7828148-v1-659791-4,svl_label,1,"Turdidae_Catharus_aurantiirostris,8",,
jeantet-dufourq-2023,annomate,zenodo.7828148-v1-659791-5,svl_label,1,"Turdidae_Catharus_aurantiirostris,8",,
jeantet-dufourq-2023,annomate,zenodo.7828148-v1-659791-6,svl_label,1,"Turdidae_Catharus_aurantiirostris,8",,
jeantet-dufourq-2023,annomate,zenodo.7828148-v1-659791-7,svl_label,1,"Turdidae_Catharus_aurantiirostris,8",,
jeantet-dufourq-2023,annomate,zenodo.7828148-v1-659791-8,svl_label,1,"Turdidae_Catharus_aurantiirostris,8",,
jeantet-dufourq-2023,annomate,zenodo.7828148-v1-659791-9,svl_label,1,"Turdidae_Catharus_aurantiirostris,8",,
jeantet-dufourq-2023,annomate,zenodo.7828148-v1-659791-10,svl_label,1,"Turdidae_Catharus_aurantiirostris,8",,
jeantet-dufourq-2023,annomate,zenodo.7828148-v1-659791-11,svl_label,1,"Turdidae_Catharus_aurantiirostris,8",,
jeantet-dufourq-2023,annomate,zenodo.7828148-v1-659791-12,svl_label,1,"Turdidae_Catharus_aurantiirostris,8",,
jeantet-dufourq-2023,annomate,zenodo.7828148-v1-659791-13,svl_label,1,"Turdidae_Catharus_aurantiirostris,8",,
jeantet-dufourq-2023,annomate,zenodo.7828148-v1-659791-14,svl_label,1,"Turdidae_Catharus_aurantiirostris,8",,
jeantet-dufourq-2023,annomate,zenodo.7828148-v1-659791-15,svl_label,1,"Turdidae_Catharus_aurantiirostris,8",,
jeantet-dufourq-2023,annomate,zenodo.7828148-v1-659791-16,svl_label,1,"Turdidae_Catharus_aurantiirostris,8",,
jeantet-dufourq-2023,annomate,zenodo.7828148-v1-659791-17,svl_label,1,"Turdidae_Catharus_aurantiirostris,8",,
jeantet-dufourq-2023,annomate,zenodo.7828148-v1-659791-18,svl_label,1,"Turdidae_Catharus_aurantiirostris,8",,
jeantet-dufourq-2023,annomate,zenodo.7828148-v1-659791-19,svl_label,1,"Turdidae_Catharus_aurantiirostris,8",,
jeantet-dufourq-2023,annomate,zenodo.7828148-v1-659791-20,svl_label,1,"Turdidae_Catharus_aurantiirostris,8",,
jeantet-dufourq-2023,annomate,zenodo.7828148-v1-659791-21,svl_label,1,"Turdidae_Catharus_aurantiirostris,8",,
jeantet-dufourq-2023,annomate,zenodo.7828148-v1-659791-22,svl_label,1,"Turdidae_Catharus_aurantiirostris,8",,
jeantet-dufourq-2023,annomate,zenodo.7828148-v1-659791-23,svl_label,1,"Turdidae_Catharus_aurantiirostris,8",,
jeantet-dufourq-2023,annomate,zenodo.7828148-v1-659791-24,svl_label,1,"Turdidae_Catharus_aurantiirostris,8",,
jeantet-dufourq-2023,annomate,zenodo.7828148-v1-659791-25,svl_label,1,"Turdidae_Catharus_aurantiirostris,8",,
jeantet-dufourq-2023,annomate,zenodo.7828148-v1-659791-26,svl_label,1,"Turdidae_Catharus_aurantiirostris,8",,
jeantet-dufourq-2023,annomate,zenodo.7828148-v1-659791-27,svl_label,1,"Turdidae_Catharus_aurantiirostris,8",,
jeantet-dufourq-2023,annomate,zenodo.7828148-v1-659791-28,svl_label,1,"Turdidae_Catharus_aurantiirostris,8",,
jeantet-dufourq-2023,annomate,zenodo.7828148-v1-659791-29,svl_label,1,"Turdidae_Catharus_aurantiirostris,8",,
jeantet-dufourq-2023,annomate,zenodo.7828148-v1-659791-30,svl_label,1,"Turdidae_Catharus_aurantiirostris,8",,
jeantet-dufourq-2023,annomate,zenodo.7828148-v1-659791-31,svl_label,1,"Turdidae_Catharus_aurantiirostris,8",,
jeantet-dufourq-2023,annomate,zenodo.7828148-v1-659791-32,svl_label,1,"Turdidae_Catharus_aurantiirostris,8",,
jeantet-dufourq-2023,annomate,zenodo.7828148-v1-659791-33,svl_label,1,"Turdidae_Catharus_aurantiirostris,7",,
jeantet-dufourq-2023,annomate,zenodo.7828148-v1-659791-34,svl_label,1,"Turdidae_Catharus_aurantiirostris,7",,
jeantet-dufourq-2023,annomate,zenodo.7828148-v1-659791-35,svl_label,1,"Turdidae_Catharus_aurantiirostris,7",,
jeantet-dufourq-2023,annomate,zenodo.7828148-v1-659791-36,svl_label,1,"Turdidae_Catharus_aurantiirostris,7",,
jeantet-dufourq-2023,annomate,zenodo.7828148-v1-659791-37,svl_label,1,"Turdidae_Catharus_aurantiirostris,7",,
jeantet-dufourq-2023,annomate,zenodo.7828148-v1-659791-38,svl_label,1,"Turdidae_Catharus_aurantiirostris,7",,
jeantet-dufourq-2023,annomate,zenodo.7828148-v1-659791-39,svl_label,1,"Turdidae_Catharus_aurantiirostris,7",,
jeantet-dufourq-2023,annomate,zenodo.7828148-v1-659791-40,svl_label,1,"Turdidae_Catharus_aurantiirostris,7",,
jeantet-dufourq-2023,annomate,zenodo.7828148-v1-659791-41,svl_label,1,"Turdidae_Catharus_aurantiirostris,7",,
jeantet-dufourq-2023,annomate,zenodo.7828148-v1-659791-42,svl_label,1,"Turdidae_Catharus_aurantiirostris,7",,
jeantet-dufourq-2023,annomate,zenodo.7828148-v1-659791-43,svl_label,1,"Turdidae_Catharus_aurantiirostris,7",,
jeantet-dufourq-2023,annomate,zenodo.7828148-v1-659791-44,svl_label,1,"Turdidae_Catharus_aurantiirostris,7",,
jeantet-dufourq-2023,annomate,zenodo.7828148-v1-659791-45,svl_label,1,"Turdidae_Catharus_aurantiirostris,7",,
jeantet-dufourq-2023,annomate,zenodo.7828148-v1-659791-46,svl_label,1,"Turdidae_Catharus_aurantiirostris,7",,
jeantet-dufourq-2023,annomate,zenodo.7828148-v1-659791-47,svl_label,1,"Turdidae_Catharus_aurantiirostris,7",,
jeantet-dufourq-2023,annomate,zenodo.7828148-v1-659791-48,svl_label,1,"Turdidae_Catharus_aurantiirostris,7",,
jeantet-dufourq-2023,annomate,zenodo.7828148-v1-659791-49,svl_label,1,"Turdidae_Catharus_aurantiirostris,7",,
jeantet-dufourq-2023,annomate,zenodo.7828148-v1-659791-50,svl_label,1,"Turdidae_Catharus_aurantiirostris,7",,
jeantet-dufourq-2023,annomate,zenodo.7828148-v1-659791-51,svl_label,1,"Turdidae_Catharus_aurantiirostris,7",,
jeantet-dufourq-2023,annomate,zenodo.7828148-v1-659791-52,svl_label,1,"Turdidae_Catharus_aurantiirostris,7",,
jeantet-dufourq-2023,annomate,zenodo.7828148-v1-659791-53,svl_label,1,"Turdidae_Catharus_aurantiirostris,7",,
jeantet-dufourq-2023,annomate,zenodo.7828148-v1-659791-54,svl_label,1,"Turdidae_Catharus_aurantiirostris,7",,
jeantet-dufourq-2023,annomate,zenodo.7828148-v1-659791-55,svl_label,1,"Turdidae_Catharus_aurantiirostris,7",,
jeantet-dufourq-2023,annomate,zenodo.7828148-v1-659791-56,svl_label,1,"Turdidae_Catharus_aurantiirostris,7",,
jeantet-dufourq-2023,annomate,zenodo.7828148-v1-659791-57,svl_label,1,"Turdidae_Catharus_aurantiirostris,7",,
jeantet-dufourq-2023,annomate,zenodo.7828148-v1-659791-58,svl_label,1,"Turdidae_Catharus_aurantiirostris,7",,
jeantet-dufourq-2023,annomate,zenodo.7828148-v1-659791-59,svl_label,1,"Turdidae_Catharus_aurantiirostris,7",,
jeantet-dufourq-2023,annomate,zenodo.7828148-v1-659791-60,svl_label,1,"Turdidae_Catharus_aurantiirostris,7",,
jeantet-dufourq-2023,annomate,zenodo.7828148-v1-659791-61,svl_label,1,"Turdidae_Catharus_aurantiirostris,7",,
jeantet-dufourq-2023,annomate,zenodo.7828148-v1-659791-62,svl_label,1,"Turdidae_Catharus_aurantiirostris,7",,
jeantet-dufourq-2023,annomate,zenodo.7828148-v1-659791-63,svl_label,1,"Turdidae_Catharus_aurantiirostris,7",,
jeantet-dufourq-2023,annomate,zenodo.7828148-v1-659791-64,svl_label,1,"Turdidae_Catharus_aurantiirostris,7",,
jeantet-dufourq-2023,annomate,zenodo.7828148-v1-659791-65,svl_label,1,"Turdidae_Catharus_aurantiirostris,7",,
jeantet-dufourq-2023,annomate,zenodo.7828148-v1-659791-66,svl_label,1,"Turdidae_Catharus_aurantiirostris,7",,
jeantet-dufourq-2023,annomate,zenodo.7828148-v1-659791-67,svl_label,1,"Turdidae_Catharus_aurantiirostris,7",,
jeantet-dufourq-2023,annomate,zenodo.7828148-v1-659791-68,svl_label,1,"Turdidae_Catharus_aurantiirostris,7",,
jeantet-dufourq-2023,annomate,zenodo.7828148-v1-659791-69,svl_label,1,"Turdidae_Catharus_aurantiirostris,7",,
jeantet-dufourq-2023,annomate,zenodo.7828148-v1-659791-70,svl_label,1,"Turdidae_Catharus_aurantiirostris,7",,
jeantet-dufourq-2023,annomate,zenodo.7828148-v1-659791-71,svl_label,1,"Turdidae_Catharus_aurantiirostris,7",,
jeantet-dufourq-2023,annomate,zenodo.7828148-v1-659791-72,svl_label,1,"Turdidae_Catharus_aurantiirostris,7",,
jeantet-dufourq-2023,annomate,zenodo.7828148-v1-659791-73,svl_label,1,"Turdidae_Catharus_aurantiirostris,7",,
jeantet-dufourq-2023,annomate,zenodo.7828148-v1-659791-74,svl_label,1,"Turdidae_Catharus_aurantiirostris,7",,
jeantet-dufourq-2023,annomate,zenodo.7828148-v1-659791-75,svl_label,1,"Turdidae_Catharus_aurantiirostris,7",,
jeantet-dufourq-2023,annomate,zenodo.7828148-v1-659791-76,svl_label,1,"Turdidae_Catharus_aurantiirostris,7",,
jeantet-dufourq-2023,annomate,zenodo.7828148-v1-659791-77,svl_label,1,"Turdidae_Catharus_aurantiirostris,7",,
jeantet-dufourq-2023,annomate,zenodo.7828148-v1-659791-78,svl_label,1,"Turdidae_Catharus_aurantiirostris,7",,
jeantet-dufourq-2023,annomate,zenodo.7828148-v1-659791-79,svl_label,1,"Turdidae_Catharus_aurantiirostris,7",,
jeantet-dufourq-2023,annomate,zenodo.7828148-v1-659791-80,svl_label,1,"Turdidae_Catharus_aurantiirostris,7",,
jeantet-dufourq-2023,annomate,zenodo.7828148-v1-659791-81,svl_label,1,"Turdidae_Catharus_aurantiirostris,7",,
jeantet-dufourq-2023,annomate,zenodo.7828148-v1-659791-82,svl_label,1,"Turdidae_Catharus_aurantiirostris,7",,
jeantet-dufourq-2023,annomate,zenodo.7828148-v1-659791-83,svl_label,1,"Turdidae_Catharus_aurantiirostris,7",,
jeantet-dufourq-2023,annomate,zenodo.7828148-v1-659791-84,svl_label,1,"Turdidae_Catharus_aurantiirostris,7",,
jeantet-dufourq-2023,annomate,zenodo.7828148-v1-659791-85,svl_label,1,"Turdidae_Catharus_aurantiirostris,7",,
jeantet-dufourq-2023,annomate,zenodo.7828148-v1-659791-86,svl_label,1,"Turdidae_Catharus_aurantiirostris,7",,
jeantet-dufourq-2023,annomate,zenodo.7828148-v1-659791-87,svl_label,1,"Turdidae_Catharus_aurantiirostris,7",,
jeantet-dufourq-2023,annomate,zenodo.7828148-v1-659791-88,svl_label,1,"Turdidae_Catharus_aurantiirostris,7",,
jeantet-dufourq-2023,annomate,zenodo.7828148-v1-659808-1,svl_label,1,"Troglodytidae_Troglodytes_troglodytes,9",,
jeantet-dufourq-2023,annomate,zenodo.7828148-v1-659808-2,svl_label,1,"Troglodytidae_Troglodytes_troglodytes,9",,
jeantet-dufourq-2023,annomate,zenodo.7828148-v1-659808-3,svl_label,1,"Troglodytidae_Troglodytes_troglodytes,9",,
jeantet-dufourq-2023,annomate,zenodo.7828148-v1-659961-1,svl_label,1,"Troglodytidae_Troglodytes_troglodytes,9",,
jeantet-dufourq-2023,annomate,zenodo.7828148-v1-659961-2,svl_label,1,"Troglodytidae_Troglodytes_troglodytes,9",,
jeantet-dufourq-2023,annomate,zenodo.7828148-v1-660622-1,svl_label,1,"Fringillidae_Serinus_serinus,9",,
jeantet-dufourq-2023,annomate,zenodo.7828148-v1-660622-2,svl_label,1,"Fringillidae_Serinus_serinus,8",,
jeantet-dufourq-2023,annomate,zenodo.7828148-v1-660622-3,svl_label,1,"Fringillidae_Serinus_serinus,9",,
jeantet-dufourq-2023,annomate,zenodo.7828148-v1-660828-1,svl_label,1,"Troglodytidae_Troglodytes_troglodytes, 10",,
jeantet-dufourq-2023,annomate,zenodo.7828148-v1-660828-2,svl_label,1,"Troglodytidae_Troglodytes_troglodytes, 10",,
jeantet-dufourq-2023,annomate,zenodo.7828148-v1-660828-3,svl_label,1,"Troglodytidae_Troglodytes_troglodytes, 10",,
jeantet-dufourq-2023,annomate,zenodo.7828148-v1-660828-4,svl_label,1,"Troglodytidae_Troglodytes_troglodytes, 10",,
jeantet-dufourq-2023,annomate,zenodo.7828148-v1-660828-5,svl_label,1,"Troglodytidae_Troglodytes_troglodytes, 10",,
jeantet-dufourq-2023,annomate,zenodo.7828148-v1-661361-1,svl_label,1,"Troglodytidae_Troglodytes_troglodytes, 10",,
jeantet-dufourq-2023,annomate,zenodo.7828148-v1-661361-2,svl_label,1,"Troglodytidae_Troglodytes_troglodytes, 10",,
jeantet-dufourq-2023,annomate,zenodo.7828148-v1-661410-1,svl_label,1,"Troglodytidae_Troglodytes_troglodytes,8",,
jeantet-dufourq-2023,annomate,zenodo.7828148-v1-661410-2,svl_label,1,"Troglodytidae_Troglodytes_troglodytes,8",,
jeantet-dufourq-2023,annomate,zenodo.7828148-v1-661410-3,svl_label,1,"Troglodytidae_Troglodytes_troglodytes,8",,
jeantet-dufourq-2023,annomate,zenodo.7828148-v1-661410-4,svl_label,1,"Troglodytidae_Troglodytes_troglodytes,8",,
jeantet-dufourq-2023,annomate,zenodo.7828148-v1-661410-5,svl_label,1,"Troglodytidae_Troglodytes_troglodytes,8",,
jeantet-dufourq-2023,annomate,zenodo.7828148-v1-661410-6,svl_label,1,"Troglodytidae_Troglodytes_troglodytes,8",,
jeantet-dufourq-2023,annomate,zenodo.7828148-v1-662258-1,svl_label,1,"Troglodytidae_Troglodytes_troglodytes,9",,
jeantet-dufourq-2023,annomate,zenodo.7828148-v1-662258-2,svl_label,1,"Troglodytidae_Troglodytes_troglodytes,9",,
jeantet-dufourq-2023,annomate,zenodo.7828148-v1-662258-3,svl_label,1,"Troglodytidae_Troglodytes_troglodytes,9",,
jeantet-dufourq-2023,annomate,zenodo.7828148-v1-662258-4,svl_label,1,"Troglodytidae_Troglodytes_troglodytes,9",,
jeantet-dufourq-2023,annomate,zenodo.7828148-v1-662258-5,svl_label,1,"Troglodytidae_Troglodytes_troglodytes,9",,
jeantet-dufourq-2023,annomate,zenodo.7828148-v1-662258-6,svl_label,1,"Troglodytidae_Troglodytes_troglodytes,9",,
jeantet-dufourq-2023,annomate,zenodo.7828148-v1-662258-7,svl_label,1,"Troglodytidae_Troglodytes_troglodytes,9",,
jeantet-dufourq-2023,annomate,zenodo.7828148-v1-662258-8,svl_label,1,"Troglodytidae_Troglodytes_troglodytes,9",,
jeantet-dufourq-2023,annomate,zenodo.7828148-v1-662258-9,svl_label,1,"Troglodytidae_Troglodytes_troglodytes,9",,
jeantet-dufourq-2023,annomate,zenodo.7828148-v1-662258-10,svl_label,1,"Troglodytidae_Troglodytes_troglodytes,9",,
jeantet-dufourq-2023,annomate,zenodo.7828148-v1-662258-11,svl_label,1,"Troglodytidae_Troglodytes_troglodytes,9",,
jeantet-dufourq-2023,annomate,zenodo.7828148-v1-662258-12,svl_label,1,"Troglodytidae_Troglodytes_troglodytes,9",,
jeantet-dufourq-2023,annomate,zenodo.7828148-v1-662515-1,svl_label,1,"Troglodytidae_Troglodytes_troglodytes, 10",,
jeantet-dufourq-2023,annomate,zenodo.7828148-v1-662515-2,svl_label,1,"Troglodytidae_Troglodytes_troglodytes, 10",,
jeantet-dufourq-2023,annomate,zenodo.7828148-v1-662515-3,svl_label,1,"Troglodytidae_Troglodytes_troglodytes, 10",,
jeantet-dufourq-2023,annomate,zenodo.7828148-v1-662515-4,svl_label,1,"Troglodytidae_Troglodytes_troglodytes, 10",,
jeantet-dufourq-2023,annomate,zenodo.7828148-v1-662515-5,svl_label,1,"Troglodytidae_Troglodytes_troglodytes, 10",,
jeantet-dufourq-2023,annomate,zenodo.7828148-v1-662515-6,svl_label,1,"Troglodytidae_Troglodytes_troglodytes, 10",,
jeantet-dufourq-2023,annomate,zenodo.7828148-v1-662515-7,svl_label,1,"Troglodytidae_Troglodytes_troglodytes, 10",,
jeantet-dufourq-2023,annomate,zenodo.7828148-v1-662515-8,svl_label,1,"Troglodytidae_Troglodytes_troglodytes, 10",,
jeantet-dufourq-2023,annomate,zenodo.7828148-v1-662515-9,svl_label,1,"Troglodytidae_Troglodytes_troglodytes, 10",,
jeantet-dufourq-2023,annomate,zenodo.7828148-v1-662515-10,svl_label,1,"Troglodytidae_Troglodytes_troglodytes, 10",,
jeantet-dufourq-2023,annomate,zenodo.7828148-v1-662515-11,svl_label,1,"Troglodytidae_Troglodytes_troglodytes, 10",,
jeantet-dufourq-2023,annomate,zenodo.7828148-v1-662515-12,svl_label,1,"Troglodytidae_Troglodytes_troglodytes, 10",,
jeantet-dufourq-2023,annomate,zenodo.7828148-v1-662515-13,svl_label,1,"Troglodytidae_Troglodytes_troglodytes, 10",,
jeantet-dufourq-2023,annomate,zenodo.7828148-v1-662690-1,svl_label,1,"Troglodytidae_Troglodytes_troglodytes,9",,
jeantet-dufourq-2023,annomate,zenodo.7828148-v1-662839-1,svl_label,1,"Troglodytidae_Troglodytes_troglodytes,8",,
jeantet-dufourq-2023,annomate,zenodo.7828148-v1-662839-2,svl_label,1,"Troglodytidae_Troglodytes_troglodytes,8",,
jeantet-dufourq-2023,annomate,zenodo.7828148-v1-662839-3,svl_label,1,"Troglodytidae_Troglodytes_troglodytes,8",,
jeantet-dufourq-2023,annomate,zenodo.7828148-v1-662839-4,svl_label,1,"Troglodytidae_Troglodytes_troglodytes,8",,
jeantet-dufourq-2023,annomate,zenodo.7828148-v1-662839-5,svl_label,1,"Troglodytidae_Troglodytes_troglodytes,8",,
jeantet-dufourq-2023,annomate,zenodo.7828148-v1-662839-6,svl_label,1,"Troglodytidae_Troglodytes_troglodytes,8",,
jeantet-dufourq-2023,annomate,zenodo.7828148-v1-662839-7,svl_label,1,"Troglodytidae_Troglodytes_troglodytes,8",,
jeantet-dufourq-2023,annomate,zenodo.7828148-v1-662839-8,svl_label,1,"Troglodytidae_Troglodytes_troglodytes,8",,
jeantet-dufourq-2023,annomate,zenodo.7828148-v1-662839-9,svl_label,1,"Troglodytidae_Troglodytes_troglodytes,8",,
jeantet-dufourq-2023,annomate,zenodo.7828148-v1-662839-10,svl_label,1,"Troglodytidae_Troglodytes_troglodytes,8",,
jeantet-dufourq-2023,annomate,zenodo.7828148-v1-662839-11,svl_label,1,"Troglodytidae_Troglodytes_troglodytes,8",,
jeantet-dufourq-2023,annomate,zenodo.7828148-v1-662839-12,svl_label,1,"Troglodytidae_Troglodytes_troglodytes,8",,
jeantet-dufourq-2023,annomate,zenodo.7828148-v1-663118-1,svl_label,1,"Troglodytidae_Troglodytes_troglodytes,9",,
jeantet-dufourq-2023,annomate,zenodo.7828148-v1-663118-2,svl_label,1,"Troglodytidae_Troglodytes_troglodytes,9",,
jeantet-dufourq-2023,annomate,zenodo.7828148-v1-663118-3,svl_label,1,"Troglodytidae_Troglodytes_troglodytes,9",,
jeantet-dufourq-2023,annomate,zenodo.7828148-v1-663118-4,svl_label,1,"Troglodytidae_Troglodytes_troglodytes,9",,
jeantet-dufourq-2023,annomate,zenodo.7828148-v1-663118-5,svl_label,1,"Troglodytidae_Troglodytes_troglodytes,9",,
jeantet-dufourq-2023,annomate,zenodo.7828148-v1-663118-6,svl_label,1,"Troglodytidae_Troglodytes_troglodytes,9",,
jeantet-dufourq-2023,annomate,zenodo.7828148-v1-663118-7,svl_label,1,"Troglodytidae_Troglodytes_troglodytes,9",,
jeantet-dufourq-2023,annomate,zenodo.7828148-v1-663118-8,svl_label,1,"Troglodytidae_Troglodytes_troglodytes,9",,
jeantet-dufourq-2023,annomate,zenodo.7828148-v1-663118-9,svl_label,1,"Troglodytidae_Troglodytes_troglodytes,9",,
jeantet-dufourq-2023,annomate,zenodo.7828148-v1-663118-10,svl_label,1,"Troglodytidae_Troglodytes_troglodytes,9",,
jeantet-dufourq-2023,annomate,zenodo.7828148-v1-663118-11,svl_label,1,"Troglodytidae_Troglodytes_troglodytes,9",,
jeantet-dufourq-2023,annomate,zenodo.7828148-v1-663118-12,svl_label,1,"Troglodytidae_Troglodytes_troglodytes,9",,
jeantet-dufourq-2023,annomate,zenodo.7828148-v1-663121-1,svl_label,1,"Fringillidae_Serinus_serinus,9",,
jeantet-dufourq-2023,annomate,zenodo.7828148-v1-663121-2,svl_label,1,"Fringillidae_Serinus_serinus,9",,
jeantet-dufourq-2023,annomate,zenodo.7828148-v1-663121-3,svl_label,1,"Fringillidae_Serinus_serinus,9",,
jeantet-dufourq-2023,annomate,zenodo.7828148-v1-663121-4,svl_label,1,"Fringillidae_Serinus_serinus,9",,
jeantet-dufourq-2023,annomate,zenodo.7828148-v1-663121-5,svl_label,1,"Fringillidae_Serinus_serinus,9",,
jeantet-dufourq-2023,annomate,zenodo.7828148-v1-663121-6,svl_label,1,"Fringillidae_Serinus_serinus,9",,
jeantet-dufourq-2023,annomate,zenodo.7828148-v1-665257-1,svl_label,1,"Turdidae_Catharus_aurantiirostris,8",,
jeantet-dufourq-2023,annomate,zenodo.7828148-v1-665257-2,svl_label,1,"Turdidae_Catharus_aurantiirostris,8",,
jeantet-dufourq-2023,annomate,zenodo.7828148-v1-665257-3,svl_label,1,"Turdidae_Catharus_aurantiirostris,8",,
jeantet-dufourq-2023,annomate,zenodo.7828148-v1-665257-4,svl_label,1,"Turdidae_Catharus_aurantiirostris,8",,
jeantet-dufourq-2023,annomate,zenodo.7828148-v1-665257-5,svl_label,1,"Turdidae_Catharus_aurantiirostris,8",,
jeantet-dufourq-2023,annomate,zenodo.7828148-v1-665257-6,svl_label,1,"Turdidae_Catharus_aurantiirostris,8",,
jeantet-dufourq-2023,annomate,zenodo.7828148-v1-665257-7,svl_label,1,"Turdidae_Catharus_aurantiirostris,8",,
jeantet-dufourq-2023,annomate,zenodo.7828148-v1-665257-8,svl_label,1,"Turdidae_Catharus_aurantiirostris,8",,
jeantet-dufourq-2023,annomate,zenodo.7828148-v1-665257-9,svl_label,1,"Turdidae_Catharus_aurantiirostris,8",,
jeantet-dufourq-2023,annomate,zenodo.7828148-v1-665257-10,svl_label,1,"Turdidae_Catharus_aurantiirostris,8",,
jeantet-dufourq-2023,annomate,zenodo.7828148-v1-665257-11,svl_label,1,"Turdidae_Catharus_aurantiirostris,8",,
jeantet-dufourq-2023,annomate,zenodo.7828148-v1-665257-12,svl_label,1,"Turdidae_Catharus_aurantiirostris,8",,
jeantet-dufourq-2023,annomate,zenodo.7828148-v1-665257-13,svl_label,1,"Turdidae_Catharus_aurantiirostris,8",,
jeantet-dufourq-2023,annomate,zenodo.7828148-v1-665257-14,svl_label,1,"Turdidae_Catharus_aurantiirostris,8",,
jeantet-dufourq-2023,annomate,zenodo.7828148-v1-665257-15,svl_label,1,"Turdidae_Catharus_aurantiirostris,8",,
jeantet-dufourq-2023,annomate,zenodo.7828148-v1-665257-16,svl_label,1,"Turdidae_Catharus_aurantiirostris,8",,
jeantet-dufourq-2023,annomate,zenodo.7828148-v1-665257-17,svl_label,1,"Turdidae_Catharus_aurantiirostris,8",,
jeantet-dufourq-2023,annomate,zenodo.7828148-v1-665257-18,svl_label,1,"Turdidae_Catharus_aurantiirostris,8",,
jeantet-dufourq-2023,annomate,zenodo.7828148-v1-665257-19,svl_label,1,"Turdidae_Catharus_aurantiirostris,8",,
jeantet-dufourq-2023,annomate,zenodo.7828148-v1-665257-20,svl_label,1,"Turdidae_Catharus_aurantiirostris,8",,
jeantet-dufourq-2023,annomate,zenodo.7828148-v1-665257-21,svl_label,1,"Turdidae_Catharus_aurantiirostris,8",,
jeantet-dufourq-2023,annomate,zenodo.7828148-v1-665257-22,svl_label,1,"Turdidae_Catharus_aurantiirostris,8",,
jeantet-dufourq-2023,annomate,zenodo.7828148-v1-665257-23,svl_label,1,"Turdidae_Catharus_aurantiirostris,8",,
jeantet-dufourq-2023,annomate,zenodo.7828148-v1-665257-24,svl_label,1,"Turdidae_Catharus_aurantiirostris,7",,
jeantet-dufourq-2023,annomate,zenodo.7828148-v1-665257-25,svl_label,1,"Turdidae_Catharus_aurantiirostris,7",,
jeantet-dufourq-2023,annomate,zenodo.7828148-v1-665257-26,svl_label,1,"Turdidae_Catharus_aurantiirostris,7",,
jeantet-dufourq-2023,annomate,zenodo.7828148-v1-665257-27,svl_label,1,"Turdidae_Catharus_aurantiirostris,7",,
jeantet-dufourq-2023,annomate,zenodo.7828148-v1-665257-28,svl_label,1,"Turdidae_Catharus_aurantiirostris,8",,
jeantet-dufourq-2023,annomate,zenodo.7828148-v1-665257-29,svl_label,1,"Turdidae_Catharus_aurantiirostris,7",,
jeantet-dufourq-2023,annomate,zenodo.7828148-v1-665257-30,svl_label,1,"Turdidae_Catharus_aurantiirostris,7",,
jeantet-dufourq-2023,annomate,zenodo.7828148-v1-665258-1,svl_label,1,"Turdidae_Catharus_aurantiirostris,8",,
jeantet-dufourq-2023,annomate,zenodo.7828148-v1-665258-2,svl_label,1,"Turdidae_Catharus_aurantiirostris,8",,
jeantet-dufourq-2023,annomate,zenodo.7828148-v1-665258-3,svl_label,1,"Turdidae_Catharus_aurantiirostris,8",,
jeantet-dufourq-2023,annomate,zenodo.7828148-v1-665258-4,svl_label,1,"Turdidae_Catharus_aurantiirostris,8",,
jeantet-dufourq-2023,annomate,zenodo.7828148-v1-665258-5,svl_label,1,"Turdidae_Catharus_aurantiirostris,7",,
jeantet-dufourq-2023,annomate,zenodo.7828148-v1-665258-6,svl_label,1,"Turdidae_Catharus_aurantiirostris,7",,
jeantet-dufourq-2023,annomate,zenodo.7828148-v1-665258-7,svl_label,1,"Turdidae_Catharus_aurantiirostris,8",,
jeantet-dufourq-2023,annomate,zenodo.7828148-v1-665264-1,svl_label,1,"Turdidae_Catharus_aurantiirostris,8",,
jeantet-dufourq-2023,annomate,zenodo.7828148-v1-665264-2,svl_label,1,"Turdidae_Catharus_aurantiirostris,8",,
jeantet-dufourq-2023,annomate,zenodo.7828148-v1-665264-3,svl_label,1,"Turdidae_Catharus_aurantiirostris,8",,
jeantet-dufourq-2023,annomate,zenodo.7828148-v1-665264-4,svl_label,1,"Turdidae_Catharus_aurantiirostris,8",,
jeantet-dufourq-2023,annomate,zenodo.7828148-v1-665264-5,svl_label,1,"Turdidae_Catharus_aurantiirostris,8",,
jeantet-dufourq-2023,annomate,zenodo.7828148-v1-665264-6,svl_label,1,"Turdidae_Catharus_aurantiirostris,8",,
jeantet-dufourq-2023,annomate,zenodo.7828148-v1-665264-7,svl_label,1,"Turdidae_Catharus_aurantiirostris,8",,
jeantet-dufourq-2023,annomate,zenodo.7828148-v1-665264-8,svl_label,1,"Turdidae_Catharus_aurantiirostris,8",,
jeantet-dufourq-2023,annomate,zenodo.7828148-v1-665264-9,svl_label,1,"Turdidae_Catharus_aurantiirostris,8",,
jeantet-dufourq-2023,annomate,zenodo.7828148-v1-665264-10,svl_label,1,"Turdidae_Catharus_aurantiirostris,8",,
jeantet-dufourq-2023,annomate,zenodo.7828148-v1-665264-11,svl_label,1,"Turdidae_Catharus_aurantiirostris,8",,
jeantet-dufourq-2023,annomate,zenodo.7828148-v1-665264-12,svl_label,1,"Turdidae_Catharus_aurantiirostris,8",,
jeantet-dufourq-2023,annomate,zenodo.7828148-v1-665264-13,svl_label,1,"Turdidae_Catharus_aurantiirostris,8",,
jeantet-dufourq-2023,annomate,zenodo.7828148-v1-665264-14,svl_label,1,"Turdidae_Catharus_aurantiirostris,8",,
jeantet-dufourq-2023,annomate,zenodo.7828148-v1-665264-15,svl_label,1,"Turdidae_Catharus_aurantiirostris,8",,
jeantet-dufourq-2023,annomate,zenodo.7828148-v1-665264-16,svl_label,1,"Turdidae_Catharus_aurantiirostris,8",,
jeantet-dufourq-2023,annomate,zenodo.7828148-v1-666353-1,svl_label,1,"Fringillidae_Serinus_serinus,8",,
jeantet-dufourq-2023,annomate,zenodo.7828148-v1-666353-2,svl_label,1,"Fringillidae_Serinus_serinus,8",,
jeantet-dufourq-2023,annomate,zenodo.7828148-v1-666682-1,svl_label,1,"Paridae_Saxicola_rubetra,9",,
jeantet-dufourq-2023,annomate,zenodo.7828148-v1-666683-1,svl_label,1,"Paridae_Saxicola_rubetra,8",,
jeantet-dufourq-2023,annomate,zenodo.7828148-v1-666683-2,svl_label,1,"Paridae_Saxicola_rubetra,8",,
jeantet-dufourq-2023,annomate,zenodo.7828148-v1-666683-3,svl_label,1,"Paridae_Saxicola_rubetra,8",,
jeantet-dufourq-2023,annomate,zenodo.7828148-v1-666683-4,svl_label,1,"Paridae_Saxicola_rubetra,8",,
jeantet-dufourq-2023,annomate,zenodo.7828148-v1-666683-5,svl_label,1,"Paridae_Saxicola_rubetra,8",,
jeantet-dufourq-2023,annomate,zenodo.7828148-v1-666683-6,svl_label,1,"Paridae_Saxicola_rubetra,8",,
jeantet-dufourq-2023,annomate,zenodo.7828148-v1-666683-7,svl_label,1,"Paridae_Saxicola_rubetra,8",,
jeantet-dufourq-2023,annomate,zenodo.7828148-v1-666683-8,svl_label,1,"Paridae_Saxicola_rubetra,8",,
jeantet-dufourq-2023,annomate,zenodo.7828148-v1-666683-9,svl_label,1,"Paridae_Saxicola_rubetra,8",,
jeantet-dufourq-2023,annomate,zenodo.7828148-v1-666683-10,svl_label,1,"Paridae_Saxicola_rubetra,8",,
jeantet-dufourq-2023,annomate,zenodo.7828148-v1-666683-11,svl_label,1,"Paridae_Saxicola_rubetra,8",,
jeantet-dufourq-2023,annomate,zenodo.7828148-v1-666683-12,svl_label,1,"Paridae_Saxicola_rubetra,8",,
jeantet-dufourq-2023,annomate,zenodo.7828148-v1-666683-13,svl_label,1,"Paridae_Saxicola_rubetra,8",,
jeantet-dufourq-2023,annomate,zenodo.7828148-v1-666683-14,svl_label,1,"Paridae_Saxicola_rubetra,8",,
jeantet-dufourq-2023,annomate,zenodo.7828148-v1-666683-15,svl_label,1,"Paridae_Saxicola_rubetra,8",,
jeantet-dufourq-2023,annomate,zenodo.7828148-v1-666683-16,svl_label,1,"Paridae_Saxicola_rubetra,8",,
jeantet-dufourq-2023,annomate,zenodo.7828148-v1-666683-17,svl_label,1,"Paridae_Saxicola_rubetra,8",,
jeantet-dufourq-2023,annomate,zenodo.7828148-v1-666683-18,svl_label,1,"Paridae_Saxicola_rubetra,8",,
jeantet-dufourq-2023,annomate,zenodo.7828148-v1-666683-19,svl_label,1,"Paridae_Saxicola_rubetra,8",,
jeantet-dufourq-2023,annomate,zenodo.7828148-v1-666683-20,svl_label,1,"Paridae_Saxicola_rubetra,8",,
jeantet-dufourq-2023,annomate,zenodo.7828148-v1-666683-21,svl_label,1,"Paridae_Saxicola_rubetra,8",,
jeantet-dufourq-2023,annomate,zenodo.7828148-v1-666683-22,svl_label,1,"Paridae_Saxicola_rubetra,8",,
jeantet-dufourq-2023,annomate,zenodo.7828148-v1-666683-23,svl_label,1,"Paridae_Saxicola_rubetra,8",,
jeantet-dufourq-2023,annomate,zenodo.7828148-v1-666683-24,svl_label,1,"Paridae_Saxicola_rubetra,8",,
jeantet-dufourq-2023,annomate,zenodo.7828148-v1-666683-25,svl_label,1,"Paridae_Saxicola_rubetra,8",,
jeantet-dufourq-2023,annomate,zenodo.7828148-v1-666683-26,svl_label,1,"Paridae_Saxicola_rubetra,8",,
jeantet-dufourq-2023,annomate,zenodo.7828148-v1-666683-27,svl_label,1,"Paridae_Saxicola_rubetra,8",,
jeantet-dufourq-2023,annomate,zenodo.7828148-v1-666683-28,svl_label,1,"Paridae_Saxicola_rubetra,8",,
jeantet-dufourq-2023,annomate,zenodo.7828148-v1-666683-29,svl_label,1,"Paridae_Saxicola_rubetra,8",,
jeantet-dufourq-2023,annomate,zenodo.7828148-v1-666683-30,svl_label,1,"Paridae_Saxicola_rubetra,8",,
jeantet-dufourq-2023,annomate,zenodo.7828148-v1-666683-31,svl_label,1,"Paridae_Saxicola_rubetra,8",,
jeantet-dufourq-2023,annomate,zenodo.7828148-v1-666683-32,svl_label,1,"Paridae_Saxicola_rubetra,8",,
jeantet-dufourq-2023,annomate,zenodo.7828148-v1-666683-33,svl_label,1,"Paridae_Saxicola_rubetra,8",,
jeantet-dufourq-2023,annomate,zenodo.7828148-v1-666683-34,svl_label,1,"Paridae_Saxicola_rubetra,8",,
jeantet-dufourq-2023,annomate,zenodo.7828148-v1-666683-35,svl_label,1,"Paridae_Saxicola_rubetra,8",,
jeantet-dufourq-2023,annomate,zenodo.7828148-v1-666683-36,svl_label,1,"Paridae_Saxicola_rubetra,8",,
jeantet-dufourq-2023,annomate,zenodo.7828148-v1-666683-37,svl_label,1,"Paridae_Saxicola_rubetra,8",,
jeantet-dufourq-2023,annomate,zenodo.7828148-v1-666683-38,svl_label,1,"Paridae_Saxicola_rubetra,8",,
jeantet-dufourq-2023,annomate,zenodo.7828148-v1-666683-39,svl_label,1,"Paridae_Saxicola_rubetra,8",,
jeantet-dufourq-2023,annomate,zenodo.7828148-v1-666683-40,svl_label,1,"Paridae_Saxicola_rubetra,8",,
jeantet-dufourq-2023,annomate,zenodo.7828148-v1-666683-41,svl_label,1,"Paridae_Saxicola_rubetra,8",,
jeantet-dufourq-2023,annomate,zenodo.7828148-v1-666683-42,svl_label,1,"Paridae_Saxicola_rubetra,8",,
jeantet-dufourq-2023,annomate,zenodo.7828148-v1-666683-43,svl_label,1,"Paridae_Saxicola_rubetra,8",,
jeantet-dufourq-2023,annomate,zenodo.7828148-v1-666683-44,svl_label,1,"Paridae_Saxicola_rubetra,8",,
jeantet-dufourq-2023,annomate,zenodo.7828148-v1-666683-45,svl_label,1,"Paridae_Saxicola_rubetra,8",,
jeantet-dufourq-2023,annomate,zenodo.7828148-v1-666683-46,svl_label,1,"Paridae_Saxicola_rubetra,8",,
jeantet-dufourq-2023,annomate,zenodo.7828148-v1-666683-47,svl_label,1,"Paridae_Saxicola_rubetra,8",,
jeantet-dufourq-2023,annomate,zenodo.7828148-v1-666683-48,svl_label,1,"Paridae_Saxicola_rubetra,8",,
jeantet-dufourq-2023,annomate,zenodo.7828148-v1-666683-49,svl_label,1,"Paridae_Saxicola_rubetra,8",,
jeantet-dufourq-2023,annomate,zenodo.7828148-v1-666683-50,svl_label,1,"Paridae_Saxicola_rubetra,8",,
jeantet-dufourq-2023,annomate,zenodo.7828148-v1-666683-51,svl_label,1,"Paridae_Saxicola_rubetra,8",,
jeantet-dufourq-2023,annomate,zenodo.7828148-v1-666683-52,svl_label,1,"Paridae_Saxicola_rubetra,8",,
jeantet-dufourq-2023,annomate,zenodo.7828148-v1-666683-53,svl_label,1,"Paridae_Saxicola_rubetra,8",,
jeantet-dufourq-2023,annomate,zenodo.7828148-v1-666683-54,svl_label,1,"Paridae_Saxicola_rubetra,8",,
jeantet-dufourq-2023,annomate,zenodo.7828148-v1-666683-55,svl_label,1,"Paridae_Saxicola_rubetra,8",,
jeantet-dufourq-2023,annomate,zenodo.7828148-v1-666683-56,svl_label,1,"Paridae_Saxicola_rubetra,8",,
jeantet-dufourq-2023,annomate,zenodo.7828148-v1-666683-57,svl_label,1,"Paridae_Saxicola_rubetra,8",,
jeantet-dufourq-2023,annomate,zenodo.7828148-v1-666683-58,svl_label,1,"Paridae_Saxicola_rubetra,8",,
jeantet-dufourq-2023,annomate,zenodo.7828148-v1-666683-59,svl_label,1,"Paridae_Saxicola_rubetra,8",,
jeantet-dufourq-2023,annomate,zenodo.7828148-v1-666683-60,svl_label,1,"Paridae_Saxicola_rubetra,8",,
jeantet-dufourq-2023,annomate,zenodo.7828148-v1-666683-61,svl_label,1,"Paridae_Saxicola_rubetra,8",,
jeantet-dufourq-2023,annomate,zenodo.7828148-v1-666683-62,svl_label,1,"Paridae_Saxicola_rubetra,8",,
jeantet-dufourq-2023,annomate,zenodo.7828148-v1-666683-63,svl_label,1,"Paridae_Saxicola_rubetra,8",,
jeantet-dufourq-2023,annomate,zenodo.7828148-v1-666683-64,svl_label,1,"Paridae_Saxicola_rubetra,8",,
jeantet-dufourq-2023,annomate,zenodo.7828148-v1-666683-65,svl_label,1,"Paridae_Saxicola_rubetra,8",,
jeantet-dufourq-2023,annomate,zenodo.7828148-v1-666685-1,svl_label,1,"Paridae_Saxicola_rubetra,9",,
jeantet-dufourq-2023,annomate,zenodo.7828148-v1-666685-2,svl_label,1,"Paridae_Saxicola_rubetra,9",,
jeantet-dufourq-2023,annomate,zenodo.7828148-v1-666685-3,svl_label,1,"Paridae_Saxicola_rubetra,9",,
jeantet-dufourq-2023,annomate,zenodo.7828148-v1-666685-4,svl_label,1,"Paridae_Saxicola_rubetra,9",,
jeantet-dufourq-2023,annomate,zenodo.7828148-v1-666685-5,svl_label,1,"Paridae_Saxicola_rubetra,9",,
jeantet-dufourq-2023,annomate,zenodo.7828148-v1-666685-6,svl_label,1,"Paridae_Saxicola_rubetra,9",,
jeantet-dufourq-2023,annomate,zenodo.7828148-v1-666685-7,svl_label,1,"Paridae_Saxicola_rubetra,9",,
jeantet-dufourq-2023,annomate,zenodo.7828148-v1-666685-8,svl_label,1,"Paridae_Saxicola_rubetra,9",,
jeantet-dufourq-2023,annomate,zenodo.7828148-v1-666685-9,svl_label,1,"Paridae_Saxicola_rubetra,9",,
jeantet-dufourq-2023,annomate,zenodo.7828148-v1-666685-10,svl_label,1,"Paridae_Saxicola_rubetra,9",,
jeantet-dufourq-2023,annomate,zenodo.7828148-v1-666685-11,svl_label,1,"Paridae_Saxicola_rubetra,9",,
jeantet-dufourq-2023,annomate,zenodo.7828148-v1-666685-12,svl_label,1,"Paridae_Saxicola_rubetra,9",,
jeantet-dufourq-2023,annomate,zenodo.7828148-v1-666685-13,svl_label,1,"Paridae_Saxicola_rubetra,9",,
jeantet-dufourq-2023,annomate,zenodo.7828148-v1-666685-14,svl_label,1,"Paridae_Saxicola_rubetra,9",,
jeantet-dufourq-2023,annomate,zenodo.7828148-v1-666685-15,svl_label,1,"Paridae_Saxicola_rubetra,9",,
jeantet-dufourq-2023,annomate,zenodo.7828148-v1-666685-16,svl_label,1,"Paridae_Saxicola_rubetra,9",,
jeantet-dufourq-2023,annomate,zenodo.7828148-v1-666685-17,svl_label,1,"Paridae_Saxicola_rubetra,9",,
jeantet-dufourq-2023,annomate,zenodo.7828148-v1-666685-18,svl_label,1,"Paridae_Saxicola_rubetra,9",,
jeantet-dufourq-2023,annomate,zenodo.7828148-v1-666685-19,svl_label,1,"Paridae_Saxicola_rubetra,9",,
jeantet-dufourq-2023,annomate,zenodo.7828148-v1-666773-1,svl_label,1,"Troglodytidae_Troglodytes_troglodytes,8",,
jeantet-dufourq-2023,annomate,zenodo.7828148-v1-666773-2,svl_label,1,"Troglodytidae_Troglodytes_troglodytes,8",,
jeantet-dufourq-2023,annomate,zenodo.7828148-v1-666773-3,svl_label,1,"Troglodytidae_Troglodytes_troglodytes,8",,
jeantet-dufourq-2023,annomate,zenodo.7828148-v1-666773-4,svl_label,1,"Troglodytidae_Troglodytes_troglodytes,8",,
jeantet-dufourq-2023,annomate,zenodo.7828148-v1-666773-5,svl_label,1,"Troglodytidae_Troglodytes_troglodytes,8",,
jeantet-dufourq-2023,annomate,zenodo.7828148-v1-666773-6,svl_label,1,"Troglodytidae_Troglodytes_troglodytes,8",,
jeantet-dufourq-2023,annomate,zenodo.7828148-v1-666773-7,svl_label,1,"Troglodytidae_Troglodytes_troglodytes,8",,
jeantet-dufourq-2023,annomate,zenodo.7828148-v1-666773-8,svl_label,1,"Troglodytidae_Troglodytes_troglodytes,8",,
jeantet-dufourq-2023,annomate,zenodo.7828148-v1-666773-9,svl_label,1,"Troglodytidae_Troglodytes_troglodytes,8",,
jeantet-dufourq-2023,annomate,zenodo.7828148-v1-666773-10,svl_label,1,"Troglodytidae_Troglodytes_troglodytes,8",,
jeantet-dufourq-2023,annomate,zenodo.7828148-v1-666773-11,svl_label,1,"Troglodytidae_Troglodytes_troglodytes,8",,
jeantet-dufourq-2023,annomate,zenodo.7828148-v1-666773-12,svl_label,1,"Troglodytidae_Troglodytes_troglodytes,8",,
jeantet-dufourq-2023,annomate,zenodo.7828148-v1-666773-13,svl_label,1,"Troglodytidae_Troglodytes_troglodytes,8",,
jeantet-dufourq-2023,annomate,zenodo.7828148-v1-666819-1,svl_label,1,"Troglodytidae_Troglodytes_troglodytes,9",,
jeantet-dufourq-2023,annomate,zenodo.7828148-v1-666819-2,svl_label,1,"Troglodytidae_Troglodytes_troglodytes,9",,
jeantet-dufourq-2023,annomate,zenodo.7828148-v1-666819-3,svl_label,1,"Troglodytidae_Troglodytes_troglodytes,9",,
jeantet-dufourq-2023,annomate,zenodo.7828148-v1-666820-1,svl_label,1,"Troglodytidae_Troglodytes_troglodytes,9",,
jeantet-dufourq-2023,annomate,zenodo.7828148-v1-666820-2,svl_label,1,"Troglodytidae_Troglodytes_troglodytes,9",,
jeantet-dufourq-2023,annomate,zenodo.7828148-v1-666874-1,svl_label,1,"Troglodytidae_Troglodytes_troglodytes,9",,
jeantet-dufourq-2023,annomate,zenodo.7828148-v1-666875-1,svl_label,1,"Troglodytidae_Troglodytes_troglodytes,9",,
jeantet-dufourq-2023,annomate,zenodo.7828148-v1-6675-1,svl_label,1,"Turdidae_Catharus_fuscater,9",,
jeantet-dufourq-2023,annomate,zenodo.7828148-v1-6675-2,svl_label,1,"Turdidae_Catharus_fuscater,9",,
jeantet-dufourq-2023,annomate,zenodo.7828148-v1-6675-3,svl_label,1,"Turdidae_Catharus_fuscater,9",,
jeantet-dufourq-2023,annomate,zenodo.7828148-v1-6675-4,svl_label,1,"Turdidae_Catharus_fuscater,9",,
jeantet-dufourq-2023,annomate,zenodo.7828148-v1-6675-5,svl_label,1,"Turdidae_Catharus_fuscater,9",,
jeantet-dufourq-2023,annomate,zenodo.7828148-v1-6675-6,svl_label,1,"Turdidae_Catharus_fuscater,9",,
jeantet-dufourq-2023,annomate,zenodo.7828148-v1-6675-7,svl_label,1,"Turdidae_Catharus_fuscater,9",,
jeantet-dufourq-2023,annomate,zenodo.7828148-v1-6675-8,svl_label,1,"Turdidae_Catharus_fuscater,9",,
jeantet-dufourq-2023,annomate,zenodo.7828148-v1-6675-9,svl_label,1,"Turdidae_Catharus_fuscater,9",,
jeantet-dufourq-2023,annomate,zenodo.7828148-v1-6675-10,svl_label,1,"Turdidae_Catharus_fuscater,9",,
jeantet-dufourq-2023,annomate,zenodo.7828148-v1-6675-11,svl_label,1,"Turdidae_Catharus_fuscater,9",,
jeantet-dufourq-2023,annomate,zenodo.7828148-v1-6675-12,svl_label,1,"Turdidae_Catharus_fuscater,9",,
jeantet-dufourq-2023,annomate,zenodo.7828148-v1-668520-1,svl_label,1,"Troglodytidae_Troglodytes_troglodytes, 10",,
jeantet-dufourq-2023,annomate,zenodo.7828148-v1-668520-2,svl_label,1,"Troglodytidae_Troglodytes_troglodytes, 10",,
jeantet-dufourq-2023,annomate,zenodo.7828148-v1-668520-3,svl_label,1,"Troglodytidae_Troglodytes_troglodytes, 10",,
jeantet-dufourq-2023,annomate,zenodo.7828148-v1-668520-4,svl_label,1,"Troglodytidae_Troglodytes_troglodytes, 10",,
jeantet-dufourq-2023,annomate,zenodo.7828148-v1-668520-5,svl_label,1,"Troglodytidae_Troglodytes_troglodytes, 10",,
jeantet-dufourq-2023,annomate,zenodo.7828148-v1-668520-6,svl_label,1,"Troglodytidae_Troglodytes_troglodytes, 10",,
jeantet-dufourq-2023,annomate,zenodo.7828148-v1-668520-7,svl_label,1,"Troglodytidae_Troglodytes_troglodytes, 10",,
jeantet-dufourq-2023,annomate,zenodo.7828148-v1-668520-8,svl_label,1,"Troglodytidae_Troglodytes_troglodytes, 10",,
jeantet-dufourq-2023,annomate,zenodo.7828148-v1-668520-9,svl_label,1,"Troglodytidae_Troglodytes_troglodytes, 10",,
jeantet-dufourq-2023,annomate,zenodo.7828148-v1-668520-10,svl_label,1,"Troglodytidae_Troglodytes_troglodytes, 10",,
jeantet-dufourq-2023,annomate,zenodo.7828148-v1-668520-11,svl_label,1,"Troglodytidae_Troglodytes_troglodytes, 10",,
jeantet-dufourq-2023,annomate,zenodo.7828148-v1-668520-12,svl_label,1,"Troglodytidae_Troglodytes_troglodytes, 10",,
jeantet-dufourq-2023,annomate,zenodo.7828148-v1-668520-13,svl_label,1,"Troglodytidae_Troglodytes_troglodytes, 10",,
jeantet-dufourq-2023,annomate,zenodo.7828148-v1-668520-14,svl_label,1,"Troglodytidae_Troglodytes_troglodytes, 10",,
jeantet-dufourq-2023,annomate,zenodo.7828148-v1-668520-15,svl_label,1,"Troglodytidae_Troglodytes_troglodytes, 10",,
jeantet-dufourq-2023,annomate,zenodo.7828148-v1-668520-16,svl_label,1,"Troglodytidae_Troglodytes_troglodytes, 10",,
jeantet-dufourq-2023,annomate,zenodo.7828148-v1-668520-17,svl_label,1,"Troglodytidae_Troglodytes_troglodytes, 10",,
jeantet-dufourq-2023,annomate,zenodo.7828148-v1-668709-1,svl_label,1,"Troglodytidae_Troglodytes_aedon,8",,
jeantet-dufourq-2023,annomate,zenodo.7828148-v1-668709-2,svl_label,1,"Troglodytidae_Troglodytes_aedon,8",,
jeantet-dufourq-2023,annomate,zenodo.7828148-v1-668709-3,svl_label,1,"Troglodytidae_Troglodytes_aedon,8",,
jeantet-dufourq-2023,annomate,zenodo.7828148-v1-668709-4,svl_label,1,"Troglodytidae_Troglodytes_aedon,8",,
jeantet-dufourq-2023,annomate,zenodo.7828148-v1-668709-5,svl_label,1,"Troglodytidae_Troglodytes_aedon,8",,
jeantet-dufourq-2023,annomate,zenodo.7828148-v1-669717-1,svl_label,1,"Troglodytidae_Troglodytes_troglodytes, 10",,
jeantet-dufourq-2023,annomate,zenodo.7828148-v1-669717-2,svl_label,1,"Troglodytidae_Troglodytes_troglodytes, 10",,
jeantet-dufourq-2023,annomate,zenodo.7828148-v1-669717-3,svl_label,1,"Troglodytidae_Troglodytes_troglodytes, 10",,
jeantet-dufourq-2023,annomate,zenodo.7828148-v1-670913-1,svl_label,1,"Troglodytidae_Troglodytes_troglodytes,9",,
jeantet-dufourq-2023,annomate,zenodo.7828148-v1-670913-2,svl_label,1,"Troglodytidae_Troglodytes_troglodytes,9",,
jeantet-dufourq-2023,annomate,zenodo.7828148-v1-670913-3,svl_label,1,"Troglodytidae_Troglodytes_troglodytes,9",,
jeantet-dufourq-2023,annomate,zenodo.7828148-v1-670913-4,svl_label,1,"Troglodytidae_Troglodytes_troglodytes,9",,
jeantet-dufourq-2023,annomate,zenodo.7828148-v1-670913-5,svl_label,1,"Troglodytidae_Troglodytes_troglodytes,9",,
jeantet-dufourq-2023,annomate,zenodo.7828148-v1-670913-6,svl_label,1,"Troglodytidae_Troglodytes_troglodytes,9",,
jeantet-dufourq-2023,annomate,zenodo.7828148-v1-670913-7,svl_label,1,"Troglodytidae_Troglodytes_troglodytes,9",,
jeantet-dufourq-2023,annomate,zenodo.7828148-v1-670913-8,svl_label,1,"Troglodytidae_Troglodytes_troglodytes,9",,
jeantet-dufourq-2023,annomate,zenodo.7828148-v1-670913-9,svl_label,1,"Troglodytidae_Troglodytes_troglodytes,9",,
jeantet-dufourq-2023,annomate,zenodo.7828148-v1-670913-10,svl_label,1,"Troglodytidae_Troglodytes_troglodytes,9",,
jeantet-dufourq-2023,annomate,zenodo.7828148-v1-670913-11,svl_label,1,"Troglodytidae_Troglodytes_troglodytes,9",,
jeantet-dufourq-2023,annomate,zenodo.7828148-v1-670913-12,svl_label,1,"Troglodytidae_Troglodytes_troglodytes,9",,
jeantet-dufourq-2023,annomate,zenodo.7828148-v1-670913-13,svl_label,1,"Troglodytidae_Troglodytes_troglodytes,9",,
jeantet-dufourq-2023,annomate,zenodo.7828148-v1-671922-1,svl_label,1,"Troglodytidae_Troglodytes_troglodytes, 10",,
jeantet-dufourq-2023,annomate,zenodo.7828148-v1-671922-2,svl_label,1,"Troglodytidae_Troglodytes_troglodytes, 10",,
jeantet-dufourq-2023,annomate,zenodo.7828148-v1-671922-3,svl_label,1,"Troglodytidae_Troglodytes_troglodytes, 10",,
jeantet-dufourq-2023,annomate,zenodo.7828148-v1-672278-1,svl_label,1,"Paridae_Hypocnemis_peruviana,8",,
jeantet-dufourq-2023,annomate,zenodo.7828148-v1-672278-2,svl_label,1,"Paridae_Hypocnemis_peruviana,8",,
jeantet-dufourq-2023,annomate,zenodo.7828148-v1-672278-3,svl_label,1,"Paridae_Hypocnemis_peruviana,8",,
jeantet-dufourq-2023,annomate,zenodo.7828148-v1-672278-4,svl_label,1,"Paridae_Hypocnemis_peruviana,8",,
jeantet-dufourq-2023,annomate,zenodo.7828148-v1-672278-5,svl_label,1,"Paridae_Hypocnemis_peruviana,8",,
jeantet-dufourq-2023,annomate,zenodo.7828148-v1-672279-1,svl_label,1,"Paridae_Hypocnemis_peruviana,9",,
jeantet-dufourq-2023,annomate,zenodo.7828148-v1-672279-2,svl_label,1,"Paridae_Hypocnemis_peruviana,9",,
jeantet-dufourq-2023,annomate,zenodo.7828148-v1-672279-3,svl_label,1,"Paridae_Hypocnemis_peruviana,9",,
jeantet-dufourq-2023,annomate,zenodo.7828148-v1-672279-4,svl_label,1,"Paridae_Hypocnemis_peruviana,9",,
jeantet-dufourq-2023,annomate,zenodo.7828148-v1-672279-5,svl_label,1,"Paridae_Hypocnemis_peruviana,8",,
jeantet-dufourq-2023,annomate,zenodo.7828148-v1-672279-6,svl_label,1,"Paridae_Hypocnemis_peruviana,9",,
jeantet-dufourq-2023,annomate,zenodo.7828148-v1-678062-1,svl_label,1,"Troglodytidae_Troglodytes_troglodytes,9",,
jeantet-dufourq-2023,annomate,zenodo.7828148-v1-678191-1,svl_label,1,"Troglodytidae_Troglodytes_troglodytes,9",,
jeantet-dufourq-2023,annomate,zenodo.7828148-v1-679650-1,svl_label,1,"Troglodytidae_Troglodytes_troglodytes,10",,
jeantet-dufourq-2023,annomate,zenodo.7828148-v1-679650-2,svl_label,1,"Troglodytidae_Troglodytes_troglodytes,10",,
jeantet-dufourq-2023,annomate,zenodo.7828148-v1-679650-3,svl_label,1,"Troglodytidae_Troglodytes_troglodytes,10",,
jeantet-dufourq-2023,annomate,zenodo.7828148-v1-679650-4,svl_label,1,"Troglodytidae_Troglodytes_troglodytes,10",,
jeantet-dufourq-2023,annomate,zenodo.7828148-v1-680216-1,svl_label,1,"Troglodytidae_Troglodytes_troglodytes, 10",,
jeantet-dufourq-2023,annomate,zenodo.7828148-v1-680216-2,svl_label,1,"Troglodytidae_Troglodytes_troglodytes, 10",,
jeantet-dufourq-2023,annomate,zenodo.7828148-v1-680216-3,svl_label,1,"Troglodytidae_Troglodytes_troglodytes, 10",,
jeantet-dufourq-2023,annomate,zenodo.7828148-v1-683507-1,svl_label,1,"Fringillidae_Serinus_serinus, 10",,
jeantet-dufourq-2023,annomate,zenodo.7828148-v1-683507-2,svl_label,1,"Fringillidae_Serinus_serinus, 10",,
jeantet-dufourq-2023,annomate,zenodo.7828148-v1-683507-3,svl_label,1,"Fringillidae_Serinus_serinus, 10",,
jeantet-dufourq-2023,annomate,zenodo.7828148-v1-683507-4,svl_label,1,"Fringillidae_Serinus_serinus, 10",,
jeantet-dufourq-2023,annomate,zenodo.7828148-v1-683510-1,svl_label,1,"Fringillidae_Serinus_serinus,9",,
jeantet-dufourq-2023,annomate,zenodo.7828148-v1-683510-2,svl_label,1,"Fringillidae_Serinus_serinus,9",,
jeantet-dufourq-2023,annomate,zenodo.7828148-v1-683510-3,svl_label,1,"Fringillidae_Serinus_serinus,9",,
jeantet-dufourq-2023,annomate,zenodo.7828148-v1-683510-4,svl_label,1,"Fringillidae_Serinus_serinus,9",,
jeantet-dufourq-2023,annomate,zenodo.7828148-v1-683510-5,svl_label,1,"Fringillidae_Serinus_serinus,9",,
jeantet-dufourq-2023,annomate,zenodo.7828148-v1-68499-1,svl_label,1,"Paridae_Hypocnemis_hypoxantha,9",,
jeantet-dufourq-2023,annomate,zenodo.7828148-v1-68499-2,svl_label,1,"Paridae_Hypocnemis_hypoxantha,9",,
jeantet-dufourq-2023,annomate,zenodo.7828148-v1-68499-3,svl_label,1,"Paridae_Hypocnemis_hypoxantha,9",,
jeantet-dufourq-2023,annomate,zenodo.7828148-v1-68499-4,svl_label,1,"Paridae_Hypocnemis_hypoxantha,9",,
jeantet-dufourq-2023,annomate,zenodo.7828148-v1-68499-5,svl_label,1,"Paridae_Hypocnemis_hypoxantha,9",,
jeantet-dufourq-2023,annomate,zenodo.7828148-v1-68499-6,svl_label,1,"Paridae_Hypocnemis_hypoxantha,9",,
jeantet-dufourq-2023,annomate,zenodo.7828148-v1-68499-7,svl_label,1,"Paridae_Hypocnemis_hypoxantha,9",,
jeantet-dufourq-2023,annomate,zenodo.7828148-v1-685372-1,svl_label,1,"Troglodytidae_Troglodytes_troglodytes,9",,
jeantet-dufourq-2023,annomate,zenodo.7828148-v1-685372-2,svl_label,1,"Troglodytidae_Troglodytes_troglodytes,9",,
jeantet-dufourq-2023,annomate,zenodo.7828148-v1-685372-3,svl_label,1,"Troglodytidae_Troglodytes_troglodytes,9",,
jeantet-dufourq-2023,annomate,zenodo.7828148-v1-685427-1,svl_label,1,"Troglodytidae_Troglodytes_troglodytes,9",,
jeantet-dufourq-2023,annomate,zenodo.7828148-v1-685427-2,svl_label,1,"Troglodytidae_Troglodytes_troglodytes,9",,
jeantet-dufourq-2023,annomate,zenodo.7828148-v1-685921-1,svl_label,1,"Troglodytidae_Troglodytes_troglodytes,9",,
jeantet-dufourq-2023,annomate,zenodo.7828148-v1-685921-2,svl_label,1,"Troglodytidae_Troglodytes_troglodytes,9",,
jeantet-dufourq-2023,annomate,zenodo.7828148-v1-687061-3,svl_label,1,"Troglodytidae_Troglodytes_troglodytes, 10",,
jeantet-dufourq-2023,annomate,zenodo.7828148-v1-687061-4,svl_label,1,"Troglodytidae_Troglodytes_troglodytes, 10",,
jeantet-dufourq-2023,annomate,zenodo.7828148-v1-687061-5,svl_label,1,"Troglodytidae_Troglodytes_troglodytes, 10",,
jeantet-dufourq-2023,annomate,zenodo.7828148-v1-687061-6,svl_label,1,"Troglodytidae_Troglodytes_troglodytes, 10",,
jeantet-dufourq-2023,annomate,zenodo.7828148-v1-687061-7,svl_label,1,"Troglodytidae_Troglodytes_troglodytes, 10",,
jeantet-dufourq-2023,annomate,zenodo.7828148-v1-687061-8,svl_label,1,"Troglodytidae_Troglodytes_troglodytes, 10",,
jeantet-dufourq-2023,annomate,zenodo.7828148-v1-687061-9,svl_label,1,"Troglodytidae_Troglodytes_troglodytes, 10",,
jeantet-dufourq-2023,annomate,zenodo.7828148-v1-687061-10,svl_label,1,"Troglodytidae_Troglodytes_troglodytes, 10",,
jeantet-dufourq-2023,annomate,zenodo.7828148-v1-687061-11,svl_label,1,"Troglodytidae_Troglodytes_troglodytes, 10",,
jeantet-dufourq-2023,annomate,zenodo.7828148-v1-687177-1,svl_label,1,"Troglodytidae_Troglodytes_troglodytes,9",,
jeantet-dufourq-2023,annomate,zenodo.7828148-v1-687181-1,svl_label,1,"Troglodytidae_Troglodytes_troglodytes, 10",,
jeantet-dufourq-2023,annomate,zenodo.7828148-v1-687181-2,svl_label,1,"Troglodytidae_Troglodytes_troglodytes, 10",,
jeantet-dufourq-2023,annomate,zenodo.7828148-v1-687194-1,svl_label,1,"Troglodytidae_Troglodytes_troglodytes,8",,
jeantet-dufourq-2023,annomate,zenodo.7828148-v1-687194-2,svl_label,1,"Troglodytidae_Troglodytes_troglodytes,8",,
jeantet-dufourq-2023,annomate,zenodo.7828148-v1-687194-3,svl_label,1,"Troglodytidae_Troglodytes_troglodytes,8",,
jeantet-dufourq-2023,annomate,zenodo.7828148-v1-687194-4,svl_label,1,"Troglodytidae_Troglodytes_troglodytes,8",,
jeantet-dufourq-2023,annomate,zenodo.7828148-v1-687194-5,svl_label,1,"Troglodytidae_Troglodytes_troglodytes,8",,
jeantet-dufourq-2023,annomate,zenodo.7828148-v1-687194-6,svl_label,1,"Troglodytidae_Troglodytes_troglodytes,8",,
jeantet-dufourq-2023,annomate,zenodo.7828148-v1-687194-7,svl_label,1,"Troglodytidae_Troglodytes_troglodytes,8",,
jeantet-dufourq-2023,annomate,zenodo.7828148-v1-687194-8,svl_label,1,"Troglodytidae_Troglodytes_troglodytes,8",,
jeantet-dufourq-2023,annomate,zenodo.7828148-v1-687194-9,svl_label,1,"Troglodytidae_Troglodytes_troglodytes,8",,
jeantet-dufourq-2023,annomate,zenodo.7828148-v1-687194-10,svl_label,1,"Troglodytidae_Troglodytes_troglodytes,8",,
jeantet-dufourq-2023,annomate,zenodo.7828148-v1-687194-11,svl_label,1,"Troglodytidae_Troglodytes_troglodytes,8",,
jeantet-dufourq-2023,annomate,zenodo.7828148-v1-687194-12,svl_label,1,"Troglodytidae_Troglodytes_troglodytes,8",,
jeantet-dufourq-2023,annomate,zenodo.7828148-v1-687194-13,svl_label,1,"Troglodytidae_Troglodytes_troglodytes,8",,
jeantet-dufourq-2023,annomate,zenodo.7828148-v1-688017-1,svl_label,1,"Troglodytidae_Troglodytes_troglodytes,9",,
jeantet-dufourq-2023,annomate,zenodo.7828148-v1-688017-2,svl_label,1,"Troglodytidae_Troglodytes_troglodytes,9",,
jeantet-dufourq-2023,annomate,zenodo.7828148-v1-688017-3,svl_label,1,"Troglodytidae_Troglodytes_troglodytes,9",,
jeantet-dufourq-2023,annomate,zenodo.7828148-v1-688611-1,svl_label,1,"Troglodytidae_Troglodytes_troglodytes,9",,
jeantet-dufourq-2023,annomate,zenodo.7828148-v1-688611-2,svl_label,1,"Troglodytidae_Troglodytes_troglodytes,9",,
jeantet-dufourq-2023,annomate,zenodo.7828148-v1-688611-3,svl_label,1,"Troglodytidae_Troglodytes_troglodytes,9",,
jeantet-dufourq-2023,annomate,zenodo.7828148-v1-688611-4,svl_label,1,"Troglodytidae_Troglodytes_troglodytes,9",,
jeantet-dufourq-2023,annomate,zenodo.7828148-v1-688611-5,svl_label,1,"Troglodytidae_Troglodytes_troglodytes,9",,
jeantet-dufourq-2023,annomate,zenodo.7828148-v1-688611-6,svl_label,1,"Troglodytidae_Troglodytes_troglodytes,9",,
jeantet-dufourq-2023,annomate,zenodo.7828148-v1-689491-1,svl_label,1,"Troglodytidae_Troglodytes_troglodytes,9",,
jeantet-dufourq-2023,annomate,zenodo.7828148-v1-689491-2,svl_label,1,"Troglodytidae_Troglodytes_troglodytes,9",,
jeantet-dufourq-2023,annomate,zenodo.7828148-v1-689491-3,svl_label,1,"Troglodytidae_Troglodytes_troglodytes,9",,
jeantet-dufourq-2023,annomate,zenodo.7828148-v1-689491-4,svl_label,1,"Troglodytidae_Troglodytes_troglodytes,9",,
jeantet-dufourq-2023,annomate,zenodo.7828148-v1-689491-5,svl_label,1,"Troglodytidae_Troglodytes_troglodytes,9",,
jeantet-dufourq-2023,annomate,zenodo.7828148-v1-689491-6,svl_label,1,"Troglodytidae_Troglodytes_troglodytes,9",,
jeantet-dufourq-2023,annomate,zenodo.7828148-v1-689491-7,svl_label,1,"Troglodytidae_Troglodytes_troglodytes,9",,
jeantet-dufourq-2023,annomate,zenodo.7828148-v1-689491-8,svl_label,1,"Troglodytidae_Troglodytes_troglodytes,9",,
jeantet-dufourq-2023,annomate,zenodo.7828148-v1-689491-9,svl_label,1,"Troglodytidae_Troglodytes_troglodytes,9",,
jeantet-dufourq-2023,annomate,zenodo.7828148-v1-689491-10,svl_label,1,"Troglodytidae_Troglodytes_troglodytes,9",,
jeantet-dufourq-2023,annomate,zenodo.7828148-v1-689491-11,svl_label,1,"Troglodytidae_Troglodytes_troglodytes,9",,
jeantet-dufourq-2023,annomate,zenodo.7828148-v1-689491-12,svl_label,1,"Troglodytidae_Troglodytes_troglodytes,9",,
jeantet-dufourq-2023,annomate,zenodo.7828148-v1-689491-13,svl_label,1,"Troglodytidae_Troglodytes_troglodytes,9",,
jeantet-dufourq-2023,annomate,zenodo.7828148-v1-689491-14,svl_label,1,"Troglodytidae_Troglodytes_troglodytes,9",,
jeantet-dufourq-2023,annomate,zenodo.7828148-v1-689491-15,svl_label,1,"Troglodytidae_Troglodytes_troglodytes,9",,
jeantet-dufourq-2023,annomate,zenodo.7828148-v1-689996-1,svl_label,1,"Paridae_Saxicola_rubetra,9",,
jeantet-dufourq-2023,annomate,zenodo.7828148-v1-689996-2,svl_label,1,"Paridae_Saxicola_rubetra,9",,
jeantet-dufourq-2023,annomate,zenodo.7828148-v1-689996-3,svl_label,1,"Paridae_Saxicola_rubetra,9",,
jeantet-dufourq-2023,annomate,zenodo.7828148-v1-689996-4,svl_label,1,"Paridae_Saxicola_rubetra,9",,
jeantet-dufourq-2023,annomate,zenodo.7828148-v1-689996-5,svl_label,1,"Paridae_Saxicola_rubetra,9",,
jeantet-dufourq-2023,annomate,zenodo.7828148-v1-689996-6,svl_label,1,"Paridae_Saxicola_rubetra,9",,
jeantet-dufourq-2023,annomate,zenodo.7828148-v1-689996-7,svl_label,1,"Paridae_Saxicola_rubetra,9",,
jeantet-dufourq-2023,annomate,zenodo.7828148-v1-689996-8,svl_label,1,"Paridae_Saxicola_rubetra,9",,
jeantet-dufourq-2023,annomate,zenodo.7828148-v1-689996-9,svl_label,1,"Paridae_Saxicola_rubetra,9",,
jeantet-dufourq-2023,annomate,zenodo.7828148-v1-689996-10,svl_label,1,"Paridae_Saxicola_rubetra,9",,
jeantet-dufourq-2023,annomate,zenodo.7828148-v1-692157-1,svl_label,1,"Troglodytidae_Troglodytes_troglodytes,9",,
jeantet-dufourq-2023,annomate,zenodo.7828148-v1-692157-2,svl_label,1,"Troglodytidae_Troglodytes_troglodytes,9",,
jeantet-dufourq-2023,annomate,zenodo.7828148-v1-692157-3,svl_label,1,"Troglodytidae_Troglodytes_troglodytes,9",,
jeantet-dufourq-2023,annomate,zenodo.7828148-v1-692157-4,svl_label,1,"Troglodytidae_Troglodytes_troglodytes,9",,
jeantet-dufourq-2023,annomate,zenodo.7828148-v1-692192-1,svl_label,1,"Turdidae_Catharus_fuscescens,9",,
jeantet-dufourq-2023,annomate,zenodo.7828148-v1-692192-2,svl_label,1,"Turdidae_Catharus_fuscescens,9",,
jeantet-dufourq-2023,annomate,zenodo.7828148-v1-692192-3,svl_label,1,"Turdidae_Catharus_fuscescens,9",,
jeantet-dufourq-2023,annomate,zenodo.7828148-v1-692192-4,svl_label,1,"Turdidae_Catharus_fuscescens,9",,
jeantet-dufourq-2023,annomate,zenodo.7828148-v1-692192-5,svl_label,1,"Turdidae_Catharus_fuscescens,9",,
jeantet-dufourq-2023,annomate,zenodo.7828148-v1-692192-6,svl_label,1,"Turdidae_Catharus_fuscescens,9",,
jeantet-dufourq-2023,annomate,zenodo.7828148-v1-692192-7,svl_label,1,"Turdidae_Catharus_fuscescens,9",,
jeantet-dufourq-2023,annomate,zenodo.7828148-v1-692192-8,svl_label,1,"Turdidae_Catharus_fuscescens,9",,
jeantet-dufourq-2023,annomate,zenodo.7828148-v1-692192-9,svl_label,1,"Turdidae_Catharus_fuscescens,9",,
jeantet-dufourq-2023,annomate,zenodo.7828148-v1-692192-10,svl_label,1,"Turdidae_Catharus_fuscescens,9",,
jeantet-dufourq-2023,annomate,zenodo.7828148-v1-692192-11,svl_label,1,"Turdidae_Catharus_fuscescens,9",,
jeantet-dufourq-2023,annomate,zenodo.7828148-v1-692192-12,svl_label,1,"Turdidae_Catharus_fuscescens,9",,
jeantet-dufourq-2023,annomate,zenodo.7828148-v1-692192-13,svl_label,1,"Turdidae_Catharus_fuscescens,9",,
jeantet-dufourq-2023,annomate,zenodo.7828148-v1-692192-14,svl_label,1,"Turdidae_Catharus_fuscescens,9",,
jeantet-dufourq-2023,annomate,zenodo.7828148-v1-692192-15,svl_label,1,"Turdidae_Catharus_fuscescens,9",,
jeantet-dufourq-2023,annomate,zenodo.7828148-v1-692192-16,svl_label,1,"Turdidae_Catharus_fuscescens,9",,
jeantet-dufourq-2023,annomate,zenodo.7828148-v1-692205-1,svl_label,1,"Troglodytidae_Troglodytes_hiemalis,8",,
jeantet-dufourq-2023,annomate,zenodo.7828148-v1-692205-2,svl_label,1,"Troglodytidae_Troglodytes_hiemalis,8",,
jeantet-dufourq-2023,annomate,zenodo.7828148-v1-692205-3,svl_label,1,"Troglodytidae_Troglodytes_hiemalis,8",,
jeantet-dufourq-2023,annomate,zenodo.7828148-v1-692205-4,svl_label,1,"Troglodytidae_Troglodytes_hiemalis,8",,
jeantet-dufourq-2023,annomate,zenodo.7828148-v1-692205-5,svl_label,1,"Troglodytidae_Troglodytes_hiemalis,8",,
jeantet-dufourq-2023,annomate,zenodo.7828148-v1-692205-6,svl_label,1,"Troglodytidae_Troglodytes_hiemalis,8",,
jeantet-dufourq-2023,annomate,zenodo.7828148-v1-692205-7,svl_label,1,"Troglodytidae_Troglodytes_hiemalis,8",,
jeantet-dufourq-2023,annomate,zenodo.7828148-v1-693384-1,svl_label,1,"Turdidae_Catharus_fuscater,8",,
jeantet-dufourq-2023,annomate,zenodo.7828148-v1-693384-2,svl_label,1,"Turdidae_Catharus_fuscater,8",,
jeantet-dufourq-2023,annomate,zenodo.7828148-v1-693384-3,svl_label,1,"Turdidae_Catharus_fuscater,8",,
jeantet-dufourq-2023,annomate,zenodo.7828148-v1-693384-4,svl_label,1,"Turdidae_Catharus_fuscater,8",,
jeantet-dufourq-2023,annomate,zenodo.7828148-v1-693384-5,svl_label,1,"Turdidae_Catharus_fuscater,8",,
jeantet-dufourq-2023,annomate,zenodo.7828148-v1-693384-6,svl_label,1,"Turdidae_Catharus_fuscater,8",,
jeantet-dufourq-2023,annomate,zenodo.7828148-v1-693384-7,svl_label,1,"Turdidae_Catharus_fuscater,8",,
jeantet-dufourq-2023,annomate,zenodo.7828148-v1-693384-8,svl_label,1,"Turdidae_Catharus_fuscater,8",,
jeantet-dufourq-2023,annomate,zenodo.7828148-v1-693384-9,svl_label,1,"Turdidae_Catharus_fuscater,8",,
jeantet-dufourq-2023,annomate,zenodo.7828148-v1-693384-10,svl_label,1,"Turdidae_Catharus_fuscater,8",,
jeantet-dufourq-2023,annomate,zenodo.7828148-v1-693384-11,svl_label,1,"Turdidae_Catharus_fuscater,8",,
jeantet-dufourq-2023,annomate,zenodo.7828148-v1-693384-12,svl_label,1,"Turdidae_Catharus_fuscater,8",,
jeantet-dufourq-2023,annomate,zenodo.7828148-v1-693384-13,svl_label,1,"Turdidae_Catharus_fuscater,8",,
jeantet-dufourq-2023,annomate,zenodo.7828148-v1-693384-14,svl_label,1,"Turdidae_Catharus_fuscater,8",,
jeantet-dufourq-2023,annomate,zenodo.7828148-v1-693384-15,svl_label,1,"Turdidae_Catharus_fuscater,8",,
jeantet-dufourq-2023,annomate,zenodo.7828148-v1-693384-16,svl_label,1,"Turdidae_Catharus_fuscater,8",,
jeantet-dufourq-2023,annomate,zenodo.7828148-v1-693384-17,svl_label,1,"Turdidae_Catharus_fuscater,8",,
jeantet-dufourq-2023,annomate,zenodo.7828148-v1-693385-1,svl_label,1,"Turdidae_Catharus_fuscater,8",,
jeantet-dufourq-2023,annomate,zenodo.7828148-v1-693385-2,svl_label,1,"Turdidae_Catharus_fuscater,8",,
jeantet-dufourq-2023,annomate,zenodo.7828148-v1-693385-3,svl_label,1,"Turdidae_Catharus_fuscater,8",,
jeantet-dufourq-2023,annomate,zenodo.7828148-v1-693385-4,svl_label,1,"Turdidae_Catharus_fuscater,8",,
jeantet-dufourq-2023,annomate,zenodo.7828148-v1-693385-5,svl_label,1,"Turdidae_Catharus_fuscater,8",,
jeantet-dufourq-2023,annomate,zenodo.7828148-v1-693385-6,svl_label,1,"Turdidae_Catharus_fuscater,8",,
jeantet-dufourq-2023,annomate,zenodo.7828148-v1-693385-7,svl_label,1,"Turdidae_Catharus_fuscater,8",,
jeantet-dufourq-2023,annomate,zenodo.7828148-v1-693385-8,svl_label,1,"Turdidae_Catharus_fuscater,8",,
jeantet-dufourq-2023,annomate,zenodo.7828148-v1-693385-9,svl_label,1,"Turdidae_Catharus_fuscater,8",,
jeantet-dufourq-2023,annomate,zenodo.7828148-v1-693385-10,svl_label,1,"Turdidae_Catharus_fuscater,8",,
jeantet-dufourq-2023,annomate,zenodo.7828148-v1-693385-11,svl_label,1,"Turdidae_Catharus_fuscater,8",,
jeantet-dufourq-2023,annomate,zenodo.7828148-v1-693385-12,svl_label,1,"Turdidae_Catharus_fuscater,8",,
jeantet-dufourq-2023,annomate,zenodo.7828148-v1-693385-13,svl_label,1,"Turdidae_Catharus_fuscater,8",,
jeantet-dufourq-2023,annomate,zenodo.7828148-v1-693385-14,svl_label,1,"Turdidae_Catharus_fuscater,8",,
jeantet-dufourq-2023,annomate,zenodo.7828148-v1-693385-15,svl_label,1,"Turdidae_Catharus_fuscater,8",,
jeantet-dufourq-2023,annomate,zenodo.7828148-v1-693385-16,svl_label,1,"Turdidae_Catharus_fuscater,8",,
jeantet-dufourq-2023,annomate,zenodo.7828148-v1-695010-1,svl_label,1,"Troglodytidae_Troglodytes_troglodytes,9",,
jeantet-dufourq-2023,annomate,zenodo.7828148-v1-695010-2,svl_label,1,"Troglodytidae_Troglodytes_troglodytes,9",,
jeantet-dufourq-2023,annomate,zenodo.7828148-v1-695010-3,svl_label,1,"Troglodytidae_Troglodytes_troglodytes,9",,
jeantet-dufourq-2023,annomate,zenodo.7828148-v1-695010-4,svl_label,1,"Troglodytidae_Troglodytes_troglodytes,9",,
jeantet-dufourq-2023,annomate,zenodo.7828148-v1-695010-5,svl_label,1,"Troglodytidae_Troglodytes_troglodytes,9",,
jeantet-dufourq-2023,annomate,zenodo.7828148-v1-695010-6,svl_label,1,"Troglodytidae_Troglodytes_troglodytes,9",,
jeantet-dufourq-2023,annomate,zenodo.7828148-v1-695010-7,svl_label,1,"Troglodytidae_Troglodytes_troglodytes,9",,
jeantet-dufourq-2023,annomate,zenodo.7828148-v1-695010-8,svl_label,1,"Troglodytidae_Troglodytes_troglodytes,9",,
jeantet-dufourq-2023,annomate,zenodo.7828148-v1-6962-1,svl_label,1,"Turdidae_Catharus_aurantiirostris,9",,
jeantet-dufourq-2023,annomate,zenodo.7828148-v1-6962-2,svl_label,1,"Turdidae_Catharus_aurantiirostris,9",,
jeantet-dufourq-2023,annomate,zenodo.7828148-v1-6962-3,svl_label,1,"Turdidae_Catharus_aurantiirostris,9",,
jeantet-dufourq-2023,annomate,zenodo.7828148-v1-6962-4,svl_label,1,"Turdidae_Catharus_aurantiirostris,9",,
jeantet-dufourq-2023,annomate,zenodo.7828148-v1-6962-5,svl_label,1,"Turdidae_Catharus_aurantiirostris,9",,
jeantet-dufourq-2023,annomate,zenodo.7828148-v1-6962-6,svl_label,1,"Turdidae_Catharus_aurantiirostris,9",,
jeantet-dufourq-2023,annomate,zenodo.7828148-v1-696513-1,svl_label,1,"Troglodytidae_Troglodytes_troglodytes,9",,
jeantet-dufourq-2023,annomate,zenodo.7828148-v1-696513-2,svl_label,1,"Troglodytidae_Troglodytes_troglodytes,9",,
jeantet-dufourq-2023,annomate,zenodo.7828148-v1-696513-3,svl_label,1,"Troglodytidae_Troglodytes_troglodytes,9",,
jeantet-dufourq-2023,annomate,zenodo.7828148-v1-696513-4,svl_label,1,"Troglodytidae_Troglodytes_troglodytes,9",,
jeantet-dufourq-2023,annomate,zenodo.7828148-v1-697547-1,svl_label,1,"Troglodytidae_Troglodytes_troglodytes,9",,
jeantet-dufourq-2023,annomate,zenodo.7828148-v1-697929-1,svl_label,1,"Troglodytidae_Troglodytes_troglodytes,9",,
jeantet-dufourq-2023,annomate,zenodo.7828148-v1-697929-2,svl_label,1,"Troglodytidae_Troglodytes_troglodytes,9",,
jeantet-dufourq-2023,annomate,zenodo.7828148-v1-699100-1,svl_label,1,"Troglodytidae_Troglodytes_aedon,9",,
jeantet-dufourq-2023,annomate,zenodo.7828148-v1-699100-2,svl_label,1,"Troglodytidae_Troglodytes_aedon,9",,
jeantet-dufourq-2023,annomate,zenodo.7828148-v1-699100-3,svl_label,1,"Troglodytidae_Troglodytes_aedon,9",,
jeantet-dufourq-2023,annomate,zenodo.7828148-v1-699100-4,svl_label,1,"Troglodytidae_Troglodytes_aedon,9",,
jeantet-dufourq-2023,annomate,zenodo.7828148-v1-699100-5,svl_label,1,"Troglodytidae_Troglodytes_aedon,9",,
jeantet-dufourq-2023,annomate,zenodo.7828148-v1-699400-1,svl_label,1,"Troglodytidae_Troglodytes_troglodytes,8",,
jeantet-dufourq-2023,annomate,zenodo.7828148-v1-700254-1,svl_label,1,"Troglodytidae_Troglodytes_troglodytes,8",,
jeantet-dufourq-2023,annomate,zenodo.7828148-v1-700254-2,svl_label,1,"Troglodytidae_Troglodytes_troglodytes,8",,
jeantet-dufourq-2023,annomate,zenodo.7828148-v1-700254-3,svl_label,1,"Troglodytidae_Troglodytes_troglodytes,8",,
jeantet-dufourq-2023,annomate,zenodo.7828148-v1-700254-4,svl_label,1,"Troglodytidae_Troglodytes_troglodytes,8",,
jeantet-dufourq-2023,annomate,zenodo.7828148-v1-700254-5,svl_label,1,"Troglodytidae_Troglodytes_troglodytes,8",,
jeantet-dufourq-2023,annomate,zenodo.7828148-v1-700254-6,svl_label,1,"Troglodytidae_Troglodytes_troglodytes,8",,
jeantet-dufourq-2023,annomate,zenodo.7828148-v1-700254-7,svl_label,1,"Troglodytidae_Troglodytes_troglodytes,8",,
jeantet-dufourq-2023,annomate,zenodo.7828148-v1-70118-1,svl_label,1,"Turdidae_Catharus_minimus,9",,
jeantet-dufourq-2023,annomate,zenodo.7828148-v1-70118-2,svl_label,1,"Turdidae_Catharus_minimus,9",,
jeantet-dufourq-2023,annomate,zenodo.7828148-v1-70118-3,svl_label,1,"Turdidae_Catharus_minimus,9",,
jeantet-dufourq-2023,annomate,zenodo.7828148-v1-70118-4,svl_label,1,"Turdidae_Catharus_minimus,9",,
jeantet-dufourq-2023,annomate,zenodo.7828148-v1-70118-5,svl_label,1,"Turdidae_Catharus_minimus,9",,
jeantet-dufourq-2023,annomate,zenodo.7828148-v1-70118-6,svl_label,1,"Turdidae_Catharus_minimus,9",,
jeantet-dufourq-2023,annomate,zenodo.7828148-v1-70118-7,svl_label,1,"Turdidae_Catharus_minimus,9",,
jeantet-dufourq-2023,annomate,zenodo.7828148-v1-70118-8,svl_label,1,"Turdidae_Catharus_minimus,9",,
jeantet-dufourq-2023,annomate,zenodo.7828148-v1-70118-9,svl_label,1,"Turdidae_Catharus_minimus,9",,
jeantet-dufourq-2023,annomate,zenodo.7828148-v1-70118-10,svl_label,1,"Turdidae_Catharus_minimus,9",,
jeantet-dufourq-2023,annomate,zenodo.7828148-v1-70118-11,svl_label,1,"Turdidae_Catharus_minimus,9",,
jeantet-dufourq-2023,annomate,zenodo.7828148-v1-702323-1,svl_label,1,"ae_Saxicola_rubicola,9",,
jeantet-dufourq-2023,annomate,zenodo.7828148-v1-702323-2,svl_label,1,"ae_Saxicola_rubicola,9",,
jeantet-dufourq-2023,annomate,zenodo.7828148-v1-703675-1,svl_label,1,"Troglodytidae_Troglodytes_troglodytes,9",,
jeantet-dufourq-2023,annomate,zenodo.7828148-v1-703852-1,svl_label,1,"Troglodytidae_Troglodytes_troglodytes, 10",,
jeantet-dufourq-2023,annomate,zenodo.7828148-v1-703852-2,svl_label,1,"Troglodytidae_Troglodytes_troglodytes, 10",,
jeantet-dufourq-2023,annomate,zenodo.7828148-v1-703852-3,svl_label,1,"Troglodytidae_Troglodytes_troglodytes, 10",,
jeantet-dufourq-2023,annomate,zenodo.7828148-v1-703852-4,svl_label,1,"Troglodytidae_Troglodytes_troglodytes, 10",,
jeantet-dufourq-2023,annomate,zenodo.7828148-v1-703852-5,svl_label,1,"Troglodytidae_Troglodytes_troglodytes, 10",,
jeantet-dufourq-2023,annomate,zenodo.7828148-v1-703867-1,svl_label,1,"Fringillidae_Serinus_serinus,9",,
jeantet-dufourq-2023,annomate,zenodo.7828148-v1-703867-2,svl_label,1,"Fringillidae_Serinus_serinus,9",,
jeantet-dufourq-2023,annomate,zenodo.7828148-v1-703867-3,svl_label,1,"Fringillidae_Serinus_serinus,9",,
jeantet-dufourq-2023,annomate,zenodo.7828148-v1-703867-4,svl_label,1,"Fringillidae_Serinus_serinus,9",,
jeantet-dufourq-2023,annomate,zenodo.7828148-v1-703867-5,svl_label,1,"Fringillidae_Serinus_serinus,9",,
jeantet-dufourq-2023,annomate,zenodo.7828148-v1-703867-6,svl_label,1,"Fringillidae_Serinus_serinus,9",,
jeantet-dufourq-2023,annomate,zenodo.7828148-v1-703867-7,svl_label,1,"Fringillidae_Serinus_serinus,9",,
jeantet-dufourq-2023,annomate,zenodo.7828148-v1-703867-8,svl_label,1,"Fringillidae_Serinus_serinus,9",,
jeantet-dufourq-2023,annomate,zenodo.7828148-v1-703867-9,svl_label,1,"Fringillidae_Serinus_serinus,9",,
jeantet-dufourq-2023,annomate,zenodo.7828148-v1-703867-10,svl_label,1,"Fringillidae_Serinus_serinus,9",,
jeantet-dufourq-2023,annomate,zenodo.7828148-v1-703867-11,svl_label,1,"Fringillidae_Serinus_serinus,9",,
jeantet-dufourq-2023,annomate,zenodo.7828148-v1-703867-12,svl_label,1,"Fringillidae_Serinus_serinus,9",,
jeantet-dufourq-2023,annomate,zenodo.7828148-v1-703867-13,svl_label,1,"Fringillidae_Serinus_serinus,9",,
jeantet-dufourq-2023,annomate,zenodo.7828148-v1-703867-14,svl_label,1,"Fringillidae_Serinus_serinus,9",,
jeantet-dufourq-2023,annomate,zenodo.7828148-v1-703867-15,svl_label,1,"Fringillidae_Serinus_serinus,9",,
jeantet-dufourq-2023,annomate,zenodo.7828148-v1-703867-16,svl_label,1,"Fringillidae_Serinus_serinus,9",,
jeantet-dufourq-2023,annomate,zenodo.7828148-v1-703867-17,svl_label,1,"Fringillidae_Serinus_serinus,9",,
jeantet-dufourq-2023,annomate,zenodo.7828148-v1-704596-1,svl_label,1,"Paridae_Saxicola_rubicola,9",,
jeantet-dufourq-2023,annomate,zenodo.7828148-v1-704596-2,svl_label,1,"Paridae_Saxicola_rubicola,9",,
jeantet-dufourq-2023,annomate,zenodo.7828148-v1-704596-3,svl_label,1,"Paridae_Saxicola_rubicola,9",,
jeantet-dufourq-2023,annomate,zenodo.7828148-v1-704596-4,svl_label,1,"Paridae_Saxicola_rubicola,9",,
jeantet-dufourq-2023,annomate,zenodo.7828148-v1-704596-5,svl_label,1,"Paridae_Saxicola_rubicola,9",,
jeantet-dufourq-2023,annomate,zenodo.7828148-v1-704596-6,svl_label,1,"Paridae_Saxicola_rubicola,9",,
jeantet-dufourq-2023,annomate,zenodo.7828148-v1-704596-7,svl_label,1,"Paridae_Saxicola_rubicola,9",,
jeantet-dufourq-2023,annomate,zenodo.7828148-v1-704596-8,svl_label,1,"Paridae_Saxicola_rubicola,9",,
jeantet-dufourq-2023,annomate,zenodo.7828148-v1-704596-9,svl_label,1,"Paridae_Saxicola_rubicola,9",,
jeantet-dufourq-2023,annomate,zenodo.7828148-v1-704596-10,svl_label,1,"Paridae_Saxicola_rubicola,9",,
jeantet-dufourq-2023,annomate,zenodo.7828148-v1-704965-1,svl_label,1,"Troglodytidae_Troglodytes_troglodytes,6",,
jeantet-dufourq-2023,annomate,zenodo.7828148-v1-704965-2,svl_label,1,"Troglodytidae_Troglodytes_troglodytes,6",,
jeantet-dufourq-2023,annomate,zenodo.7828148-v1-704965-3,svl_label,1,"Troglodytidae_Troglodytes_troglodytes,6",,
jeantet-dufourq-2023,annomate,zenodo.7828148-v1-704965-4,svl_label,1,"Troglodytidae_Troglodytes_troglodytes,6",,
jeantet-dufourq-2023,annomate,zenodo.7828148-v1-704965-5,svl_label,1,"Troglodytidae_Troglodytes_troglodytes,6",,
jeantet-dufourq-2023,annomate,zenodo.7828148-v1-705656-1,svl_label,1,"Troglodytidae_Troglodytes_troglodytes,9",,
jeantet-dufourq-2023,annomate,zenodo.7828148-v1-705656-2,svl_label,1,"Troglodytidae_Troglodytes_troglodytes,9",,
jeantet-dufourq-2023,annomate,zenodo.7828148-v1-705656-3,svl_label,1,"Troglodytidae_Troglodytes_troglodytes,9",,
jeantet-dufourq-2023,annomate,zenodo.7828148-v1-705656-4,svl_label,1,"Troglodytidae_Troglodytes_troglodytes,9",,
jeantet-dufourq-2023,annomate,zenodo.7828148-v1-706303-1,svl_label,1,"Troglodytidae_Troglodytes_troglodytes,9",,
jeantet-dufourq-2023,annomate,zenodo.7828148-v1-706303-2,svl_label,1,"Troglodytidae_Troglodytes_troglodytes,9",,
jeantet-dufourq-2023,annomate,zenodo.7828148-v1-706303-3,svl_label,1,"Troglodytidae_Troglodytes_troglodytes,9",,
jeantet-dufourq-2023,annomate,zenodo.7828148-v1-706303-4,svl_label,1,"Troglodytidae_Troglodytes_troglodytes,9",,
jeantet-dufourq-2023,annomate,zenodo.7828148-v1-706303-5,svl_label,1,"Troglodytidae_Troglodytes_troglodytes,9",,
jeantet-dufourq-2023,annomate,zenodo.7828148-v1-706303-6,svl_label,1,"Troglodytidae_Troglodytes_troglodytes,9",,
jeantet-dufourq-2023,annomate,zenodo.7828148-v1-706303-7,svl_label,1,"Troglodytidae_Troglodytes_troglodytes,9",,
jeantet-dufourq-2023,annomate,zenodo.7828148-v1-706303-8,svl_label,1,"Troglodytidae_Troglodytes_troglodytes,9",,
jeantet-dufourq-2023,annomate,zenodo.7828148-v1-706303-9,svl_label,1,"Troglodytidae_Troglodytes_troglodytes,9",,
jeantet-dufourq-2023,annomate,zenodo.7828148-v1-706924-1,svl_label,1,"Troglodytidae_Troglodytes_pacificus,8",,
jeantet-dufourq-2023,annomate,zenodo.7828148-v1-706924-2,svl_label,1,"Troglodytidae_Troglodytes_pacificus,8",,
jeantet-dufourq-2023,annomate,zenodo.7828148-v1-706924-3,svl_label,1,"Troglodytidae_Troglodytes_pacificus,8",,
jeantet-dufourq-2023,annomate,zenodo.7828148-v1-706924-4,svl_label,1,"Troglodytidae_Troglodytes_pacificus,8",,
jeantet-dufourq-2023,annomate,zenodo.7828148-v1-706924-5,svl_label,1,"Troglodytidae_Troglodytes_pacificus,8",,
jeantet-dufourq-2023,annomate,zenodo.7828148-v1-706985-1,svl_label,1,"Fringillidae_Serinus_serinus,8",,
jeantet-dufourq-2023,annomate,zenodo.7828148-v1-706985-2,svl_label,1,"Fringillidae_Serinus_serinus,8",,
jeantet-dufourq-2023,annomate,zenodo.7828148-v1-706985-3,svl_label,1,"Fringillidae_Serinus_serinus,8",,
jeantet-dufourq-2023,annomate,zenodo.7828148-v1-706985-4,svl_label,1,"Fringillidae_Serinus_serinus,7",,
jeantet-dufourq-2023,annomate,zenodo.7828148-v1-706985-5,svl_label,1,"Fringillidae_Serinus_serinus,7",,
jeantet-dufourq-2023,annomate,zenodo.7828148-v1-706985-6,svl_label,1,"Fringillidae_Serinus_serinus,8",,
jeantet-dufourq-2023,annomate,zenodo.7828148-v1-706985-7,svl_label,1,"Fringillidae_Serinus_serinus,8",,
jeantet-dufourq-2023,annomate,zenodo.7828148-v1-706985-8,svl_label,1,"Fringillidae_Serinus_serinus,6",,
jeantet-dufourq-2023,annomate,zenodo.7828148-v1-707290-1,svl_label,1,"Troglodytidae_Troglodytes_troglodytes,9",,
jeantet-dufourq-2023,annomate,zenodo.7828148-v1-707290-2,svl_label,1,"Troglodytidae_Troglodytes_troglodytes,9",,
jeantet-dufourq-2023,annomate,zenodo.7828148-v1-707290-3,svl_label,1,"Troglodytidae_Troglodytes_troglodytes,9",,
jeantet-dufourq-2023,annomate,zenodo.7828148-v1-707290-4,svl_label,1,"Troglodytidae_Troglodytes_troglodytes,9",,
jeantet-dufourq-2023,annomate,zenodo.7828148-v1-707290-5,svl_label,1,"Troglodytidae_Troglodytes_troglodytes,9",,
jeantet-dufourq-2023,annomate,zenodo.7828148-v1-707290-6,svl_label,1,"Troglodytidae_Troglodytes_troglodytes,9",,
jeantet-dufourq-2023,annomate,zenodo.7828148-v1-707290-7,svl_label,1,"Troglodytidae_Troglodytes_troglodytes,9",,
jeantet-dufourq-2023,annomate,zenodo.7828148-v1-707290-8,svl_label,1,"Troglodytidae_Troglodytes_troglodytes,9",,
jeantet-dufourq-2023,annomate,zenodo.7828148-v1-707290-9,svl_label,1,"Troglodytidae_Troglodytes_troglodytes,9",,
jeantet-dufourq-2023,annomate,zenodo.7828148-v1-707290-10,svl_label,1,"Troglodytidae_Troglodytes_troglodytes,9",,
jeantet-dufourq-2023,annomate,zenodo.7828148-v1-707829-1,svl_label,1,"Troglodytidae_Troglodytes_troglodytes,9",,
jeantet-dufourq-2023,annomate,zenodo.7828148-v1-708455-1,svl_label,1,"Paridae_Saxicola_rubicola,8",,
jeantet-dufourq-2023,annomate,zenodo.7828148-v1-708455-2,svl_label,1,"Paridae_Saxicola_rubicola,8",,
jeantet-dufourq-2023,annomate,zenodo.7828148-v1-708455-3,svl_label,1,"Paridae_Saxicola_rubicola,8",,
jeantet-dufourq-2023,annomate,zenodo.7828148-v1-708455-4,svl_label,1,"Paridae_Saxicola_rubicola,8",,
jeantet-dufourq-2023,annomate,zenodo.7828148-v1-708455-5,svl_label,1,"Paridae_Saxicola_rubicola,8",,
jeantet-dufourq-2023,annomate,zenodo.7828148-v1-708455-6,svl_label,1,"Paridae_Saxicola_rubicola,8",,
jeantet-dufourq-2023,annomate,zenodo.7828148-v1-708455-7,svl_label,1,"Paridae_Saxicola_rubicola,8",,
jeantet-dufourq-2023,annomate,zenodo.7828148-v1-708455-8,svl_label,1,"Paridae_Saxicola_rubicola,8",,
jeantet-dufourq-2023,annomate,zenodo.7828148-v1-708455-9,svl_label,1,"Paridae_Saxicola_rubicola,7",,
jeantet-dufourq-2023,annomate,zenodo.7828148-v1-708455-10,svl_label,1,"Paridae_Saxicola_rubicola,8",,
jeantet-dufourq-2023,annomate,zenodo.7828148-v1-708455-11,svl_label,1,"Paridae_Saxicola_rubicola,8",,
jeantet-dufourq-2023,annomate,zenodo.7828148-v1-708455-12,svl_label,1,"Paridae_Saxicola_rubicola,8",,
jeantet-dufourq-2023,annomate,zenodo.7828148-v1-708455-13,svl_label,1,"Paridae_Saxicola_rubicola,7",,
jeantet-dufourq-2023,annomate,zenodo.7828148-v1-708455-14,svl_label,1,"Paridae_Saxicola_rubicola,6",,
jeantet-dufourq-2023,annomate,zenodo.7828148-v1-708455-15,svl_label,1,"Paridae_Saxicola_rubicola,6",,
jeantet-dufourq-2023,annomate,zenodo.7828148-v1-708455-16,svl_label,1,"Paridae_Saxicola_rubicola,8",,
jeantet-dufourq-2023,annomate,zenodo.7828148-v1-708455-17,svl_label,1,"Paridae_Saxicola_rubicola,6",,
jeantet-dufourq-2023,annomate,zenodo.7828148-v1-708455-18,svl_label,1,"Paridae_Saxicola_rubicola,8",,
jeantet-dufourq-2023,annomate,zenodo.7828148-v1-708455-19,svl_label,1,"Paridae_Saxicola_rubicola,8",,
jeantet-dufourq-2023,annomate,zenodo.7828148-v1-708550-1,svl_label,1,"Troglodytidae_Troglodytes_troglodytes,8",,
jeantet-dufourq-2023,annomate,zenodo.7828148-v1-708550-2,svl_label,1,"Troglodytidae_Troglodytes_troglodytes,8",,
jeantet-dufourq-2023,annomate,zenodo.7828148-v1-708550-3,svl_label,1,"Troglodytidae_Troglodytes_troglodytes,8",,
jeantet-dufourq-2023,annomate,zenodo.7828148-v1-708550-4,svl_label,1,"Troglodytidae_Troglodytes_troglodytes,8",,
jeantet-dufourq-2023,annomate,zenodo.7828148-v1-708550-5,svl_label,1,"Troglodytidae_Troglodytes_troglodytes,8",,
jeantet-dufourq-2023,annomate,zenodo.7828148-v1-708550-6,svl_label,1,"Troglodytidae_Troglodytes_troglodytes,8",,
jeantet-dufourq-2023,annomate,zenodo.7828148-v1-708844-1,svl_label,1,"Troglodytidae_Troglodytes_troglodytes, 10",,
jeantet-dufourq-2023,annomate,zenodo.7828148-v1-708844-2,svl_label,1,"Troglodytidae_Troglodytes_troglodytes, 10",,
jeantet-dufourq-2023,annomate,zenodo.7828148-v1-708844-3,svl_label,1,"Troglodytidae_Troglodytes_troglodytes, 10",,
jeantet-dufourq-2023,annomate,zenodo.7828148-v1-708844-4,svl_label,1,"Troglodytidae_Troglodytes_troglodytes, 10",,
jeantet-dufourq-2023,annomate,zenodo.7828148-v1-708845-1,svl_label,1,"Troglodytidae_Troglodytes_troglodytes, 10",,
jeantet-dufourq-2023,annomate,zenodo.7828148-v1-708845-2,svl_label,1,"Troglodytidae_Troglodytes_troglodytes, 10",,
jeantet-dufourq-2023,annomate,zenodo.7828148-v1-708845-3,svl_label,1,"Troglodytidae_Troglodytes_troglodytes, 10",,
jeantet-dufourq-2023,annomate,zenodo.7828148-v1-708845-4,svl_label,1,"Troglodytidae_Troglodytes_troglodytes, 10",,
jeantet-dufourq-2023,annomate,zenodo.7828148-v1-708845-5,svl_label,1,"Troglodytidae_Troglodytes_troglodytes, 10",,
jeantet-dufourq-2023,annomate,zenodo.7828148-v1-709030-1,svl_label,1,"Troglodytidae_Troglodytes_troglodytes, 10",,
jeantet-dufourq-2023,annomate,zenodo.7828148-v1-709030-2,svl_label,1,"Troglodytidae_Troglodytes_troglodytes, 10",,
jeantet-dufourq-2023,annomate,zenodo.7828148-v1-709030-3,svl_label,1,"Troglodytidae_Troglodytes_troglodytes, 10",,
jeantet-dufourq-2023,annomate,zenodo.7828148-v1-709030-4,svl_label,1,"Troglodytidae_Troglodytes_troglodytes, 10",,
jeantet-dufourq-2023,annomate,zenodo.7828148-v1-709214-1,svl_label,1,"Troglodytidae_Troglodytes_troglodytes, 10",,
jeantet-dufourq-2023,annomate,zenodo.7828148-v1-709214-2,svl_label,1,"Troglodytidae_Troglodytes_troglodytes, 10",,
jeantet-dufourq-2023,annomate,zenodo.7828148-v1-709574-1,svl_label,1,"Troglodytidae_Troglodytes_troglodytes, 10",,
jeantet-dufourq-2023,annomate,zenodo.7828148-v1-709574-2,svl_label,1,"Troglodytidae_Troglodytes_troglodytes, 10",,
jeantet-dufourq-2023,annomate,zenodo.7828148-v1-709574-3,svl_label,1,"Troglodytidae_Troglodytes_troglodytes, 10",,
jeantet-dufourq-2023,annomate,zenodo.7828148-v1-709574-4,svl_label,1,"Troglodytidae_Troglodytes_troglodytes, 10",,
jeantet-dufourq-2023,annomate,zenodo.7828148-v1-709574-5,svl_label,1,"Troglodytidae_Troglodytes_troglodytes, 10",,
jeantet-dufourq-2023,annomate,zenodo.7828148-v1-709574-6,svl_label,1,"Troglodytidae_Troglodytes_troglodytes, 10",,
jeantet-dufourq-2023,annomate,zenodo.7828148-v1-709574-7,svl_label,1,"Troglodytidae_Troglodytes_troglodytes, 10",,
jeantet-dufourq-2023,annomate,zenodo.7828148-v1-709574-8,svl_label,1,"Troglodytidae_Troglodytes_troglodytes, 10",,
jeantet-dufourq-2023,annomate,zenodo.7828148-v1-709574-9,svl_label,1,"Troglodytidae_Troglodytes_troglodytes, 10",,
jeantet-dufourq-2023,annomate,zenodo.7828148-v1-709574-10,svl_label,1,"Troglodytidae_Troglodytes_troglodytes, 10",,
jeantet-dufourq-2023,annomate,zenodo.7828148-v1-709574-11,svl_label,1,"Troglodytidae_Troglodytes_troglodytes, 10",,
jeantet-dufourq-2023,annomate,zenodo.7828148-v1-709574-12,svl_label,1,"Troglodytidae_Troglodytes_troglodytes, 10",,
jeantet-dufourq-2023,annomate,zenodo.7828148-v1-709574-13,svl_label,1,"Troglodytidae_Troglodytes_troglodytes, 10",,
jeantet-dufourq-2023,annomate,zenodo.7828148-v1-709574-14,svl_label,1,"Troglodytidae_Troglodytes_troglodytes, 10",,
jeantet-dufourq-2023,annomate,zenodo.7828148-v1-709574-15,svl_label,1,"Troglodytidae_Troglodytes_troglodytes, 10",,
jeantet-dufourq-2023,annomate,zenodo.7828148-v1-709574-16,svl_label,1,"Troglodytidae_Troglodytes_troglodytes, 10",,
jeantet-dufourq-2023,annomate,zenodo.7828148-v1-709574-17,svl_label,1,"Troglodytidae_Troglodytes_troglodytes, 10",,
jeantet-dufourq-2023,annomate,zenodo.7828148-v1-709574-18,svl_label,1,"Troglodytidae_Troglodytes_troglodytes, 10",,
jeantet-dufourq-2023,annomate,zenodo.7828148-v1-709574-19,svl_label,1,"Troglodytidae_Troglodytes_troglodytes, 10",,
jeantet-dufourq-2023,annomate,zenodo.7828148-v1-709731-1,svl_label,1,"Paridae_Saxicola_rubicola,9",,
jeantet-dufourq-2023,annomate,zenodo.7828148-v1-709731-2,svl_label,1,"Paridae_Saxicola_rubicola,9",,
jeantet-dufourq-2023,annomate,zenodo.7828148-v1-709731-3,svl_label,1,"Paridae_Saxicola_rubicola,9",,
jeantet-dufourq-2023,annomate,zenodo.7828148-v1-709731-4,svl_label,1,"Paridae_Saxicola_rubicola,9",,
jeantet-dufourq-2023,annomate,zenodo.7828148-v1-709731-5,svl_label,1,"Paridae_Saxicola_rubicola,9",,
jeantet-dufourq-2023,annomate,zenodo.7828148-v1-709731-6,svl_label,1,"Paridae_Saxicola_rubicola,9",,
jeantet-dufourq-2023,annomate,zenodo.7828148-v1-709731-7,svl_label,1,"Paridae_Saxicola_rubicola,9",,
jeantet-dufourq-2023,annomate,zenodo.7828148-v1-710556-1,svl_label,1,"Troglodytidae_Troglodytes_troglodytes, 10",,
jeantet-dufourq-2023,annomate,zenodo.7828148-v1-710556-2,svl_label,1,"Troglodytidae_Troglodytes_troglodytes, 10",,
jeantet-dufourq-2023,annomate,zenodo.7828148-v1-710556-3,svl_label,1,"Troglodytidae_Troglodytes_troglodytes, 10",,
jeantet-dufourq-2023,annomate,zenodo.7828148-v1-71093-1,svl_label,1,"Troglodytidae_Troglodytes_hiemalis,9",,
jeantet-dufourq-2023,annomate,zenodo.7828148-v1-71093-2,svl_label,1,"Troglodytidae_Troglodytes_hiemalis,9",,
jeantet-dufourq-2023,annomate,zenodo.7828148-v1-71093-3,svl_label,1,"Troglodytidae_Troglodytes_hiemalis,9",,
jeantet-dufourq-2023,annomate,zenodo.7828148-v1-71093-4,svl_label,1,"Troglodytidae_Troglodytes_hiemalis,9",,
jeantet-dufourq-2023,annomate,zenodo.7828148-v1-71093-5,svl_label,1,"Troglodytidae_Troglodytes_hiemalis,9",,
jeantet-dufourq-2023,annomate,zenodo.7828148-v1-71093-6,svl_label,1,"Troglodytidae_Troglodytes_hiemalis,9",,
jeantet-dufourq-2023,annomate,zenodo.7828148-v1-71093-7,svl_label,1,"Troglodytidae_Troglodytes_hiemalis,9",,
jeantet-dufourq-2023,annomate,zenodo.7828148-v1-71093-8,svl_label,1,"Troglodytidae_Troglodytes_hiemalis,9",,
jeantet-dufourq-2023,annomate,zenodo.7828148-v1-71093-9,svl_label,1,"Troglodytidae_Troglodytes_hiemalis,9",,
jeantet-dufourq-2023,annomate,zenodo.7828148-v1-71093-10,svl_label,1,"Troglodytidae_Troglodytes_hiemalis,9",,
jeantet-dufourq-2023,annomate,zenodo.7828148-v1-711103-1,svl_label,1,"Troglodytidae_Troglodytes_troglodytes, 10",,
jeantet-dufourq-2023,annomate,zenodo.7828148-v1-711103-2,svl_label,1,"Troglodytidae_Troglodytes_troglodytes, 10",,
jeantet-dufourq-2023,annomate,zenodo.7828148-v1-711103-3,svl_label,1,"Troglodytidae_Troglodytes_troglodytes, 10",,
jeantet-dufourq-2023,annomate,zenodo.7828148-v1-711103-4,svl_label,1,"Troglodytidae_Troglodytes_troglodytes, 10",,
jeantet-dufourq-2023,annomate,zenodo.7828148-v1-711103-5,svl_label,1,"Troglodytidae_Troglodytes_troglodytes, 10",,
jeantet-dufourq-2023,annomate,zenodo.7828148-v1-711103-6,svl_label,1,"Troglodytidae_Troglodytes_troglodytes, 10",,
jeantet-dufourq-2023,annomate,zenodo.7828148-v1-711103-7,svl_label,1,"Troglodytidae_Troglodytes_troglodytes, 10",,
jeantet-dufourq-2023,annomate,zenodo.7828148-v1-711103-8,svl_label,1,"Troglodytidae_Troglodytes_troglodytes, 10",,
jeantet-dufourq-2023,annomate,zenodo.7828148-v1-711103-9,svl_label,1,"Troglodytidae_Troglodytes_troglodytes, 10",,
jeantet-dufourq-2023,annomate,zenodo.7828148-v1-711103-10,svl_label,1,"Troglodytidae_Troglodytes_troglodytes, 10",,
jeantet-dufourq-2023,annomate,zenodo.7828148-v1-711103-11,svl_label,1,"Troglodytidae_Troglodytes_troglodytes, 10",,
jeantet-dufourq-2023,annomate,zenodo.7828148-v1-711742-1,svl_label,1,"Paridae_Saxicola_rubicola,9",,
jeantet-dufourq-2023,annomate,zenodo.7828148-v1-711742-2,svl_label,1,"Paridae_Saxicola_rubicola,9",,
jeantet-dufourq-2023,annomate,zenodo.7828148-v1-711742-3,svl_label,1,"Paridae_Saxicola_rubicola,9",,
jeantet-dufourq-2023,annomate,zenodo.7828148-v1-711742-4,svl_label,1,"Paridae_Saxicola_rubicola,9",,
jeantet-dufourq-2023,annomate,zenodo.7828148-v1-711742-5,svl_label,1,"Paridae_Saxicola_rubicola,9",,
jeantet-dufourq-2023,annomate,zenodo.7828148-v1-713163-1,svl_label,1,"Fringillidae_Serinus_serinus,9",,
jeantet-dufourq-2023,annomate,zenodo.7828148-v1-713163-2,svl_label,1,"Fringillidae_Serinus_serinus,9",,
jeantet-dufourq-2023,annomate,zenodo.7828148-v1-713163-3,svl_label,1,"Fringillidae_Serinus_serinus,9",,
jeantet-dufourq-2023,annomate,zenodo.7828148-v1-713163-4,svl_label,1,"Fringillidae_Serinus_serinus,9",,
jeantet-dufourq-2023,annomate,zenodo.7828148-v1-713163-5,svl_label,1,"Fringillidae_Serinus_serinus,9",,
jeantet-dufourq-2023,annomate,zenodo.7828148-v1-713163-6,svl_label,1,"Fringillidae_Serinus_serinus,9",,
jeantet-dufourq-2023,annomate,zenodo.7828148-v1-713439-1,svl_label,1,"Paridae_Hypocnemis_striata,8",,
jeantet-dufourq-2023,annomate,zenodo.7828148-v1-713439-2,svl_label,1,"Paridae_Hypocnemis_striata,9",,
jeantet-dufourq-2023,annomate,zenodo.7828148-v1-713439-3,svl_label,1,"Paridae_Hypocnemis_striata,9",,
jeantet-dufourq-2023,annomate,zenodo.7828148-v1-713439-4,svl_label,1,"Paridae_Hypocnemis_striata,8",,
jeantet-dufourq-2023,annomate,zenodo.7828148-v1-713439-5,svl_label,1,"Paridae_Hypocnemis_striata,9",,
jeantet-dufourq-2023,annomate,zenodo.7828148-v1-714811-1,svl_label,1,"Troglodytidae_Troglodytes_troglodytes, 10",,
jeantet-dufourq-2023,annomate,zenodo.7828148-v1-714811-2,svl_label,1,"Troglodytidae_Troglodytes_troglodytes, 10",,
jeantet-dufourq-2023,annomate,zenodo.7828148-v1-714811-3,svl_label,1,"Troglodytidae_Troglodytes_troglodytes, 10",,
jeantet-dufourq-2023,annomate,zenodo.7828148-v1-714811-4,svl_label,1,"Troglodytidae_Troglodytes_troglodytes, 10",,
jeantet-dufourq-2023,annomate,zenodo.7828148-v1-714811-5,svl_label,1,"Troglodytidae_Troglodytes_troglodytes, 10",,
jeantet-dufourq-2023,annomate,zenodo.7828148-v1-714811-6,svl_label,1,"Troglodytidae_Troglodytes_troglodytes, 10",,
jeantet-dufourq-2023,annomate,zenodo.7828148-v1-714811-7,svl_label,1,"Troglodytidae_Troglodytes_troglodytes, 10",,
jeantet-dufourq-2023,annomate,zenodo.7828148-v1-714811-8,svl_label,1,"Troglodytidae_Troglodytes_troglodytes, 10",,
jeantet-dufourq-2023,annomate,zenodo.7828148-v1-714941-1,svl_label,1,"Fringillidae_Serinus_serinus,9",,
jeantet-dufourq-2023,annomate,zenodo.7828148-v1-714941-2,svl_label,1,"Fringillidae_Serinus_serinus,9",,
jeantet-dufourq-2023,annomate,zenodo.7828148-v1-714941-3,svl_label,1,"Fringillidae_Serinus_serinus,9",,
jeantet-dufourq-2023,annomate,zenodo.7828148-v1-714941-4,svl_label,1,"Fringillidae_Serinus_serinus,9",,
jeantet-dufourq-2023,annomate,zenodo.7828148-v1-714941-5,svl_label,1,"Fringillidae_Serinus_serinus,9",,
jeantet-dufourq-2023,annomate,zenodo.7828148-v1-714952-1,svl_label,1,"Troglodytidae_Troglodytes_troglodytes, 10",,
jeantet-dufourq-2023,annomate,zenodo.7828148-v1-714952-2,svl_label,1,"Troglodytidae_Troglodytes_troglodytes, 10",,
jeantet-dufourq-2023,annomate,zenodo.7828148-v1-714952-3,svl_label,1,"Troglodytidae_Troglodytes_troglodytes, 10",,
jeantet-dufourq-2023,annomate,zenodo.7828148-v1-715006-1,svl_label,1,"Troglodytidae_Troglodytes_troglodytes, 10",,
jeantet-dufourq-2023,annomate,zenodo.7828148-v1-715006-2,svl_label,1,"Troglodytidae_Troglodytes_troglodytes, 10",,
jeantet-dufourq-2023,annomate,zenodo.7828148-v1-715006-3,svl_label,1,"Troglodytidae_Troglodytes_troglodytes, 10",,
jeantet-dufourq-2023,annomate,zenodo.7828148-v1-715006-4,svl_label,1,"Troglodytidae_Troglodytes_troglodytes, 10",,
jeantet-dufourq-2023,annomate,zenodo.7828148-v1-715007-1,svl_label,1,"Troglodytidae_Troglodytes_troglodytes, 10",,
jeantet-dufourq-2023,annomate,zenodo.7828148-v1-715007-2,svl_label,1,"Troglodytidae_Troglodytes_troglodytes, 10",,
jeantet-dufourq-2023,annomate,zenodo.7828148-v1-715007-3,svl_label,1,"Troglodytidae_Troglodytes_troglodytes, 10",,
jeantet-dufourq-2023,annomate,zenodo.7828148-v1-715748-1,svl_label,1,"Turdidae_Catharus_guttatus,8",,
jeantet-dufourq-2023,annomate,zenodo.7828148-v1-715748-2,svl_label,1,"Turdidae_Catharus_guttatus,8",,
jeantet-dufourq-2023,annomate,zenodo.7828148-v1-715748-3,svl_label,1,"Turdidae_Catharus_guttatus,8",,
jeantet-dufourq-2023,annomate,zenodo.7828148-v1-715748-4,svl_label,1,"Turdidae_Catharus_guttatus,8",,
jeantet-dufourq-2023,annomate,zenodo.7828148-v1-715748-5,svl_label,1,"Turdidae_Catharus_guttatus,8",,
jeantet-dufourq-2023,annomate,zenodo.7828148-v1-715748-6,svl_label,1,"Turdidae_Catharus_guttatus,8",,
jeantet-dufourq-2023,annomate,zenodo.7828148-v1-715748-7,svl_label,1,"Turdidae_Catharus_guttatus,8",,
jeantet-dufourq-2023,annomate,zenodo.7828148-v1-715748-8,svl_label,1,"Turdidae_Catharus_guttatus,8",,
jeantet-dufourq-2023,annomate,zenodo.7828148-v1-715748-9,svl_label,1,"Turdidae_Catharus_guttatus,8",,
jeantet-dufourq-2023,annomate,zenodo.7828148-v1-716408-1,svl_label,1,"Paridae_Saxicola_rubicola,9",,
jeantet-dufourq-2023,annomate,zenodo.7828148-v1-716408-2,svl_label,1,"Paridae_Saxicola_rubicola,9",,
jeantet-dufourq-2023,annomate,zenodo.7828148-v1-716408-3,svl_label,1,"Paridae_Saxicola_rubicola,9",,
jeantet-dufourq-2023,annomate,zenodo.7828148-v1-716408-4,svl_label,1,"Paridae_Saxicola_rubicola,9",,
jeantet-dufourq-2023,annomate,zenodo.7828148-v1-716408-5,svl_label,1,"Paridae_Saxicola_rubicola,9",,
jeantet-dufourq-2023,annomate,zenodo.7828148-v1-716408-6,svl_label,1,"Paridae_Saxicola_rubicola,9",,
jeantet-dufourq-2023,annomate,zenodo.7828148-v1-716408-7,svl_label,1,"Paridae_Saxicola_rubicola,9",,
jeantet-dufourq-2023,annomate,zenodo.7828148-v1-716994-1,svl_label,1,"Troglodytidae_Troglodytes_troglodytes, 10",,
jeantet-dufourq-2023,annomate,zenodo.7828148-v1-716994-2,svl_label,1,"Troglodytidae_Troglodytes_troglodytes, 10",,
jeantet-dufourq-2023,annomate,zenodo.7828148-v1-716994-3,svl_label,1,"Troglodytidae_Troglodytes_troglodytes, 10",,
jeantet-dufourq-2023,annomate,zenodo.7828148-v1-716994-4,svl_label,1,"Troglodytidae_Troglodytes_troglodytes, 10",,
jeantet-dufourq-2023,annomate,zenodo.7828148-v1-720071-1,svl_label,1,"Troglodytidae_Troglodytes_troglodytes,9",,
jeantet-dufourq-2023,annomate,zenodo.7828148-v1-720071-2,svl_label,1,"Troglodytidae_Troglodytes_troglodytes,9",,
jeantet-dufourq-2023,annomate,zenodo.7828148-v1-720307-1,svl_label,1,"Troglodytidae_Troglodytes_troglodytes, 10",,
jeantet-dufourq-2023,annomate,zenodo.7828148-v1-720307-2,svl_label,1,"Troglodytidae_Troglodytes_troglodytes, 10",,
jeantet-dufourq-2023,annomate,zenodo.7828148-v1-720307-3,svl_label,1,"Troglodytidae_Troglodytes_troglodytes, 10",,
jeantet-dufourq-2023,annomate,zenodo.7828148-v1-720307-4,svl_label,1,"Troglodytidae_Troglodytes_troglodytes, 10",,
jeantet-dufourq-2023,annomate,zenodo.7828148-v1-720548-1,svl_label,1,"Paridae_Saxicola_rubetra,8",,
jeantet-dufourq-2023,annomate,zenodo.7828148-v1-720548-2,svl_label,1,"Paridae_Saxicola_rubetra,8",,
jeantet-dufourq-2023,annomate,zenodo.7828148-v1-720548-3,svl_label,1,"Paridae_Saxicola_rubetra,8",,
jeantet-dufourq-2023,annomate,zenodo.7828148-v1-720548-4,svl_label,1,"Paridae_Saxicola_rubetra,8",,
jeantet-dufourq-2023,annomate,zenodo.7828148-v1-720548-5,svl_label,1,"Paridae_Saxicola_rubetra,8",,
jeantet-dufourq-2023,annomate,zenodo.7828148-v1-720548-6,svl_label,1,"Paridae_Saxicola_rubetra,8",,
jeantet-dufourq-2023,annomate,zenodo.7828148-v1-720548-7,svl_label,1,"Paridae_Saxicola_rubetra,8",,
jeantet-dufourq-2023,annomate,zenodo.7828148-v1-720599-1,svl_label,1,"Troglodytidae_Troglodytes_troglodytes,9",,
jeantet-dufourq-2023,annomate,zenodo.7828148-v1-720599-2,svl_label,1,"Troglodytidae_Troglodytes_troglodytes,9",,
jeantet-dufourq-2023,annomate,zenodo.7828148-v1-720599-3,svl_label,1,"Troglodytidae_Troglodytes_troglodytes,9",,
jeantet-dufourq-2023,annomate,zenodo.7828148-v1-720655-1,svl_label,1,"Troglodytidae_Troglodytes_hiemalis,8",,
jeantet-dufourq-2023,annomate,zenodo.7828148-v1-720655-2,svl_label,1,"Troglodytidae_Troglodytes_hiemalis,8",,
jeantet-dufourq-2023,annomate,zenodo.7828148-v1-720655-3,svl_label,1,"Troglodytidae_Troglodytes_hiemalis,8",,
jeantet-dufourq-2023,annomate,zenodo.7828148-v1-720655-4,svl_label,1,"Troglodytidae_Troglodytes_hiemalis,8",,
jeantet-dufourq-2023,annomate,zenodo.7828148-v1-720655-5,svl_label,1,"Troglodytidae_Troglodytes_hiemalis,8",,
jeantet-dufourq-2023,annomate,zenodo.7828148-v1-720655-6,svl_label,1,"Troglodytidae_Troglodytes_hiemalis,8",,
jeantet-dufourq-2023,annomate,zenodo.7828148-v1-720655-7,svl_label,1,"Troglodytidae_Troglodytes_hiemalis,8",,
jeantet-dufourq-2023,annomate,zenodo.7828148-v1-720655-8,svl_label,1,"Troglodytidae_Troglodytes_hiemalis,8",,
jeantet-dufourq-2023,annomate,zenodo.7828148-v1-720655-9,svl_label,1,"Troglodytidae_Troglodytes_hiemalis,8",,
jeantet-dufourq-2023,annomate,zenodo.7828148-v1-721193-1,svl_label,1,"Paridae_Saxicola_rubetra,9",,
jeantet-dufourq-2023,annomate,zenodo.7828148-v1-721193-2,svl_label,1,"Paridae_Saxicola_rubetra,9",,
jeantet-dufourq-2023,annomate,zenodo.7828148-v1-721193-3,svl_label,1,"Paridae_Saxicola_rubetra,9",,
jeantet-dufourq-2023,annomate,zenodo.7828148-v1-721193-4,svl_label,1,"Paridae_Saxicola_rubetra,9",,
jeantet-dufourq-2023,annomate,zenodo.7828148-v1-721193-5,svl_label,1,"Paridae_Saxicola_rubetra,9",,
jeantet-dufourq-2023,annomate,zenodo.7828148-v1-721193-6,svl_label,1,"Paridae_Saxicola_rubetra,9",,
jeantet-dufourq-2023,annomate,zenodo.7828148-v1-721193-7,svl_label,1,"Paridae_Saxicola_rubetra,9",,
jeantet-dufourq-2023,annomate,zenodo.7828148-v1-721193-8,svl_label,1,"Paridae_Saxicola_rubetra,9",,
jeantet-dufourq-2023,annomate,zenodo.7828148-v1-721193-9,svl_label,1,"Paridae_Saxicola_rubetra,9",,
jeantet-dufourq-2023,annomate,zenodo.7828148-v1-721193-10,svl_label,1,"Paridae_Saxicola_rubetra,9",,
jeantet-dufourq-2023,annomate,zenodo.7828148-v1-721193-11,svl_label,1,"Paridae_Saxicola_rubetra,9",,
jeantet-dufourq-2023,annomate,zenodo.7828148-v1-721750-1,svl_label,1,"Troglodytidae_Troglodytes_hiemalis,9",,
jeantet-dufourq-2023,annomate,zenodo.7828148-v1-721750-2,svl_label,1,"Troglodytidae_Troglodytes_hiemalis,9",,
jeantet-dufourq-2023,annomate,zenodo.7828148-v1-721750-3,svl_label,1,"Troglodytidae_Troglodytes_hiemalis,9",,
jeantet-dufourq-2023,annomate,zenodo.7828148-v1-72218-1,svl_label,1,"Turdidae_Catharus_guttatus,9",,
jeantet-dufourq-2023,annomate,zenodo.7828148-v1-72218-2,svl_label,1,"Turdidae_Catharus_guttatus,9",,
jeantet-dufourq-2023,annomate,zenodo.7828148-v1-72218-3,svl_label,1,"Turdidae_Catharus_guttatus,9",,
jeantet-dufourq-2023,annomate,zenodo.7828148-v1-72218-4,svl_label,1,"Turdidae_Catharus_guttatus,9",,
jeantet-dufourq-2023,annomate,zenodo.7828148-v1-72218-5,svl_label,1,"Turdidae_Catharus_guttatus,9",,
jeantet-dufourq-2023,annomate,zenodo.7828148-v1-72218-6,svl_label,1,"Turdidae_Catharus_guttatus,9",,
jeantet-dufourq-2023,annomate,zenodo.7828148-v1-72218-7,svl_label,1,"Turdidae_Catharus_guttatus,9",,
jeantet-dufourq-2023,annomate,zenodo.7828148-v1-72218-8,svl_label,1,"Turdidae_Catharus_guttatus,9",,
jeantet-dufourq-2023,annomate,zenodo.7828148-v1-72218-9,svl_label,1,"Turdidae_Catharus_guttatus,9",,
jeantet-dufourq-2023,annomate,zenodo.7828148-v1-72218-10,svl_label,1,"Turdidae_Catharus_guttatus,9",,
jeantet-dufourq-2023,annomate,zenodo.7828148-v1-72218-11,svl_label,1,"Turdidae_Catharus_guttatus,9",,
jeantet-dufourq-2023,annomate,zenodo.7828148-v1-72218-12,svl_label,1,"Turdidae_Catharus_guttatus,9",,
jeantet-dufourq-2023,annomate,zenodo.7828148-v1-72218-13,svl_label,1,"Turdidae_Catharus_guttatus,9",,
jeantet-dufourq-2023,annomate,zenodo.7828148-v1-72218-14,svl_label,1,"Turdidae_Catharus_guttatus,9",,
jeantet-dufourq-2023,annomate,zenodo.7828148-v1-72218-15,svl_label,1,"Turdidae_Catharus_guttatus,9",,
jeantet-dufourq-2023,annomate,zenodo.7828148-v1-72218-16,svl_label,1,"Turdidae_Catharus_guttatus,9",,
jeantet-dufourq-2023,annomate,zenodo.7828148-v1-72218-17,svl_label,1,"Turdidae_Catharus_guttatus,9",,
jeantet-dufourq-2023,annomate,zenodo.7828148-v1-72218-18,svl_label,1,"Turdidae_Catharus_guttatus,9",,
jeantet-dufourq-2023,annomate,zenodo.7828148-v1-72220-1,svl_label,1,"Turdidae_Catharus_guttatus,9",,
jeantet-dufourq-2023,annomate,zenodo.7828148-v1-72220-2,svl_label,1,"Turdidae_Catharus_guttatus,9",,
jeantet-dufourq-2023,annomate,zenodo.7828148-v1-72220-3,svl_label,1,"Turdidae_Catharus_guttatus,9",,
jeantet-dufourq-2023,annomate,zenodo.7828148-v1-72220-4,svl_label,1,"Turdidae_Catharus_guttatus,9",,
jeantet-dufourq-2023,annomate,zenodo.7828148-v1-72220-5,svl_label,1,"Turdidae_Catharus_guttatus,9",,
jeantet-dufourq-2023,annomate,zenodo.7828148-v1-72220-6,svl_label,1,"Turdidae_Catharus_guttatus,9",,
jeantet-dufourq-2023,annomate,zenodo.7828148-v1-72220-7,svl_label,1,"Turdidae_Catharus_guttatus,9",,
jeantet-dufourq-2023,annomate,zenodo.7828148-v1-72220-8,svl_label,1,"Turdidae_Catharus_guttatus,9",,
jeantet-dufourq-2023,annomate,zenodo.7828148-v1-72220-9,svl_label,1,"Turdidae_Catharus_guttatus,9",,
jeantet-dufourq-2023,annomate,zenodo.7828148-v1-72220-10,svl_label,1,"Turdidae_Catharus_guttatus,9",,
jeantet-dufourq-2023,annomate,zenodo.7828148-v1-72221-1,svl_label,1,"Turdidae_Catharus_guttatus,9",,
jeantet-dufourq-2023,annomate,zenodo.7828148-v1-72221-2,svl_label,1,"Turdidae_Catharus_guttatus,9",,
jeantet-dufourq-2023,annomate,zenodo.7828148-v1-72221-3,svl_label,1,"Turdidae_Catharus_guttatus,9",,
jeantet-dufourq-2023,annomate,zenodo.7828148-v1-72221-4,svl_label,1,"Turdidae_Catharus_guttatus,9",,
jeantet-dufourq-2023,annomate,zenodo.7828148-v1-72221-5,svl_label,1,"Turdidae_Catharus_guttatus,9",,
jeantet-dufourq-2023,annomate,zenodo.7828148-v1-72221-6,svl_label,1,"Turdidae_Catharus_guttatus,9",,
jeantet-dufourq-2023,annomate,zenodo.7828148-v1-72221-7,svl_label,1,"Turdidae_Catharus_guttatus,9",,
jeantet-dufourq-2023,annomate,zenodo.7828148-v1-72221-8,svl_label,1,"Turdidae_Catharus_guttatus,9",,
jeantet-dufourq-2023,annomate,zenodo.7828148-v1-722749-1,svl_label,1,"Paridae_Saxicola_rubetra,9",,
jeantet-dufourq-2023,annomate,zenodo.7828148-v1-722749-2,svl_label,1,"Paridae_Saxicola_rubetra,9",,
jeantet-dufourq-2023,annomate,zenodo.7828148-v1-722749-3,svl_label,1,"Paridae_Saxicola_rubetra,9",,
jeantet-dufourq-2023,annomate,zenodo.7828148-v1-722749-4,svl_label,1,"Paridae_Saxicola_rubetra,9",,
jeantet-dufourq-2023,annomate,zenodo.7828148-v1-722749-5,svl_label,1,"Paridae_Saxicola_rubetra,9",,
jeantet-dufourq-2023,annomate,zenodo.7828148-v1-722749-6,svl_label,1,"Paridae_Saxicola_rubetra,8",,
jeantet-dufourq-2023,annomate,zenodo.7828148-v1-722749-7,svl_label,1,"Paridae_Saxicola_rubetra,9",,
jeantet-dufourq-2023,annomate,zenodo.7828148-v1-722749-8,svl_label,1,"Paridae_Saxicola_rubetra,9",,
jeantet-dufourq-2023,annomate,zenodo.7828148-v1-722749-9,svl_label,1,"Paridae_Saxicola_rubetra,9",,
jeantet-dufourq-2023,annomate,zenodo.7828148-v1-722749-10,svl_label,1,"Paridae_Saxicola_rubetra,9",,
jeantet-dufourq-2023,annomate,zenodo.7828148-v1-722749-11,svl_label,1,"Paridae_Saxicola_rubetra,9",,
jeantet-dufourq-2023,annomate,zenodo.7828148-v1-722749-12,svl_label,1,"Paridae_Saxicola_rubetra,8",,
jeantet-dufourq-2023,annomate,zenodo.7828148-v1-722749-13,svl_label,1,"Paridae_Saxicola_rubetra,9",,
jeantet-dufourq-2023,annomate,zenodo.7828148-v1-722749-14,svl_label,1,"Paridae_Saxicola_rubetra,9",,
jeantet-dufourq-2023,annomate,zenodo.7828148-v1-722749-15,svl_label,1,"Paridae_Saxicola_rubetra,7",,
jeantet-dufourq-2023,annomate,zenodo.7828148-v1-722749-16,svl_label,1,"Paridae_Saxicola_rubetra,9",,
jeantet-dufourq-2023,annomate,zenodo.7828148-v1-722749-17,svl_label,1,"Paridae_Saxicola_rubetra,8",,
jeantet-dufourq-2023,annomate,zenodo.7828148-v1-722749-18,svl_label,1,"Paridae_Saxicola_rubetra,9",,
jeantet-dufourq-2023,annomate,zenodo.7828148-v1-722749-19,svl_label,1,"Paridae_Saxicola_rubetra,9",,
jeantet-dufourq-2023,annomate,zenodo.7828148-v1-722749-20,svl_label,1,"Paridae_Saxicola_rubetra,8",,
jeantet-dufourq-2023,annomate,zenodo.7828148-v1-722749-21,svl_label,1,"Paridae_Saxicola_rubetra,8",,
jeantet-dufourq-2023,annomate,zenodo.7828148-v1-722749-22,svl_label,1,"Paridae_Saxicola_rubetra,9",,
jeantet-dufourq-2023,annomate,zenodo.7828148-v1-722749-23,svl_label,1,"Paridae_Saxicola_rubetra,9",,
jeantet-dufourq-2023,annomate,zenodo.7828148-v1-722749-24,svl_label,1,"Paridae_Saxicola_rubetra,9",,
jeantet-dufourq-2023,annomate,zenodo.7828148-v1-722749-25,svl_label,1,"Paridae_Saxicola_rubetra,9",,
jeantet-dufourq-2023,annomate,zenodo.7828148-v1-722749-26,svl_label,1,"Paridae_Saxicola_rubetra,9",,
jeantet-dufourq-2023,annomate,zenodo.7828148-v1-722749-27,svl_label,1,"Paridae_Saxicola_rubetra,7",,
jeantet-dufourq-2023,annomate,zenodo.7828148-v1-722749-28,svl_label,1,"Paridae_Saxicola_rubetra,8",,
jeantet-dufourq-2023,annomate,zenodo.7828148-v1-722749-29,svl_label,1,"Paridae_Saxicola_rubetra,8",,
jeantet-dufourq-2023,annomate,zenodo.7828148-v1-722749-30,svl_label,1,"Paridae_Saxicola_rubetra,9",,
jeantet-dufourq-2023,annomate,zenodo.7828148-v1-722749-31,svl_label,1,"Paridae_Saxicola_rubetra,8",,
jeantet-dufourq-2023,annomate,zenodo.7828148-v1-722749-32,svl_label,1,"Paridae_Saxicola_rubetra,8",,
jeantet-dufourq-2023,annomate,zenodo.7828148-v1-722749-33,svl_label,1,"Paridae_Saxicola_rubetra,9",,
jeantet-dufourq-2023,annomate,zenodo.7828148-v1-722749-34,svl_label,1,"Paridae_Saxicola_rubetra,9",,
jeantet-dufourq-2023,annomate,zenodo.7828148-v1-722749-35,svl_label,1,"Paridae_Saxicola_rubetra,9",,
jeantet-dufourq-2023,annomate,zenodo.7828148-v1-722749-36,svl_label,1,"Paridae_Saxicola_rubetra,9",,
jeantet-dufourq-2023,annomate,zenodo.7828148-v1-722749-37,svl_label,1,"Paridae_Saxicola_rubetra,9",,
jeantet-dufourq-2023,annomate,zenodo.7828148-v1-722749-38,svl_label,1,"Paridae_Saxicola_rubetra,9",,
jeantet-dufourq-2023,annomate,zenodo.7828148-v1-722749-39,svl_label,1,"Paridae_Saxicola_rubetra,8",,
jeantet-dufourq-2023,annomate,zenodo.7828148-v1-722749-40,svl_label,1,"Paridae_Saxicola_rubetra,9",,
jeantet-dufourq-2023,annomate,zenodo.7828148-v1-722749-41,svl_label,1,"Paridae_Saxicola_rubetra,9",,
jeantet-dufourq-2023,annomate,zenodo.7828148-v1-722749-42,svl_label,1,"Paridae_Saxicola_rubetra,9",,
jeantet-dufourq-2023,annomate,zenodo.7828148-v1-72363-1,svl_label,1,"Turdidae_Catharus_aurantiirostris,9",,
jeantet-dufourq-2023,annomate,zenodo.7828148-v1-72363-2,svl_label,1,"Turdidae_Catharus_aurantiirostris,9",,
jeantet-dufourq-2023,annomate,zenodo.7828148-v1-72363-3,svl_label,1,"Turdidae_Catharus_aurantiirostris,9",,
jeantet-dufourq-2023,annomate,zenodo.7828148-v1-72363-4,svl_label,1,"Turdidae_Catharus_aurantiirostris,9",,
jeantet-dufourq-2023,annomate,zenodo.7828148-v1-72363-5,svl_label,1,"Turdidae_Catharus_aurantiirostris,9",,
jeantet-dufourq-2023,annomate,zenodo.7828148-v1-72363-6,svl_label,1,"Turdidae_Catharus_aurantiirostris,9",,
jeantet-dufourq-2023,annomate,zenodo.7828148-v1-72363-7,svl_label,1,"Turdidae_Catharus_aurantiirostris,9",,
jeantet-dufourq-2023,annomate,zenodo.7828148-v1-72363-8,svl_label,1,"Turdidae_Catharus_aurantiirostris,9",,
jeantet-dufourq-2023,annomate,zenodo.7828148-v1-72363-9,svl_label,1,"Turdidae_Catharus_aurantiirostris,9",,
jeantet-dufourq-2023,annomate,zenodo.7828148-v1-72363-10,svl_label,1,"Turdidae_Catharus_aurantiirostris,9",,
jeantet-dufourq-2023,annomate,zenodo.7828148-v1-72363-11,svl_label,1,"Turdidae_Catharus_aurantiirostris,9",,
jeantet-dufourq-2023,annomate,zenodo.7828148-v1-724378-1,svl_label,1,"Paridae_Saxicola_rubicola,8",,
jeantet-dufourq-2023,annomate,zenodo.7828148-v1-724378-2,svl_label,1,"Paridae_Saxicola_rubicola,8",,
jeantet-dufourq-2023,annomate,zenodo.7828148-v1-724378-3,svl_label,1,"Paridae_Saxicola_rubicola,8",,
jeantet-dufourq-2023,annomate,zenodo.7828148-v1-724378-4,svl_label,1,"Paridae_Saxicola_rubicola,8",,
jeantet-dufourq-2023,annomate,zenodo.7828148-v1-724378-5,svl_label,1,"Paridae_Saxicola_rubicola,8",,
jeantet-dufourq-2023,annomate,zenodo.7828148-v1-724378-6,svl_label,1,"Paridae_Saxicola_rubicola,8",,
jeantet-dufourq-2023,annomate,zenodo.7828148-v1-724378-7,svl_label,1,"Paridae_Saxicola_rubicola,8",,
jeantet-dufourq-2023,annomate,zenodo.7828148-v1-724378-8,svl_label,1,"Paridae_Saxicola_rubicola,8",,
jeantet-dufourq-2023,annomate,zenodo.7828148-v1-724378-9,svl_label,1,"Paridae_Saxicola_rubicola,8",,
jeantet-dufourq-2023,annomate,zenodo.7828148-v1-725365-1,svl_label,1,"Fringillidae_Serinus_serinus,8",,
jeantet-dufourq-2023,annomate,zenodo.7828148-v1-725365-2,svl_label,1,"Fringillidae_Serinus_serinus,8",,
jeantet-dufourq-2023,annomate,zenodo.7828148-v1-725365-3,svl_label,1,"Fringillidae_Serinus_serinus,8",,
jeantet-dufourq-2023,annomate,zenodo.7828148-v1-725365-4,svl_label,1,"Fringillidae_Serinus_serinus,8",,
jeantet-dufourq-2023,annomate,zenodo.7828148-v1-725365-5,svl_label,1,"Fringillidae_Serinus_serinus,8",,
jeantet-dufourq-2023,annomate,zenodo.7828148-v1-725365-6,svl_label,1,"Fringillidae_Serinus_serinus,8",,
jeantet-dufourq-2023,annomate,zenodo.7828148-v1-725365-7,svl_label,1,"Fringillidae_Serinus_serinus,8",,
jeantet-dufourq-2023,annomate,zenodo.7828148-v1-725365-8,svl_label,1,"Fringillidae_Serinus_serinus,8",,
jeantet-dufourq-2023,annomate,zenodo.7828148-v1-72568-1,svl_label,1,"Paridae_Hypocnemis_peruviana,9",,
jeantet-dufourq-2023,annomate,zenodo.7828148-v1-72568-2,svl_label,1,"Paridae_Hypocnemis_peruviana,9",,
jeantet-dufourq-2023,annomate,zenodo.7828148-v1-72568-3,svl_label,1,"Paridae_Hypocnemis_peruviana,9",,
jeantet-dufourq-2023,annomate,zenodo.7828148-v1-726362-1,svl_label,1,"Paridae_Saxicola_rubicola,7",,
jeantet-dufourq-2023,annomate,zenodo.7828148-v1-726362-2,svl_label,1,"Paridae_Saxicola_rubicola,7",,
jeantet-dufourq-2023,annomate,zenodo.7828148-v1-726362-3,svl_label,1,"Paridae_Saxicola_rubicola,8",,
jeantet-dufourq-2023,annomate,zenodo.7828148-v1-726470-1,svl_label,1,"Paridae_Saxicola_rubicola,7",,
jeantet-dufourq-2023,annomate,zenodo.7828148-v1-726470-2,svl_label,1,"Paridae_Saxicola_rubicola,7",,
jeantet-dufourq-2023,annomate,zenodo.7828148-v1-726470-3,svl_label,1,"Paridae_Saxicola_rubicola,7",,
jeantet-dufourq-2023,annomate,zenodo.7828148-v1-726470-4,svl_label,1,"Paridae_Saxicola_rubicola,7",,
jeantet-dufourq-2023,annomate,zenodo.7828148-v1-726470-5,svl_label,1,"Paridae_Saxicola_rubicola,7",,
jeantet-dufourq-2023,annomate,zenodo.7828148-v1-726470-6,svl_label,1,"Paridae_Saxicola_rubicola,7",,
jeantet-dufourq-2023,annomate,zenodo.7828148-v1-726471-1,svl_label,1,"Paridae_Saxicola_rubicola,8",,
jeantet-dufourq-2023,annomate,zenodo.7828148-v1-726471-2,svl_label,1,"Paridae_Saxicola_rubicola,8",,
jeantet-dufourq-2023,annomate,zenodo.7828148-v1-726471-3,svl_label,1,"Paridae_Saxicola_rubicola,8",,
jeantet-dufourq-2023,annomate,zenodo.7828148-v1-726471-4,svl_label,1,"Paridae_Saxicola_rubicola,8",,
jeantet-dufourq-2023,annomate,zenodo.7828148-v1-726471-5,svl_label,1,"Paridae_Saxicola_rubicola,8",,
jeantet-dufourq-2023,annomate,zenodo.7828148-v1-726471-6,svl_label,1,"Paridae_Saxicola_rubicola,8",,
jeantet-dufourq-2023,annomate,zenodo.7828148-v1-726471-7,svl_label,1,"Paridae_Saxicola_rubicola,8",,
jeantet-dufourq-2023,annomate,zenodo.7828148-v1-726471-8,svl_label,1,"Paridae_Saxicola_rubicola,8",,
jeantet-dufourq-2023,annomate,zenodo.7828148-v1-726471-9,svl_label,1,"Paridae_Saxicola_rubicola,8",,
jeantet-dufourq-2023,annomate,zenodo.7828148-v1-726471-10,svl_label,1,"Paridae_Saxicola_rubicola,8",,
jeantet-dufourq-2023,annomate,zenodo.7828148-v1-726471-11,svl_label,1,"Paridae_Saxicola_rubicola,8",,
jeantet-dufourq-2023,annomate,zenodo.7828148-v1-726471-12,svl_label,1,"Paridae_Saxicola_rubicola,8",,
jeantet-dufourq-2023,annomate,zenodo.7828148-v1-726471-13,svl_label,1,"Paridae_Saxicola_rubicola,8",,
jeantet-dufourq-2023,annomate,zenodo.7828148-v1-726471-14,svl_label,1,"Paridae_Saxicola_rubicola,8",,
jeantet-dufourq-2023,annomate,zenodo.7828148-v1-726471-15,svl_label,1,"Paridae_Saxicola_rubicola,8",,
jeantet-dufourq-2023,annomate,zenodo.7828148-v1-726471-16,svl_label,1,"Paridae_Saxicola_rubicola,8",,
jeantet-dufourq-2023,annomate,zenodo.7828148-v1-726471-17,svl_label,1,"Paridae_Saxicola_rubicola,8",,
jeantet-dufourq-2023,annomate,zenodo.7828148-v1-726471-18,svl_label,1,"Paridae_Saxicola_rubicola,8",,
jeantet-dufourq-2023,annomate,zenodo.7828148-v1-726471-19,svl_label,1,"Paridae_Saxicola_rubicola,8",,
jeantet-dufourq-2023,annomate,zenodo.7828148-v1-727941-1,svl_label,1,"Troglodytidae_Troglodytes_troglodytes, 10",,
jeantet-dufourq-2023,annomate,zenodo.7828148-v1-727941-2,svl_label,1,"Troglodytidae_Troglodytes_troglodytes, 10",,
jeantet-dufourq-2023,annomate,zenodo.7828148-v1-727941-3,svl_label,1,"Troglodytidae_Troglodytes_troglodytes, 10",,
jeantet-dufourq-2023,annomate,zenodo.7828148-v1-727941-4,svl_label,1,"Troglodytidae_Troglodytes_troglodytes, 10",,
jeantet-dufourq-2023,annomate,zenodo.7828148-v1-727941-5,svl_label,1,"Troglodytidae_Troglodytes_troglodytes, 10",,
jeantet-dufourq-2023,annomate,zenodo.7828148-v1-727945-1,svl_label,1,"Troglodytidae_Troglodytes_troglodytes, 10",,
jeantet-dufourq-2023,annomate,zenodo.7828148-v1-727945-2,svl_label,1,"Troglodytidae_Troglodytes_troglodytes, 10",,
jeantet-dufourq-2023,annomate,zenodo.7828148-v1-727945-3,svl_label,1,"Troglodytidae_Troglodytes_troglodytes, 10",,
jeantet-dufourq-2023,annomate,zenodo.7828148-v1-727945-4,svl_label,1,"Troglodytidae_Troglodytes_troglodytes, 10",,
jeantet-dufourq-2023,annomate,zenodo.7828148-v1-727945-5,svl_label,1,"Troglodytidae_Troglodytes_troglodytes, 10",,
jeantet-dufourq-2023,annomate,zenodo.7828148-v1-727945-6,svl_label,1,"Troglodytidae_Troglodytes_troglodytes, 10",,
jeantet-dufourq-2023,annomate,zenodo.7828148-v1-727945-7,svl_label,1,"Troglodytidae_Troglodytes_troglodytes, 10",,
jeantet-dufourq-2023,annomate,zenodo.7828148-v1-727945-8,svl_label,1,"Troglodytidae_Troglodytes_troglodytes, 10",,
jeantet-dufourq-2023,annomate,zenodo.7828148-v1-727945-9,svl_label,1,"Troglodytidae_Troglodytes_troglodytes, 10",,
jeantet-dufourq-2023,annomate,zenodo.7828148-v1-727945-10,svl_label,1,"Troglodytidae_Troglodytes_troglodytes, 10",,
jeantet-dufourq-2023,annomate,zenodo.7828148-v1-727945-11,svl_label,1,"Troglodytidae_Troglodytes_troglodytes, 10",,
jeantet-dufourq-2023,annomate,zenodo.7828148-v1-728444-1,svl_label,1,"Troglodytidae_Troglodytes_aedon,9",,
jeantet-dufourq-2023,annomate,zenodo.7828148-v1-728444-2,svl_label,1,"Troglodytidae_Troglodytes_aedon,9",,
jeantet-dufourq-2023,annomate,zenodo.7828148-v1-728444-3,svl_label,1,"Troglodytidae_Troglodytes_aedon,9",,
jeantet-dufourq-2023,annomate,zenodo.7828148-v1-728445-1,svl_label,1,"Troglodytidae_Troglodytes_aedon,9",,
jeantet-dufourq-2023,annomate,zenodo.7828148-v1-728445-2,svl_label,1,"Troglodytidae_Troglodytes_aedon,9",,
jeantet-dufourq-2023,annomate,zenodo.7828148-v1-728523-1,svl_label,1,"Paridae_Hypocnemis_striata,9",,
jeantet-dufourq-2023,annomate,zenodo.7828148-v1-728523-2,svl_label,1,"Paridae_Hypocnemis_striata,9",,
jeantet-dufourq-2023,annomate,zenodo.7828148-v1-728523-3,svl_label,1,"Paridae_Hypocnemis_striata,9",,
jeantet-dufourq-2023,annomate,zenodo.7828148-v1-728523-4,svl_label,1,"Paridae_Hypocnemis_striata,9",,
jeantet-dufourq-2023,annomate,zenodo.7828148-v1-728523-5,svl_label,1,"Paridae_Hypocnemis_striata,9",,
jeantet-dufourq-2023,annomate,zenodo.7828148-v1-729504-1,svl_label,1,"Troglodytidae_Troglodytes_pacificus,6",,
jeantet-dufourq-2023,annomate,zenodo.7828148-v1-729504-2,svl_label,1,"Troglodytidae_Troglodytes_pacificus,6",,
jeantet-dufourq-2023,annomate,zenodo.7828148-v1-729504-3,svl_label,1,"Troglodytidae_Troglodytes_pacificus,6",,
jeantet-dufourq-2023,annomate,zenodo.7828148-v1-729504-4,svl_label,1,"Troglodytidae_Troglodytes_pacificus,6",,
jeantet-dufourq-2023,annomate,zenodo.7828148-v1-729504-5,svl_label,1,"Troglodytidae_Troglodytes_pacificus,6",,
jeantet-dufourq-2023,annomate,zenodo.7828148-v1-730617-1,svl_label,1,"Troglodytidae_Troglodytes_troglodytes,9",,
jeantet-dufourq-2023,annomate,zenodo.7828148-v1-730617-2,svl_label,1,"Troglodytidae_Troglodytes_troglodytes,9",,
jeantet-dufourq-2023,annomate,zenodo.7828148-v1-730617-3,svl_label,1,"Troglodytidae_Troglodytes_troglodytes,9",,
jeantet-dufourq-2023,annomate,zenodo.7828148-v1-730617-4,svl_label,1,"Troglodytidae_Troglodytes_troglodytes,9",,
jeantet-dufourq-2023,annomate,zenodo.7828148-v1-730769-1,svl_label,1,"Troglodytidae_Troglodytes_troglodytes,9",,
jeantet-dufourq-2023,annomate,zenodo.7828148-v1-730769-2,svl_label,1,"Troglodytidae_Troglodytes_troglodytes,9",,
jeantet-dufourq-2023,annomate,zenodo.7828148-v1-730769-3,svl_label,1,"Troglodytidae_Troglodytes_troglodytes,9",,
jeantet-dufourq-2023,annomate,zenodo.7828148-v1-732156-1,svl_label,1,"Turdidae_Catharus_aurantiirostris,8",,
jeantet-dufourq-2023,annomate,zenodo.7828148-v1-732156-2,svl_label,1,"Turdidae_Catharus_aurantiirostris,8",,
jeantet-dufourq-2023,annomate,zenodo.7828148-v1-732156-3,svl_label,1,"Turdidae_Catharus_aurantiirostris,8",,
jeantet-dufourq-2023,annomate,zenodo.7828148-v1-732156-4,svl_label,1,"Turdidae_Catharus_aurantiirostris,8",,
jeantet-dufourq-2023,annomate,zenodo.7828148-v1-732156-5,svl_label,1,"Turdidae_Catharus_aurantiirostris,8",,
jeantet-dufourq-2023,annomate,zenodo.7828148-v1-732156-6,svl_label,1,"Turdidae_Catharus_aurantiirostris,8",,
jeantet-dufourq-2023,annomate,zenodo.7828148-v1-732156-7,svl_label,1,"Turdidae_Catharus_aurantiirostris,8",,
jeantet-dufourq-2023,annomate,zenodo.7828148-v1-732156-8,svl_label,1,"Turdidae_Catharus_aurantiirostris,8",,
jeantet-dufourq-2023,annomate,zenodo.7828148-v1-732156-9,svl_label,1,"Turdidae_Catharus_aurantiirostris,8",,
jeantet-dufourq-2023,annomate,zenodo.7828148-v1-732156-10,svl_label,1,"Turdidae_Catharus_aurantiirostris,8",,
jeantet-dufourq-2023,annomate,zenodo.7828148-v1-732156-11,svl_label,1,"Turdidae_Catharus_aurantiirostris,8",,
jeantet-dufourq-2023,annomate,zenodo.7828148-v1-732620-1,svl_label,1,"Turdidae_Catharus_aurantiirostris,9",,
jeantet-dufourq-2023,annomate,zenodo.7828148-v1-732620-2,svl_label,1,"Turdidae_Catharus_aurantiirostris,9",,
jeantet-dufourq-2023,annomate,zenodo.7828148-v1-732620-3,svl_label,1,"Turdidae_Catharus_aurantiirostris,9",,
jeantet-dufourq-2023,annomate,zenodo.7828148-v1-732620-4,svl_label,1,"Turdidae_Catharus_aurantiirostris,9",,
jeantet-dufourq-2023,annomate,zenodo.7828148-v1-733570-1,svl_label,1,"Troglodytidae_Troglodytes_troglodytes, 10",,
jeantet-dufourq-2023,annomate,zenodo.7828148-v1-733570-2,svl_label,1,"Troglodytidae_Troglodytes_troglodytes, 10",,
jeantet-dufourq-2023,annomate,zenodo.7828148-v1-733570-3,svl_label,1,"Troglodytidae_Troglodytes_troglodytes, 10",,
jeantet-dufourq-2023,annomate,zenodo.7828148-v1-733570-4,svl_label,1,"Troglodytidae_Troglodytes_troglodytes, 10",,
jeantet-dufourq-2023,annomate,zenodo.7828148-v1-733570-5,svl_label,1,"Troglodytidae_Troglodytes_troglodytes, 10",,
jeantet-dufourq-2023,annomate,zenodo.7828148-v1-733570-6,svl_label,1,"Troglodytidae_Troglodytes_troglodytes, 10",,
jeantet-dufourq-2023,annomate,zenodo.7828148-v1-733570-7,svl_label,1,"Troglodytidae_Troglodytes_troglodytes, 10",,
jeantet-dufourq-2023,annomate,zenodo.7828148-v1-733570-8,svl_label,1,"Troglodytidae_Troglodytes_troglodytes, 10",,
jeantet-dufourq-2023,annomate,zenodo.7828148-v1-733570-9,svl_label,1,"Troglodytidae_Troglodytes_troglodytes, 10",,
jeantet-dufourq-2023,annomate,zenodo.7828148-v1-733570-10,svl_label,1,"Troglodytidae_Troglodytes_troglodytes, 10",,
jeantet-dufourq-2023,annomate,zenodo.7828148-v1-733570-11,svl_label,1,"Troglodytidae_Troglodytes_troglodytes, 10",,
jeantet-dufourq-2023,annomate,zenodo.7828148-v1-733571-1,svl_label,1,"Troglodytidae_Troglodytes_troglodytes, 10",,
jeantet-dufourq-2023,annomate,zenodo.7828148-v1-733571-2,svl_label,1,"Troglodytidae_Troglodytes_troglodytes, 10",,
jeantet-dufourq-2023,annomate,zenodo.7828148-v1-733571-3,svl_label,1,"Troglodytidae_Troglodytes_troglodytes, 10",,
jeantet-dufourq-2023,annomate,zenodo.7828148-v1-733571-4,svl_label,1,"Troglodytidae_Troglodytes_troglodytes, 10",,
jeantet-dufourq-2023,annomate,zenodo.7828148-v1-733571-5,svl_label,1,"Troglodytidae_Troglodytes_troglodytes, 10",,
jeantet-dufourq-2023,annomate,zenodo.7828148-v1-734913-1,svl_label,1,"Troglodytidae_Troglodytes_troglodytes,9",,
jeantet-dufourq-2023,annomate,zenodo.7828148-v1-734913-2,svl_label,1,"Troglodytidae_Troglodytes_troglodytes,9",,
jeantet-dufourq-2023,annomate,zenodo.7828148-v1-734913-3,svl_label,1,"Troglodytidae_Troglodytes_troglodytes,9",,
jeantet-dufourq-2023,annomate,zenodo.7828148-v1-734914-1,svl_label,1,"Troglodytidae_Troglodytes_troglodytes,8",,
jeantet-dufourq-2023,annomate,zenodo.7828148-v1-734914-2,svl_label,1,"Troglodytidae_Troglodytes_troglodytes,8",,
jeantet-dufourq-2023,annomate,zenodo.7828148-v1-734997-1,svl_label,1,"Paridae_Saxicola_rubetra,9",,
jeantet-dufourq-2023,annomate,zenodo.7828148-v1-734997-2,svl_label,1,"Paridae_Saxicola_rubetra,8",,
jeantet-dufourq-2023,annomate,zenodo.7828148-v1-734997-3,svl_label,1,"Paridae_Saxicola_rubetra,8",,
jeantet-dufourq-2023,annomate,zenodo.7828148-v1-734997-4,svl_label,1,"Paridae_Saxicola_rubetra,8",,
jeantet-dufourq-2023,annomate,zenodo.7828148-v1-734997-5,svl_label,1,"Paridae_Saxicola_rubetra,8",,
jeantet-dufourq-2023,annomate,zenodo.7828148-v1-734997-6,svl_label,1,"Paridae_Saxicola_rubetra,8",,
jeantet-dufourq-2023,annomate,zenodo.7828148-v1-734998-1,svl_label,1,"Paridae_Saxicola_rubetra,9",,
jeantet-dufourq-2023,annomate,zenodo.7828148-v1-734998-2,svl_label,1,"Paridae_Saxicola_rubetra,9",,
jeantet-dufourq-2023,annomate,zenodo.7828148-v1-734998-3,svl_label,1,"Paridae_Saxicola_rubetra,9",,
jeantet-dufourq-2023,annomate,zenodo.7828148-v1-734998-4,svl_label,1,"Paridae_Saxicola_rubetra,9",,
jeantet-dufourq-2023,annomate,zenodo.7828148-v1-734998-5,svl_label,1,"Paridae_Saxicola_rubetra,8",,
jeantet-dufourq-2023,annomate,zenodo.7828148-v1-734998-6,svl_label,1,"Paridae_Saxicola_rubetra,9",,
jeantet-dufourq-2023,annomate,zenodo.7828148-v1-734998-7,svl_label,1,"Paridae_Saxicola_rubetra,8",,
jeantet-dufourq-2023,annomate,zenodo.7828148-v1-734998-8,svl_label,1,"Paridae_Saxicola_rubetra,8",,
jeantet-dufourq-2023,annomate,zenodo.7828148-v1-734998-9,svl_label,1,"Paridae_Saxicola_rubetra,8",,
jeantet-dufourq-2023,annomate,zenodo.7828148-v1-734998-10,svl_label,1,"Paridae_Saxicola_rubetra,8",,
jeantet-dufourq-2023,annomate,zenodo.7828148-v1-734998-11,svl_label,1,"Paridae_Saxicola_rubetra,9",,
jeantet-dufourq-2023,annomate,zenodo.7828148-v1-734998-12,svl_label,1,"Paridae_Saxicola_rubetra,8",,
jeantet-dufourq-2023,annomate,zenodo.7828148-v1-734998-13,svl_label,1,"Paridae_Saxicola_rubetra,9",,
jeantet-dufourq-2023,annomate,zenodo.7828148-v1-734998-14,svl_label,1,"Paridae_Saxicola_rubetra,8",,
jeantet-dufourq-2023,annomate,zenodo.7828148-v1-734998-15,svl_label,1,"Paridae_Saxicola_rubetra,8",,
jeantet-dufourq-2023,annomate,zenodo.7828148-v1-734998-16,svl_label,1,"Paridae_Saxicola_rubetra,9",,
jeantet-dufourq-2023,annomate,zenodo.7828148-v1-734998-17,svl_label,1,"Paridae_Saxicola_rubetra,8",,
jeantet-dufourq-2023,annomate,zenodo.7828148-v1-734998-18,svl_label,1,"Paridae_Saxicola_rubetra,9",,
jeantet-dufourq-2023,annomate,zenodo.7828148-v1-734998-19,svl_label,1,"Paridae_Saxicola_rubetra,8",,
jeantet-dufourq-2023,annomate,zenodo.7828148-v1-734998-20,svl_label,1,"Paridae_Saxicola_rubetra,9",,
jeantet-dufourq-2023,annomate,zenodo.7828148-v1-734998-21,svl_label,1,"Paridae_Saxicola_rubetra,9",,
jeantet-dufourq-2023,annomate,zenodo.7828148-v1-734998-22,svl_label,1,"Paridae_Saxicola_rubetra,9",,
jeantet-dufourq-2023,annomate,zenodo.7828148-v1-734999-1,svl_label,1,"Paridae_Saxicola_rubetra,8",,
jeantet-dufourq-2023,annomate,zenodo.7828148-v1-734999-2,svl_label,1,"Paridae_Saxicola_rubetra,8",,
jeantet-dufourq-2023,annomate,zenodo.7828148-v1-734999-3,svl_label,1,"Paridae_Saxicola_rubetra,8",,
jeantet-dufourq-2023,annomate,zenodo.7828148-v1-734999-4,svl_label,1,"Paridae_Saxicola_rubetra,8",,
jeantet-dufourq-2023,annomate,zenodo.7828148-v1-734999-5,svl_label,1,"Paridae_Saxicola_rubetra,8",,
jeantet-dufourq-2023,annomate,zenodo.7828148-v1-734999-6,svl_label,1,"Paridae_Saxicola_rubetra,8",,
jeantet-dufourq-2023,annomate,zenodo.7828148-v1-734999-7,svl_label,1,"Paridae_Saxicola_rubetra,8",,
jeantet-dufourq-2023,annomate,zenodo.7828148-v1-734999-8,svl_label,1,"Paridae_Saxicola_rubetra,8",,
jeantet-dufourq-2023,annomate,zenodo.7828148-v1-734999-9,svl_label,1,"Paridae_Saxicola_rubetra,8",,
jeantet-dufourq-2023,annomate,zenodo.7828148-v1-734999-10,svl_label,1,"Paridae_Saxicola_rubetra,8",,
jeantet-dufourq-2023,annomate,zenodo.7828148-v1-734999-11,svl_label,1,"Paridae_Saxicola_rubetra,8",,
jeantet-dufourq-2023,annomate,zenodo.7828148-v1-734999-12,svl_label,1,"Paridae_Saxicola_rubetra,8",,
jeantet-dufourq-2023,annomate,zenodo.7828148-v1-734999-13,svl_label,1,"Paridae_Saxicola_rubetra,8",,
jeantet-dufourq-2023,annomate,zenodo.7828148-v1-734999-14,svl_label,1,"Paridae_Saxicola_rubetra,8",,
jeantet-dufourq-2023,annomate,zenodo.7828148-v1-734999-15,svl_label,1,"Paridae_Saxicola_rubetra,8",,
jeantet-dufourq-2023,annomate,zenodo.7828148-v1-734999-16,svl_label,1,"Paridae_Saxicola_rubetra,8",,
jeantet-dufourq-2023,annomate,zenodo.7828148-v1-734999-17,svl_label,1,"Paridae_Saxicola_rubetra,8",,
jeantet-dufourq-2023,annomate,zenodo.7828148-v1-734999-18,svl_label,1,"Paridae_Saxicola_rubetra,8",,
jeantet-dufourq-2023,annomate,zenodo.7828148-v1-734999-19,svl_label,1,"Paridae_Saxicola_rubetra,8",,
jeantet-dufourq-2023,annomate,zenodo.7828148-v1-734999-20,svl_label,1,"Paridae_Saxicola_rubetra,8",,
jeantet-dufourq-2023,annomate,zenodo.7828148-v1-734999-21,svl_label,1,"Paridae_Saxicola_rubetra,8",,
jeantet-dufourq-2023,annomate,zenodo.7828148-v1-734999-22,svl_label,1,"Paridae_Saxicola_rubetra,8",,
jeantet-dufourq-2023,annomate,zenodo.7828148-v1-735000-1,svl_label,1,"Paridae_Saxicola_rubetra,8",,
jeantet-dufourq-2023,annomate,zenodo.7828148-v1-735000-2,svl_label,1,"Paridae_Saxicola_rubetra,8",,
jeantet-dufourq-2023,annomate,zenodo.7828148-v1-735000-3,svl_label,1,"Paridae_Saxicola_rubetra,8",,
jeantet-dufourq-2023,annomate,zenodo.7828148-v1-735000-4,svl_label,1,"Paridae_Saxicola_rubetra,8",,
jeantet-dufourq-2023,annomate,zenodo.7828148-v1-735000-5,svl_label,1,"Paridae_Saxicola_rubetra,8",,
jeantet-dufourq-2023,annomate,zenodo.7828148-v1-735000-6,svl_label,1,"Paridae_Saxicola_rubetra,8",,
jeantet-dufourq-2023,annomate,zenodo.7828148-v1-735000-7,svl_label,1,"Paridae_Saxicola_rubetra,8",,
jeantet-dufourq-2023,annomate,zenodo.7828148-v1-735000-8,svl_label,1,"Paridae_Saxicola_rubetra,8",,
jeantet-dufourq-2023,annomate,zenodo.7828148-v1-735000-9,svl_label,1,"Paridae_Saxicola_rubetra,8",,
jeantet-dufourq-2023,annomate,zenodo.7828148-v1-735000-10,svl_label,1,"Paridae_Saxicola_rubetra,8",,
jeantet-dufourq-2023,annomate,zenodo.7828148-v1-735000-11,svl_label,1,"Paridae_Saxicola_rubetra,8",,
jeantet-dufourq-2023,annomate,zenodo.7828148-v1-735000-12,svl_label,1,"Paridae_Saxicola_rubetra,8",,
jeantet-dufourq-2023,annomate,zenodo.7828148-v1-735000-13,svl_label,1,"Paridae_Saxicola_rubetra,8",,
jeantet-dufourq-2023,annomate,zenodo.7828148-v1-735000-14,svl_label,1,"Paridae_Saxicola_rubetra,8",,
jeantet-dufourq-2023,annomate,zenodo.7828148-v1-735000-15,svl_label,1,"Paridae_Saxicola_rubetra,8",,
jeantet-dufourq-2023,annomate,zenodo.7828148-v1-735000-16,svl_label,1,"Paridae_Saxicola_rubetra,8",,
jeantet-dufourq-2023,annomate,zenodo.7828148-v1-735000-17,svl_label,1,"Paridae_Saxicola_rubetra,8",,
jeantet-dufourq-2023,annomate,zenodo.7828148-v1-735000-18,svl_label,1,"Paridae_Saxicola_rubetra,8",,
jeantet-dufourq-2023,annomate,zenodo.7828148-v1-735000-19,svl_label,1,"Paridae_Saxicola_rubetra,8",,
jeantet-dufourq-2023,annomate,zenodo.7828148-v1-735000-20,svl_label,1,"Paridae_Saxicola_rubetra,8",,
jeantet-dufourq-2023,annomate,zenodo.7828148-v1-735000-21,svl_label,1,"Paridae_Saxicola_rubetra,8",,
jeantet-dufourq-2023,annomate,zenodo.7828148-v1-735000-22,svl_label,1,"Paridae_Saxicola_rubetra,8",,
jeantet-dufourq-2023,annomate,zenodo.7828148-v1-735000-23,svl_label,1,"Paridae_Saxicola_rubetra,8",,
jeantet-dufourq-2023,annomate,zenodo.7828148-v1-735000-24,svl_label,1,"Paridae_Saxicola_rubetra,8",,
jeantet-dufourq-2023,annomate,zenodo.7828148-v1-735000-25,svl_label,1,"Paridae_Saxicola_rubetra,8",,
jeantet-dufourq-2023,annomate,zenodo.7828148-v1-735000-26,svl_label,1,"Paridae_Saxicola_rubetra,8",,
jeantet-dufourq-2023,annomate,zenodo.7828148-v1-735000-27,svl_label,1,"Paridae_Saxicola_rubetra,8",,
jeantet-dufourq-2023,annomate,zenodo.7828148-v1-735000-28,svl_label,1,"Paridae_Saxicola_rubetra,8",,
jeantet-dufourq-2023,annomate,zenodo.7828148-v1-735000-29,svl_label,1,"Paridae_Saxicola_rubetra,8",,
jeantet-dufourq-2023,annomate,zenodo.7828148-v1-735000-30,svl_label,1,"Paridae_Saxicola_rubetra,8",,
jeantet-dufourq-2023,annomate,zenodo.7828148-v1-735000-31,svl_label,1,"Paridae_Saxicola_rubetra,8",,
jeantet-dufourq-2023,annomate,zenodo.7828148-v1-735000-32,svl_label,1,"Paridae_Saxicola_rubetra,8",,
jeantet-dufourq-2023,annomate,zenodo.7828148-v1-735000-33,svl_label,1,"Paridae_Saxicola_rubetra,8",,
jeantet-dufourq-2023,annomate,zenodo.7828148-v1-735000-34,svl_label,1,"Paridae_Saxicola_rubetra,8",,
jeantet-dufourq-2023,annomate,zenodo.7828148-v1-735000-35,svl_label,1,"Paridae_Saxicola_rubetra,8",,
jeantet-dufourq-2023,annomate,zenodo.7828148-v1-735000-36,svl_label,1,"Paridae_Saxicola_rubetra,8",,
jeantet-dufourq-2023,annomate,zenodo.7828148-v1-735000-37,svl_label,1,"Paridae_Saxicola_rubetra,8",,
jeantet-dufourq-2023,annomate,zenodo.7828148-v1-735000-38,svl_label,1,"Paridae_Saxicola_rubetra,8",,
jeantet-dufourq-2023,annomate,zenodo.7828148-v1-735000-39,svl_label,1,"Paridae_Saxicola_rubetra,8",,
jeantet-dufourq-2023,annomate,zenodo.7828148-v1-735000-40,svl_label,1,"Paridae_Saxicola_rubetra,8",,
jeantet-dufourq-2023,annomate,zenodo.7828148-v1-736335-1,svl_label,1,"Turdidae_Catharus_minimus,8",,
jeantet-dufourq-2023,annomate,zenodo.7828148-v1-736335-2,svl_label,1,"Turdidae_Catharus_minimus,8",,
jeantet-dufourq-2023,annomate,zenodo.7828148-v1-736335-3,svl_label,1,"Turdidae_Catharus_minimus,8",,
jeantet-dufourq-2023,annomate,zenodo.7828148-v1-736335-4,svl_label,1,"Turdidae_Catharus_minimus,8",,
jeantet-dufourq-2023,annomate,zenodo.7828148-v1-736335-5,svl_label,1,"Turdidae_Catharus_minimus,8",,
jeantet-dufourq-2023,annomate,zenodo.7828148-v1-736335-6,svl_label,1,"Turdidae_Catharus_minimus,8",,
jeantet-dufourq-2023,annomate,zenodo.7828148-v1-736435-1,svl_label,1,"Troglodytidae_Troglodytes_troglodytes, 10",,
jeantet-dufourq-2023,annomate,zenodo.7828148-v1-736435-2,svl_label,1,"Troglodytidae_Troglodytes_troglodytes, 10",,
jeantet-dufourq-2023,annomate,zenodo.7828148-v1-736563-1,svl_label,1,"Turdidae_Catharus_aurantiirostris,9",,
jeantet-dufourq-2023,annomate,zenodo.7828148-v1-736563-2,svl_label,1,"Turdidae_Catharus_aurantiirostris,9",,
jeantet-dufourq-2023,annomate,zenodo.7828148-v1-736563-3,svl_label,1,"Turdidae_Catharus_aurantiirostris,9",,
jeantet-dufourq-2023,annomate,zenodo.7828148-v1-736563-4,svl_label,1,"Turdidae_Catharus_aurantiirostris,9",,
jeantet-dufourq-2023,annomate,zenodo.7828148-v1-736969-1,svl_label,1,"Fringillidae_Serinus_serinus,9",,
jeantet-dufourq-2023,annomate,zenodo.7828148-v1-736969-2,svl_label,1,"Fringillidae_Serinus_serinus,9",,
jeantet-dufourq-2023,annomate,zenodo.7828148-v1-736969-3,svl_label,1,"Fringillidae_Serinus_serinus,9",,
jeantet-dufourq-2023,annomate,zenodo.7828148-v1-736969-4,svl_label,1,"Fringillidae_Serinus_serinus,9",,
jeantet-dufourq-2023,annomate,zenodo.7828148-v1-736969-5,svl_label,1,"Fringillidae_Serinus_serinus,9",,
jeantet-dufourq-2023,annomate,zenodo.7828148-v1-736969-6,svl_label,1,"Fringillidae_Serinus_serinus,9",,
jeantet-dufourq-2023,annomate,zenodo.7828148-v1-736969-7,svl_label,1,"Fringillidae_Serinus_serinus,9",,
jeantet-dufourq-2023,annomate,zenodo.7828148-v1-737393-1,svl_label,1,"Troglodytidae_Troglodytes_troglodytes,9",,
jeantet-dufourq-2023,annomate,zenodo.7828148-v1-737393-2,svl_label,1,"Troglodytidae_Troglodytes_troglodytes,9",,
jeantet-dufourq-2023,annomate,zenodo.7828148-v1-74914-1,svl_label,1,"Paridae_Hypocnemis_cantator,9",,
jeantet-dufourq-2023,annomate,zenodo.7828148-v1-74914-2,svl_label,1,"Paridae_Hypocnemis_cantator,9",,
jeantet-dufourq-2023,annomate,zenodo.7828148-v1-74914-3,svl_label,1,"Paridae_Hypocnemis_cantator,9",,
jeantet-dufourq-2023,annomate,zenodo.7828148-v1-75942-1,svl_label,1,"Paridae_Saxicola_rubicola,9",,
jeantet-dufourq-2023,annomate,zenodo.7828148-v1-75942-2,svl_label,1,"Paridae_Saxicola_rubicola,9",,
jeantet-dufourq-2023,annomate,zenodo.7828148-v1-75942-3,svl_label,1,"Paridae_Saxicola_rubicola,9",,
jeantet-dufourq-2023,annomate,zenodo.7828148-v1-75942-4,svl_label,1,"Paridae_Saxicola_rubicola,9",,
jeantet-dufourq-2023,annomate,zenodo.7828148-v1-75942-5,svl_label,1,"Paridae_Saxicola_rubicola,9",,
jeantet-dufourq-2023,annomate,zenodo.7828148-v1-75942-6,svl_label,1,"Paridae_Saxicola_rubicola,9",,
jeantet-dufourq-2023,annomate,zenodo.7828148-v1-75942-7,svl_label,1,"Paridae_Saxicola_rubicola,9",,
jeantet-dufourq-2023,annomate,zenodo.7828148-v1-75942-8,svl_label,1,"Paridae_Saxicola_rubicola,9",,
jeantet-dufourq-2023,annomate,zenodo.7828148-v1-75942-9,svl_label,1,"Paridae_Saxicola_rubicola,9",,
jeantet-dufourq-2023,annomate,zenodo.7828148-v1-75942-10,svl_label,1,"Paridae_Saxicola_rubicola,9",,
jeantet-dufourq-2023,annomate,zenodo.7828148-v1-75942-11,svl_label,1,"Paridae_Saxicola_rubicola,9",,
jeantet-dufourq-2023,annomate,zenodo.7828148-v1-76202-1,svl_label,1,"Troglodytidae_Troglodytes_pacificus,9",,
jeantet-dufourq-2023,annomate,zenodo.7828148-v1-76202-2,svl_label,1,"Troglodytidae_Troglodytes_pacificus,9",,
jeantet-dufourq-2023,annomate,zenodo.7828148-v1-76202-3,svl_label,1,"Troglodytidae_Troglodytes_pacificus,9",,
jeantet-dufourq-2023,annomate,zenodo.7828148-v1-76202-4,svl_label,1,"Troglodytidae_Troglodytes_pacificus,9",,
jeantet-dufourq-2023,annomate,zenodo.7828148-v1-76202-5,svl_label,1,"Troglodytidae_Troglodytes_pacificus,9",,
jeantet-dufourq-2023,annomate,zenodo.7828148-v1-76202-6,svl_label,1,"Troglodytidae_Troglodytes_pacificus,9",,
jeantet-dufourq-2023,annomate,zenodo.7828148-v1-76202-7,svl_label,1,"Troglodytidae_Troglodytes_pacificus,9",,
jeantet-dufourq-2023,annomate,zenodo.7828148-v1-76203-1,svl_label,1,"Troglodytidae_Troglodytes_pacificus,9",,
jeantet-dufourq-2023,annomate,zenodo.7828148-v1-76203-2,svl_label,1,"Troglodytidae_Troglodytes_pacificus,9",,
jeantet-dufourq-2023,annomate,zenodo.7828148-v1-76203-3,svl_label,1,"Troglodytidae_Troglodytes_pacificus,9",,
jeantet-dufourq-2023,annomate,zenodo.7828148-v1-76203-4,svl_label,1,"Troglodytidae_Troglodytes_pacificus,9",,
jeantet-dufourq-2023,annomate,zenodo.7828148-v1-76203-5,svl_label,1,"Troglodytidae_Troglodytes_pacificus,9",,
jeantet-dufourq-2023,annomate,zenodo.7828148-v1-76203-6,svl_label,1,"Troglodytidae_Troglodytes_pacificus,9",,
jeantet-dufourq-2023,annomate,zenodo.7828148-v1-76203-7,svl_label,1,"Troglodytidae_Troglodytes_pacificus,9",,
jeantet-dufourq-2023,annomate,zenodo.7828148-v1-76203-8,svl_label,1,"Troglodytidae_Troglodytes_pacificus,9",,
jeantet-dufourq-2023,annomate,zenodo.7828148-v1-76356-1,svl_label,1,"Fringillidae_Serinus_serinus,9",,
jeantet-dufourq-2023,annomate,zenodo.7828148-v1-76356-2,svl_label,1,"Fringillidae_Serinus_serinus,9",,
jeantet-dufourq-2023,annomate,zenodo.7828148-v1-76356-3,svl_label,1,"Fringillidae_Serinus_serinus,9",,
jeantet-dufourq-2023,annomate,zenodo.7828148-v1-76356-4,svl_label,1,"Fringillidae_Serinus_serinus,9",,
jeantet-dufourq-2023,annomate,zenodo.7828148-v1-76356-5,svl_label,1,"Fringillidae_Serinus_serinus,9",,
jeantet-dufourq-2023,annomate,zenodo.7828148-v1-76882-1,svl_label,1,"Fringillidae_Serinus_serinus,9",,
jeantet-dufourq-2023,annomate,zenodo.7828148-v1-76882-2,svl_label,1,"Fringillidae_Serinus_serinus,9",,
jeantet-dufourq-2023,annomate,zenodo.7828148-v1-76882-3,svl_label,1,"Fringillidae_Serinus_serinus,9",,
jeantet-dufourq-2023,annomate,zenodo.7828148-v1-76882-4,svl_label,1,"Fringillidae_Serinus_serinus,9",,
jeantet-dufourq-2023,annomate,zenodo.7828148-v1-76882-5,svl_label,1,"Fringillidae_Serinus_serinus,9",,
jeantet-dufourq-2023,annomate,zenodo.7828148-v1-76882-6,svl_label,1,"Fringillidae_Serinus_serinus,9",,
jeantet-dufourq-2023,annomate,zenodo.7828148-v1-76882-7,svl_label,1,"Fringillidae_Serinus_serinus,9",,
jeantet-dufourq-2023,annomate,zenodo.7828148-v1-76882-8,svl_label,1,"Fringillidae_Serinus_serinus,9",,
jeantet-dufourq-2023,annomate,zenodo.7828148-v1-76882-9,svl_label,1,"Fringillidae_Serinus_serinus,9",,
jeantet-dufourq-2023,annomate,zenodo.7828148-v1-76882-10,svl_label,1,"Fringillidae_Serinus_serinus,9",,
jeantet-dufourq-2023,annomate,zenodo.7828148-v1-76882-11,svl_label,1,"Fringillidae_Serinus_serinus,9",,
jeantet-dufourq-2023,annomate,zenodo.7828148-v1-77025-1,svl_label,1,"Paridae_Hypocnemis_peruviana,8",,
jeantet-dufourq-2023,annomate,zenodo.7828148-v1-77025-2,svl_label,1,"Paridae_Hypocnemis_peruviana,8",,
jeantet-dufourq-2023,annomate,zenodo.7828148-v1-77025-3,svl_label,1,"Paridae_Hypocnemis_peruviana,8",,
jeantet-dufourq-2023,annomate,zenodo.7828148-v1-77025-4,svl_label,1,"Paridae_Hypocnemis_peruviana,8",,
jeantet-dufourq-2023,annomate,zenodo.7828148-v1-77569-1,svl_label,1,"Paridae_Saxicola_rubicola,9",,
jeantet-dufourq-2023,annomate,zenodo.7828148-v1-77569-2,svl_label,1,"Paridae_Saxicola_rubicola,9",,
jeantet-dufourq-2023,annomate,zenodo.7828148-v1-77569-3,svl_label,1,"Paridae_Saxicola_rubicola,9",,
jeantet-dufourq-2023,annomate,zenodo.7828148-v1-77569-4,svl_label,1,"Paridae_Saxicola_rubicola,9",,
jeantet-dufourq-2023,annomate,zenodo.7828148-v1-77569-5,svl_label,1,"Paridae_Saxicola_rubicola,9",,
jeantet-dufourq-2023,annomate,zenodo.7828148-v1-77569-6,svl_label,1,"Paridae_Saxicola_rubicola,9",,
jeantet-dufourq-2023,annomate,zenodo.7828148-v1-77569-7,svl_label,1,"Paridae_Saxicola_rubicola,9",,
jeantet-dufourq-2023,annomate,zenodo.7828148-v1-77569-8,svl_label,1,"Paridae_Saxicola_rubicola,9",,
jeantet-dufourq-2023,annomate,zenodo.7828148-v1-77569-9,svl_label,1,"Paridae_Saxicola_rubicola,9",,
jeantet-dufourq-2023,annomate,zenodo.7828148-v1-77569-10,svl_label,1,"Paridae_Saxicola_rubicola,9",,
jeantet-dufourq-2023,annomate,zenodo.7828148-v1-77569-11,svl_label,1,"Paridae_Saxicola_rubicola,9",,
jeantet-dufourq-2023,annomate,zenodo.7828148-v1-77569-12,svl_label,1,"Paridae_Saxicola_rubicola,9",,
jeantet-dufourq-2023,annomate,zenodo.7828148-v1-77569-13,svl_label,1,"Paridae_Saxicola_rubicola,9",,
jeantet-dufourq-2023,annomate,zenodo.7828148-v1-77604-1,svl_label,1,"Paridae_Hypocnemis_peruviana,9",,
jeantet-dufourq-2023,annomate,zenodo.7828148-v1-77604-2,svl_label,1,"Paridae_Hypocnemis_peruviana,9",,
jeantet-dufourq-2023,annomate,zenodo.7828148-v1-78952-1,svl_label,1,"Fringillidae_Serinus_serinus,9",,
jeantet-dufourq-2023,annomate,zenodo.7828148-v1-78952-2,svl_label,1,"Fringillidae_Serinus_serinus,9",,
jeantet-dufourq-2023,annomate,zenodo.7828148-v1-78952-3,svl_label,1,"Fringillidae_Serinus_serinus,9",,
jeantet-dufourq-2023,annomate,zenodo.7828148-v1-78952-4,svl_label,1,"Fringillidae_Serinus_serinus,9",,
jeantet-dufourq-2023,annomate,zenodo.7828148-v1-79494-1,svl_label,1,"Paridae_Saxicola_rubetra,9",,
jeantet-dufourq-2023,annomate,zenodo.7828148-v1-79494-2,svl_label,1,"Paridae_Saxicola_rubetra,9",,
jeantet-dufourq-2023,annomate,zenodo.7828148-v1-79494-3,svl_label,1,"Paridae_Saxicola_rubetra,9",,
jeantet-dufourq-2023,annomate,zenodo.7828148-v1-79578-1,svl_label,1,"Turdidae_Catharus_ustulatus,9",,
jeantet-dufourq-2023,annomate,zenodo.7828148-v1-79578-2,svl_label,1,"Turdidae_Catharus_ustulatus,9",,
jeantet-dufourq-2023,annomate,zenodo.7828148-v1-79578-3,svl_label,1,"Turdidae_Catharus_ustulatus,9",,
jeantet-dufourq-2023,annomate,zenodo.7828148-v1-79578-4,svl_label,1,"Turdidae_Catharus_ustulatus,9",,
jeantet-dufourq-2023,annomate,zenodo.7828148-v1-79578-5,svl_label,1,"Turdidae_Catharus_ustulatus,9",,
jeantet-dufourq-2023,annomate,zenodo.7828148-v1-79578-6,svl_label,1,"Turdidae_Catharus_ustulatus,9",,
jeantet-dufourq-2023,annomate,zenodo.7828148-v1-79578-7,svl_label,1,"Turdidae_Catharus_ustulatus,9",,
jeantet-dufourq-2023,annomate,zenodo.7828148-v1-79578-8,svl_label,1,"Turdidae_Catharus_ustulatus,9",,
jeantet-dufourq-2023,annomate,zenodo.7828148-v1-79578-9,svl_label,1,"Turdidae_Catharus_ustulatus,9",,
jeantet-dufourq-2023,annomate,zenodo.7828148-v1-79579-1,svl_label,1,"Troglodytidae_Troglodytes_hiemalis,9",,
jeantet-dufourq-2023,annomate,zenodo.7828148-v1-79579-2,svl_label,1,"Troglodytidae_Troglodytes_hiemalis,9",,
jeantet-dufourq-2023,annomate,zenodo.7828148-v1-79579-3,svl_label,1,"Troglodytidae_Troglodytes_hiemalis,9",,
jeantet-dufourq-2023,annomate,zenodo.7828148-v1-79579-4,svl_label,1,"Troglodytidae_Troglodytes_hiemalis,9",,
jeantet-dufourq-2023,annomate,zenodo.7828148-v1-79579-5,svl_label,1,"Troglodytidae_Troglodytes_hiemalis,9",,
jeantet-dufourq-2023,annomate,zenodo.7828148-v1-79579-6,svl_label,1,"Troglodytidae_Troglodytes_hiemalis,9",,
jeantet-dufourq-2023,annomate,zenodo.7828148-v1-79579-7,svl_label,1,"Troglodytidae_Troglodytes_hiemalis,9",,
jeantet-dufourq-2023,annomate,zenodo.7828148-v1-79579-8,svl_label,1,"Troglodytidae_Troglodytes_hiemalis,9",,
jeantet-dufourq-2023,annomate,zenodo.7828148-v1-80718-1,svl_label,1,"idae_Saxicola_rubetra,9",,
jeantet-dufourq-2023,annomate,zenodo.7828148-v1-80718-2,svl_label,1,"idae_Saxicola_rubetra,9",,
jeantet-dufourq-2023,annomate,zenodo.7828148-v1-80718-3,svl_label,1,"idae_Saxicola_rubetra,9",,
jeantet-dufourq-2023,annomate,zenodo.7828148-v1-80718-4,svl_label,1,"idae_Saxicola_rubetra,9",,
jeantet-dufourq-2023,annomate,zenodo.7828148-v1-80718-5,svl_label,1,"idae_Saxicola_rubetra,9",,
jeantet-dufourq-2023,annomate,zenodo.7828148-v1-80718-6,svl_label,1,"idae_Saxicola_rubetra,9",,
jeantet-dufourq-2023,annomate,zenodo.7828148-v1-80718-7,svl_label,1,"idae_Saxicola_rubetra,9",,
jeantet-dufourq-2023,annomate,zenodo.7828148-v1-80718-8,svl_label,1,"idae_Saxicola_rubetra,9",,
jeantet-dufourq-2023,annomate,zenodo.7828148-v1-80718-9,svl_label,1,"idae_Saxicola_rubetra,9",,
jeantet-dufourq-2023,annomate,zenodo.7828148-v1-80718-10,svl_label,1,"idae_Saxicola_rubetra,9",,
jeantet-dufourq-2023,annomate,zenodo.7828148-v1-80718-11,svl_label,1,"idae_Saxicola_rubetra,9",,
jeantet-dufourq-2023,annomate,zenodo.7828148-v1-80718-12,svl_label,1,"idae_Saxicola_rubetra,9",,
jeantet-dufourq-2023,annomate,zenodo.7828148-v1-80718-13,svl_label,1,"idae_Saxicola_rubetra,9",,
jeantet-dufourq-2023,annomate,zenodo.7828148-v1-80718-14,svl_label,1,"idae_Saxicola_rubetra,9",,
jeantet-dufourq-2023,annomate,zenodo.7828148-v1-80718-15,svl_label,1,"idae_Saxicola_rubetra,9",,
jeantet-dufourq-2023,annomate,zenodo.7828148-v1-80718-16,svl_label,1,"idae_Saxicola_rubetra,9",,
jeantet-dufourq-2023,annomate,zenodo.7828148-v1-80718-17,svl_label,1,"idae_Saxicola_rubetra,9",,
jeantet-dufourq-2023,annomate,zenodo.7828148-v1-80718-18,svl_label,1,"idae_Saxicola_rubetra,9",,
jeantet-dufourq-2023,annomate,zenodo.7828148-v1-80718-19,svl_label,1,"idae_Saxicola_rubetra,9",,
jeantet-dufourq-2023,annomate,zenodo.7828148-v1-80718-20,svl_label,1,"idae_Saxicola_rubetra,9",,
jeantet-dufourq-2023,annomate,zenodo.7828148-v1-80718-21,svl_label,1,"idae_Saxicola_rubetra,9",,
jeantet-dufourq-2023,annomate,zenodo.7828148-v1-80718-22,svl_label,1,"idae_Saxicola_rubetra,9",,
jeantet-dufourq-2023,annomate,zenodo.7828148-v1-80718-23,svl_label,1,"idae_Saxicola_rubetra,9",,
jeantet-dufourq-2023,annomate,zenodo.7828148-v1-80718-24,svl_label,1,"idae_Saxicola_rubetra,9",,
jeantet-dufourq-2023,annomate,zenodo.7828148-v1-80718-25,svl_label,1,"idae_Saxicola_rubetra,9",,
jeantet-dufourq-2023,annomate,zenodo.7828148-v1-80718-26,svl_label,1,"idae_Saxicola_rubetra,9",,
jeantet-dufourq-2023,annomate,zenodo.7828148-v1-80718-27,svl_label,1,"idae_Saxicola_rubetra,9",,
jeantet-dufourq-2023,annomate,zenodo.7828148-v1-80718-28,svl_label,1,"idae_Saxicola_rubetra,9",,
jeantet-dufourq-2023,annomate,zenodo.7828148-v1-80718-29,svl_label,1,"idae_Saxicola_rubetra,9",,
jeantet-dufourq-2023,annomate,zenodo.7828148-v1-80719-1,svl_label,1,"Paridae_Saxicola_rubetra,9",,
jeantet-dufourq-2023,annomate,zenodo.7828148-v1-80719-2,svl_label,1,"Paridae_Saxicola_rubetra,9",,
jeantet-dufourq-2023,annomate,zenodo.7828148-v1-80719-3,svl_label,1,"Paridae_Saxicola_rubetra,9",,
jeantet-dufourq-2023,annomate,zenodo.7828148-v1-80719-4,svl_label,1,"Paridae_Saxicola_rubetra,9",,
jeantet-dufourq-2023,annomate,zenodo.7828148-v1-81914-1,svl_label,1,"Paridae_Saxicola_rubicola,9",,
jeantet-dufourq-2023,annomate,zenodo.7828148-v1-81914-2,svl_label,1,"Paridae_Saxicola_rubicola,9",,
jeantet-dufourq-2023,annomate,zenodo.7828148-v1-81914-3,svl_label,1,"Paridae_Saxicola_rubicola,9",,
jeantet-dufourq-2023,annomate,zenodo.7828148-v1-81914-4,svl_label,1,"Paridae_Saxicola_rubicola,9",,
jeantet-dufourq-2023,annomate,zenodo.7828148-v1-81914-5,svl_label,1,"Paridae_Saxicola_rubicola,9",,
jeantet-dufourq-2023,annomate,zenodo.7828148-v1-81914-6,svl_label,1,"Paridae_Saxicola_rubicola,9",,
jeantet-dufourq-2023,annomate,zenodo.7828148-v1-82924-1,svl_label,1,"Turdidae_Catharus_aurantiirostris,8",,
jeantet-dufourq-2023,annomate,zenodo.7828148-v1-82924-2,svl_label,1,"Turdidae_Catharus_aurantiirostris,8",,
jeantet-dufourq-2023,annomate,zenodo.7828148-v1-82924-3,svl_label,1,"Turdidae_Catharus_aurantiirostris,8",,
jeantet-dufourq-2023,annomate,zenodo.7828148-v1-82924-4,svl_label,1,"Turdidae_Catharus_aurantiirostris,8",,
jeantet-dufourq-2023,annomate,zenodo.7828148-v1-82924-5,svl_label,1,"Turdidae_Catharus_aurantiirostris,8",,
jeantet-dufourq-2023,annomate,zenodo.7828148-v1-82924-6,svl_label,1,"Turdidae_Catharus_aurantiirostris,8",,
jeantet-dufourq-2023,annomate,zenodo.7828148-v1-82924-7,svl_label,1,"Turdidae_Catharus_aurantiirostris,8",,
jeantet-dufourq-2023,annomate,zenodo.7828148-v1-83514-1,svl_label,1,"Turdidae_Catharus_guttatus,9",,
jeantet-dufourq-2023,annomate,zenodo.7828148-v1-83514-2,svl_label,1,"Turdidae_Catharus_guttatus,9",,
jeantet-dufourq-2023,annomate,zenodo.7828148-v1-83514-3,svl_label,1,"Turdidae_Catharus_guttatus,9",,
jeantet-dufourq-2023,annomate,zenodo.7828148-v1-83514-4,svl_label,1,"Turdidae_Catharus_guttatus,9",,
jeantet-dufourq-2023,annomate,zenodo.7828148-v1-83514-5,svl_label,1,"Turdidae_Catharus_guttatus,9",,
jeantet-dufourq-2023,annomate,zenodo.7828148-v1-83514-6,svl_label,1,"Turdidae_Catharus_guttatus,9",,
jeantet-dufourq-2023,annomate,zenodo.7828148-v1-83514-7,svl_label,1,"Turdidae_Catharus_guttatus,9",,
jeantet-dufourq-2023,annomate,zenodo.7828148-v1-83514-8,svl_label,1,"Turdidae_Catharus_guttatus,9",,
jeantet-dufourq-2023,annomate,zenodo.7828148-v1-8505-1,svl_label,1,"Paridae_Hypocnemis_hypoxantha,9",,
jeantet-dufourq-2023,annomate,zenodo.7828148-v1-8505-2,svl_label,1,"Paridae_Hypocnemis_hypoxantha,9",,
jeantet-dufourq-2023,annomate,zenodo.7828148-v1-8505-3,svl_label,1,"Paridae_Hypocnemis_hypoxantha,9",,
jeantet-dufourq-2023,annomate,zenodo.7828148-v1-89519-1,svl_label,1,"Paridae_Hypocnemis_striata,9",,
jeantet-dufourq-2023,annomate,zenodo.7828148-v1-89519-2,svl_label,1,"Paridae_Hypocnemis_striata,9",,
jeantet-dufourq-2023,annomate,zenodo.7828148-v1-89519-3,svl_label,1,"Paridae_Hypocnemis_striata,9",,
jeantet-dufourq-2023,annomate,zenodo.7828148-v1-89519-4,svl_label,1,"Paridae_Hypocnemis_striata,9",,
jeantet-dufourq-2023,annomate,zenodo.7828148-v1-89596-1,svl_label,1,"Paridae_Hypocnemis_hypoxantha,8",,
jeantet-dufourq-2023,annomate,zenodo.7828148-v1-89596-2,svl_label,1,"Paridae_Hypocnemis_hypoxantha,8",,
jeantet-dufourq-2023,annomate,zenodo.7828148-v1-89596-3,svl_label,1,"Paridae_Hypocnemis_hypoxantha,8",,
jeantet-dufourq-2023,annomate,zenodo.7828148-v1-89596-4,svl_label,1,"Paridae_Hypocnemis_hypoxantha,8",,
jeantet-dufourq-2023,annomate,zenodo.7828148-v1-89596-5,svl_label,1,"Paridae_Hypocnemis_hypoxantha,8",,
jeantet-dufourq-2023,annomate,zenodo.7828148-v1-89596-6,svl_label,1,"Paridae_Hypocnemis_hypoxantha,8",,
jeantet-dufourq-2023,annomate,zenodo.7828148-v1-89596-7,svl_label,1,"Paridae_Hypocnemis_hypoxantha,8",,
jeantet-dufourq-2023,annomate,zenodo.7828148-v1-89597-1,svl_label,1,"Paridae_Hypocnemis_hypoxantha,8",,
jeantet-dufourq-2023,annomate,zenodo.7828148-v1-89597-2,svl_label,1,"Paridae_Hypocnemis_hypoxantha,8",,
jeantet-dufourq-2023,annomate,zenodo.7828148-v1-89597-3,svl_label,1,"Paridae_Hypocnemis_hypoxantha,8",,
jeantet-dufourq-2023,annomate,zenodo.7828148-v1-89597-4,svl_label,1,"Paridae_Hypocnemis_hypoxantha,8",,
jeantet-dufourq-2023,annomate,zenodo.7828148-v1-89597-5,svl_label,1,"Paridae_Hypocnemis_hypoxantha,8",,
jeantet-dufourq-2023,annomate,zenodo.7828148-v1-89598-1,svl_label,1,"Paridae_Hypocnemis_hypoxantha,6",,
jeantet-dufourq-2023,annomate,zenodo.7828148-v1-94696-1,svl_label,1,"Turdidae_Catharus_aurantiirostris,8",,
jeantet-dufourq-2023,annomate,zenodo.7828148-v1-94696-2,svl_label,1,"Turdidae_Catharus_aurantiirostris,8",,
jeantet-dufourq-2023,annomate,zenodo.7828148-v1-94696-3,svl_label,1,"Turdidae_Catharus_aurantiirostris,8",,
jeantet-dufourq-2023,annomate,zenodo.7828148-v1-94696-4,svl_label,1,"Turdidae_Catharus_aurantiirostris,8",,
jeantet-dufourq-2023,annomate,zenodo.7828148-v1-94855-1,svl_label,1,"Paridae_Hypocnemis_hypoxantha,8",,
jeantet-dufourq-2023,annomate,zenodo.7828148-v1-94855-2,svl_label,1,"Paridae_Hypocnemis_hypoxantha,7",,
jeantet-dufourq-2023,annomate,zenodo.7828148-v1-94855-3,svl_label,1,"Paridae_Hypocnemis_hypoxantha,7",,
jeantet-dufourq-2023,annomate,zenodo.7828148-v1-94855-4,svl_label,1,"Paridae_Hypocnemis_hypoxantha,7",,
jeantet-dufourq-2023,annomate,zenodo.7828148-v1-94855-5,svl_label,1,"Paridae_Hypocnemis_hypoxantha,7",,
jeantet-dufourq-2023,annomate,zenodo.7828148-v1-94855-6,svl_label,1,"Paridae_Hypocnemis_hypoxantha,8",,
jeantet-dufourq-2023,annomate,zenodo.7828148-v1-94855-7,svl_label,1,"Paridae_Hypocnemis_hypoxantha,7",,
jeantet-dufourq-2023,annomate,zenodo.7828148-v1-94855-8,svl_label,1,"Paridae_Hypocnemis_hypoxantha,7",,
jeantet-dufourq-2023,annomate,zenodo.7828148-v1-94855-9,svl_label,1,"Paridae_Hypocnemis_hypoxantha,7",,
jeantet-dufourq-2023,annomate,zenodo.7828148-v1-94855-10,svl_label,1,"Paridae_Hypocnemis_hypoxantha,8",,
jeantet-dufourq-2023,annomate,zenodo.7828148-v1-94855-11,svl_label,1,"Paridae_Hypocnemis_hypoxantha,8",,
jeantet-dufourq-2023,annomate,zenodo.7828148-v1-94855-12,svl_label,1,"Paridae_Hypocnemis_hypoxantha,7",,
jeantet-dufourq-2023,annomate,zenodo.7828148-v1-94855-13,svl_label,1,"Paridae_Hypocnemis_hypoxantha,8",,
jeantet-dufourq-2023,annomate,zenodo.7828148-v1-94855-14,svl_label,1,"Paridae_Hypocnemis_hypoxantha,9",,
jeantet-dufourq-2023,annomate,zenodo.7828148-v1-95980-1,svl_label,1,"Turdidae_Catharus_aurantiirostris,8",,
jeantet-dufourq-2023,annomate,zenodo.7828148-v1-95980-2,svl_label,1,"Turdidae_Catharus_aurantiirostris,8",,
jeantet-dufourq-2023,annomate,zenodo.7828148-v1-95980-3,svl_label,1,"Turdidae_Catharus_aurantiirostris,8",,
jeantet-dufourq-2023,annomate,zenodo.7828148-v1-95980-4,svl_label,1,"Turdidae_Catharus_aurantiirostris,8",,
jeantet-dufourq-2023,annomate,zenodo.7828148-v1-95980-5,svl_label,1,"Turdidae_Catharus_aurantiirostris,8",,
jeantet-dufourq-2023,annomate,zenodo.7828148-v1-95980-6,svl_label,1,"Turdidae_Catharus_aurantiirostris,8",,
jeantet-dufourq-2023,annomate,zenodo.7828148-v1-95980-7,svl_label,1,"Turdidae_Catharus_aurantiirostris,8",,
jeantet-dufourq-2023,annomate,zenodo.7828148-v1-95980-8,svl_label,1,"Turdidae_Catharus_aurantiirostris,8",,
jeantet-dufourq-2023,annomate,zenodo.7828148-v1-95980-9,svl_label,1,"Turdidae_Catharus_aurantiirostris,8",,
jeantet-dufourq-2023,annomate,zenodo.7828148-v1-95980-10,svl_label,1,"Turdidae_Catharus_aurantiirostris,8",,
jeantet-dufourq-2023,annomate,zenodo.7828148-v1-95980-11,svl_label,1,"Turdidae_Catharus_aurantiirostris,8",,
jeantet-dufourq-2023,annomate,zenodo.7828148-v1-95980-12,svl_label,1,"Turdidae_Catharus_aurantiirostris,8",,
jeantet-dufourq-2023,annomate,zenodo.7828148-v1-95980-13,svl_label,1,"Turdidae_Catharus_aurantiirostris,8",,
jeantet-dufourq-2023,annomate,zenodo.7828148-v1-95980-14,svl_label,1,"Turdidae_Catharus_aurantiirostris,8",,
jeantet-dufourq-2023,annomate,zenodo.7828148-v1-95980-15,svl_label,1,"Turdidae_Catharus_aurantiirostris,8",,
jeantet-dufourq-2023,annomate,zenodo.7828148-v1-95980-16,svl_label,1,"Turdidae_Catharus_aurantiirostris,8",,
jeantet-dufourq-2023,annomate,zenodo.7828148-v1-95980-17,svl_label,1,"Turdidae_Catharus_aurantiirostris,8",,
jeantet-dufourq-2023,annomate,zenodo.7828148-v1-95980-18,svl_label,1,"Turdidae_Catharus_aurantiirostris,8",,
jeantet-dufourq-2023,annomate,zenodo.7828148-v1-95980-19,svl_label,1,"Turdidae_Catharus_aurantiirostris,8",,
jeantet-dufourq-2023,annomate,zenodo.7828148-v1-95980-20,svl_label,1,"Turdidae_Catharus_aurantiirostris,8",,
jeantet-dufourq-2023,annomate,zenodo.7828148-v1-97266-1,svl_label,1,"Fringillidae_Serinus_serinus,9",,
jeantet-dufourq-2023,annomate,zenodo.7828148-v1-97266-2,svl_label,1,"Fringillidae_Serinus_serinus,9",,
jeantet-dufourq-2023,annomate,zenodo.7828148-v1-97266-3,svl_label,1,"Fringillidae_Serinus_serinus,9",,
jeantet-dufourq-2023,annomate,zenodo.7828148-v1-97266-4,svl_label,1,"Fringillidae_Serinus_serinus,9",,
jeantet-dufourq-2023,annomate,zenodo.7828148-v1-97636-1,svl_label,1,"Turdidae_Catharus_aurantiirostris,8",,
jeantet-dufourq-2023,annomate,zenodo.7828148-v1-97636-2,svl_label,1,"Turdidae_Catharus_aurantiirostris,8",,
jeantet-dufourq-2023,annomate,zenodo.7828148-v1-97636-3,svl_label,1,"Turdidae_Catharus_aurantiirostris,8",,
jeantet-dufourq-2023,annomate,zenodo.7828148-v1-97636-4,svl_label,1,"Turdidae_Catharus_aurantiirostris,8",,
jeantet-dufourq-2023,annomate,zenodo.7828148-v1-97636-5,svl_label,1,"Turdidae_Catharus_aurantiirostris,8",,
jeantet-dufourq-2023,annomate,zenodo.7828148-v1-97636-6,svl_label,1,"Turdidae_Catharus_aurantiirostris,8",,
jeantet-dufourq-2023,annomate,zenodo.7828148-v1-97636-7,svl_label,1,"Turdidae_Catharus_aurantiirostris,8",,
jeantet-dufourq-2023,annomate,zenodo.7828148-v1-97636-8,svl_label,1,"Turdidae_Catharus_aurantiirostris,8",,
jeantet-dufourq-2023,annomate,zenodo.7828148-v1-97636-9,svl_label,1,"Turdidae_Catharus_aurantiirostris,8",,
jeantet-dufourq-2023,annomate,zenodo.7828148-v1-97636-10,svl_label,1,"Turdidae_Catharus_aurantiirostris,8",,
jeantet-dufourq-2023,annomate,zenodo.7828148-v1-97636-11,svl_label,1,"Turdidae_Catharus_aurantiirostris,8",,
jeantet-dufourq-2023,annomate,zenodo.7828148-v1-97636-12,svl_label,1,"Turdidae_Catharus_aurantiirostris,8",,
jeantet-dufourq-2023,annomate,zenodo.7828148-v1-99709-1,svl_label,1,"Fringillidae_Serinus_serinus,9",,
jeantet-dufourq-2023,annomate,zenodo.7828148-v1-99709-2,svl_label,1,"Fringillidae_Serinus_serinus,9",,
jeantet-dufourq-2023,annomate,zenodo.7828148-v1-99709-3,svl_label,1,"Fringillidae_Serinus_serinus,9",,
jeantet-dufourq-2023,annomate,zenodo.7828148-v1-99709-4,svl_label,1,"Fringillidae_Serinus_serinus,9",,
jeantet-dufourq-2023,annomate,zenodo.7828148-v1-99709-5,svl_label,1,"Fringillidae_Serinus_serinus,9",,
jeantet-dufourq-2023,annomate,zenodo.7828148-v1-99709-6,svl_label,1,"Fringillidae_Serinus_serinus,9",,
jeantet-dufourq-2023,annomate,zenodo.7828148-v1-99709-7,svl_label,1,"Fringillidae_Serinus_serinus,9",,
jeantet-dufourq-2023,annomate,zenodo.7828148-v1-99709-8,svl_label,1,"Fringillidae_Serinus_serinus,9",,
jeantet-dufourq-2023,annomate,zenodo.7828148-v1-99709-9,svl_label,1,"Fringillidae_Serinus_serinus,9",,
jeantet-dufourq-2023,annomate,zenodo.7828148-v1-99709-10,svl_label,1,"Fringillidae_Serinus_serinus,9",,
jeantet-dufourq-2023,annomate,zenodo.7828148-v1-99709-11,svl_label,1,"Fringillidae_Serinus_serinus,9",,
jeantet-dufourq-2023,annomate,zenodo.7828148-v1-99734-1,svl_label,1,"Paridae_Saxicola_rubicola,9",,
jeantet-dufourq-2023,annomate,zenodo.7828148-v1-99734-2,svl_label,1,"Paridae_Saxicola_rubicola,9",,
jeantet-dufourq-2023,annomate,zenodo.7828148-v1-99734-3,svl_label,1,"Paridae_Saxicola_rubicola,9",,
jeantet-dufourq-2023,annomate,zenodo.7828148-v1-99734-4,svl_label,1,"Paridae_Saxicola_rubicola,9",,
jeantet-dufourq-2023,annomate,zenodo.7828148-v1-99734-5,svl_label,1,"Paridae_Saxicola_rubicola,9",,
jeantet-dufourq-2023,annomate,zenodo.7828148-v1-99734-6,svl_label,1,"Paridae_Saxicola_rubicola,9",,
jeantet-dufourq-2023,annomate,zenodo.7828148-v1-99734-7,svl_label,1,"Paridae_Saxicola_rubicola,9",,
jeantet-dufourq-2023,annomate,zenodo.7828148-v1-99734-8,svl_label,1,"Paridae_Saxicola_rubicola,9",,
jeantet-dufourq-2023,annomate,zenodo.7828148-v1-99734-9,svl_label,1,"Paridae_Saxicola_rubicola,9",,
jeantet-dufourq-2023,annomate,zenodo.7828148-v1-99734-10,svl_label,1,"Paridae_Saxicola_rubicola,9",,
jeantet-dufourq-2023,annomate,zenodo.7828148-v1-99734-11,svl_label,1,"Paridae_Saxicola_rubicola,9",,
jeantet-dufourq-2023,annomate,zenodo.7828148-v1-99734-12,svl_label,1,"Paridae_Saxicola_rubicola,9",,
jeantet-dufourq-2023,annomate,zenodo.7828148-v1-99734-13,svl_label,1,"Paridae_Saxicola_rubicola,9",,
